adult,backdrop_path,genre_ids,id,title,original_language,original_title,overview,popularity,poster_path,release_date,softcore,video,vote_average,vote_count,budget,revenue,runtime,expected_revenue,disappointment_index,roi,release_year,release_month
False,/2I1OFQJ0L9T0dpU6FobKFWV2PxX.jpg,"[878, 12]",687163,Project Hail Mary,en,Project Hail Mary,"Science teacher Ryland Grace wakes up on a spaceship light years from home with no recollection of who he is or how he got there. As his memory returns, he begins to uncover his mission: solve the riddle of the mysterious substance causing the sun to die out. He must call on his scientific knowledge and unorthodox ideas to save everything on Earth from extinction.",417.1089,/yihdXomYb5kTeSivtFndMy5iDmf.jpg,2026-03-15,False,False,8.602,3681,200000000,668516856,157,500000000.0,1.337033712,2.34258428,2026,3
False,/9Z2uDYXqJrlmePznQQJhL6d92Rq.jpg,"[10751, 35, 12, 14, 16]",1226863,The Super Mario Galaxy Movie,en,The Super Mario Galaxy Movie,"Having thwarted Bowser's previous plot to marry Princess Peach, Mario and Luigi now face a fresh threat in Bowser Jr., who is determined to liberate his father from captivity and restore the family legacy. Alongside companions new and old, the brothers travel across the stars to stop the young heir's crusade.",332.9093,/eJGWx219ZcEMVQJhAgMiqo8tYY.jpg,2026-04-01,False,False,7.159,1083,110000000,967144200,98,275000000.0,3.516888,7.79222,2026,4
False,/wMrV8SLne1jHLeYS0lLrA1Tf86P.jpg,"[27, 9648]",1304313,Lee Cronin's The Mummy,en,Lee Cronin's The Mummy,"The young daughter of a journalist disappears into the desert without a trace—eight years later, the broken family is shocked when she is returned to them, as what should be a joyful reunion turns into a living nightmare.",303.3424,/1q308iixueCU4pFtSYugNOevtNx.jpg,2026-04-15,False,False,7.706,484,22000000,89191878,133,55000000.0,1.6216705090909092,3.0541762727272728,2026,4
False,/gkh6Nt8DtY1XT4gQsyFq9XAVJlJ.jpg,"[18, 35]",350,The Devil Wears Prada,en,The Devil Wears Prada,"A young woman from the Midwest gets more than she bargained for when she moves to New York to become a writer and ends up as the assistant to the tyrannical, larger-than-life editor-in-chief of a major fashion magazine.",257.6913,/8912AsVuS7Sj915apArUFbv6F9L.jpg,2006-06-29,False,False,7.415,13487,35000000,326588371,109,87500000.0,3.7324385257142856,8.331096314285714,2006,6
False,/6ELCZlTA5lGUops70hKdB83WJxH.jpg,"[28, 14, 12]",460465,Mortal Kombat,en,Mortal Kombat,"Washed-up MMA fighter Cole Young, unaware of his heritage, and hunted by Emperor Shang Tsung's best warrior, Sub-Zero, seeks out and trains with Earth's greatest champions as he prepares to stand against the enemies of Outworld in a high stakes battle for the universe.",159.5253,/ybrX94xQm8lXYpZAPRmwD9iIbWP.jpg,2021-04-07,False,False,7.025,6566,20000000,84426031,110,50000000.0,1.68852062,3.22130155,2021,4
False,/4EAAwpylq313qrDqpCxulUrXBNF.jpg,"[28, 14, 12]",931285,Mortal Kombat II,en,Mortal Kombat II,"The fan favorite champions—now joined by Johnny Cage himself—are pitted against one another in the ultimate, no-holds barred, gory battle to defeat the dark rule of Shao Kahn that threatens the very existence of the Earthrealm and its defenders.",156.8035,/lIsMeDbwntNXSUVHmWMMRXEZOVc.jpg,2026-05-06,False,False,6.931,224,80000000,106272756,116,200000000.0,0.53136378,0.32840945,2026,5
False,/iN41Ccw4DctL8npfmYg1j5Tr1eb.jpg,"[878, 12, 14]",83533,Avatar: Fire and Ash,en,Avatar: Fire and Ash,"In the wake of the devastating war against the RDA and the loss of their eldest son, Jake Sully and Neytiri face a new threat on Pandora: the Ash People, a violent and power-hungry Na'vi tribe led by the ruthless Varang. Jake's family must fight for their survival and the future of Pandora in a conflict that pushes them to their emotional and physical limits.",153.3,/aabwWZWx6z1aYP4PX2ADvbDKktd.jpg,2025-12-17,False,False,7.484,3100,350000000,1490477656,198,875000000.0,1.7034030354285714,3.2585075885714287,2025,12
False,/u53UYu5XG2hNgWGvs3xGhAVzypl.jpg,"[12, 16, 35, 10751, 878]",1327819,Hoppers,en,Hoppers,"Scientists have discovered how to 'hop' human consciousness into lifelike robotic animals, allowing people to communicate with animals as animals. Animal lover Mabel seizes an opportunity to use the technology, uncovering mysteries within the animal world beyond anything she could have imagined.",133.6249,/xjtWQ2CL1mpmMNwuU5HeS4Iuwuu.jpg,2026-03-04,False,False,8.1,1137,150000000,383146505,104,375000000.0,1.0217240133333334,1.5543100333333333,2026,3
False,/9dMp9t0d0nIGhiil8TyqChwiNwA.jpg,"[53, 27, 35]",1266127,Ready or Not: Here I Come,en,Ready or Not: Here I Come,"Moments after surviving an all-out attack from the Le Domas family, Grace discovers she’s reached the next level of the nightmarish game — and this time with her estranged sister Faith at her side. Grace has one chance to survive, keep her sister alive, and claim the High Seat of the Council that controls the world. Four rival families are hunting her for the throne, and whoever wins rules it all.",127.504,/13ZcJzSGEqVgDSqsS9U5EkQwPkV.jpg,2026-03-19,False,False,7.656,774,14000000,42212563,108,35000000.0,1.2060732285714286,2.0151830714285714,2026,3
False,/8qkDwjTFoLAwmYh2J9HMeIDRlxd.jpg,"[18, 9648]",249397,Nymphomaniac: Vol. II,en,Nymphomaniac: Vol. II,The continuation of Joe's sexually dictated life delves into the darker aspects of her adult life and what led to her being in Seligman's care.,113.6926,/iLUNqgNKuWn667kXCKztSxYbT3k.jpg,2013-12-25,False,False,6.709,3151,2350000,4934725,124,5875000.0,0.8399531914893617,1.0998829787234043,2013,12
False,/xBT0oNq6rsTFv4SxG5uGRIEOrq6.jpg,"[10402, 18]",936075,Michael,en,Michael,"The story of Michael Jackson, one of the most influential artists the world has ever known, and his life beyond the music. His journey from the discovery of his extraordinary talent as the lead of the Jackson Five, to the visionary artist whose creative ambition fueled a relentless pursuit to become the biggest entertainer in the world, highlighting both his life off-stage and some of the most iconic performances from his early solo career.",109.179,/tBtqTCimYm3DKck3t8A2mgJaKVK.jpg,2026-04-22,False,False,7.584,785,250000000,709545222,128,625000000.0,1.1352723552,1.838180888,2026,4
False,/tq3h43fZy0H80vzf47MAY7R9Mxo.jpg,"[16, 35, 10751]",1297842,GOAT,en,GOAT,"A small goat with big dreams gets a once-in-a-lifetime shot to join the pros and play roarball, a high-intensity, co-ed, full-contact sport dominated by the fastest, fiercest animals in the world.",109.0614,/wfuqMlaExcoYiUEvKfVpUTt1v4u.jpg,2026-02-11,False,False,8.1,632,90000000,193566330,100,225000000.0,0.8602948,1.150737,2026,2
False,/lgotja3xMoJZbynwHfcQcJAEMWH.jpg,"[12, 16, 35, 10751, 9648]",1084242,Zootopia 2,en,Zootopia 2,"After cracking the biggest case in Zootopia's history, rookie cops Judy Hopps and Nick Wilde find themselves on the twisting trail of a great mystery when Gary De'Snake arrives and turns the animal metropolis upside down. To crack the case, Judy and Nick must go undercover to unexpected new parts of town, where their growing partnership is tested like never before.",85.1868,/oJ7g2CifqpStmoYQyaLQgEU32qO.jpg,2025-11-26,False,False,7.637,2777,150000000,1868208796,108,375000000.0,4.981890122666667,11.454725306666667,2025,11
False,/nHxWyy18SvAZ8jJeemtS8k1UNjM.jpg,"[28, 80, 53]",1290821,Shelter,en,Shelter,"A man living in self-imposed exile on a remote island rescues a young girl from a violent storm, setting off a chain of events that forces him out of seclusion to protect her from enemies tied to his past.",80.9566,/buPFnHZ3xQy6vZEHxbHgL1Pc6CR.jpg,2026-01-28,False,False,7.505,964,50000000,53914725,107,125000000.0,0.4313178,0.0782945,2026,1
False,/y3fQa7pytlysovXzovpXc1OQlTW.jpg,"[35, 18]",1314481,The Devil Wears Prada 2,en,The Devil Wears Prada 2,"Andy Sachs returns to Runway as Miranda Priestly navigates a new media landscape and Runway's position within. The duo reconnect with former assistant Emily Charlton, now the head of a luxury brand that possesses funding which could ensure Runway's survival.",72.6272,/xTI42pmsP5EDnvsNJPEDubwWBQO.jpg,2026-04-29,False,False,6.7,607,100000000,547959735,119,250000000.0,2.19183894,4.47959735,2026,4
False,/gaKFXcB5J1gz0QqYj8bWIfrPc04.jpg,"[28, 878, 12]",1242898,Predator: Badlands,en,Predator: Badlands,"Cast out from his clan, a young Predator finds an unlikely ally in a damaged android and embarks on a treacherous journey in search of the ultimate adversary.",71.8839,/pHpq9yNUIo6aDoCXEBzjSolywgz.jpg,2025-11-05,False,False,7.729,2883,105000000,184500000,107,262500000.0,0.7028571428571428,0.7571428571428571,2025,11
False,/wns4x1GyxCudgOZRyhXKjXVJf3T.jpg,"[12, 53, 878]",840464,Greenland 2: Migration,en,Greenland 2: Migration,"Having found the safety of the Greenland bunker after the comet Clarke decimated the Earth, the Garrity family must now risk everything to embark on a perilous journey across the wasteland of Europe to find a new home.",65.9283,/z2tqCJLsw6uEJ8nJV8BsQXGa3dr.jpg,2026-01-07,False,False,6.414,1067,90000000,44856736,98,225000000.0,0.1993632711111111,-0.5015918222222222,2026,1
False,/2ssWTSVklAEc98frZUQhgtGHx7s.jpg,"[12, 18, 878]",157336,Interstellar,en,Interstellar,The adventures of a group of explorers who make use of a newly discovered wormhole to surpass the limitations on human space travel and conquer the vast distances involved in an interstellar voyage.,65.7895,/yQvGrMoipbRoddT0ZR8tPoR7NfX.jpg,2014-11-05,False,False,8.474,39742,165000000,746606706,169,412500000.0,1.8099556509090908,3.5248891272727274,2014,11
False,/qnTdOizsXBzYu3uIbfhHSfE29TE.jpg,"[28, 35, 27]",1292695,They Will Kill You,en,They Will Kill You,"A woman answers a help wanted ad to be a housekeeper in a mysterious New York City high-rise, unaware that she is entering a community that has seen a number of disappearances over the years and may be under the grip of a Satanic cult.",64.3527,/6oI4oQKTWMVUlr8Ivqydp28Ruu6.jpg,2026-03-25,False,False,6.934,541,20000000,18982152,94,50000000.0,0.37964304,-0.0508924,2026,3
False,/zTnAnYIn0Iv3cn0ZHlzLhou3ybm.jpg,"[9648, 53]",1368166,The Housemaid,en,The Housemaid,"Trying to escape her past, Millie Calloway accepts a job as a live-in housemaid for the wealthy Nina and Andrew Winchester. But what begins as a dream job quickly unravels into something far more dangerous—a sexy, seductive game of secrets, scandal, and power.",62.6851,/cWsBscZzwu5brg9YjNkGewRUvJX.jpg,2025-12-18,False,False,7.251,2136,35000000,399644671,131,87500000.0,4.567367668571428,10.418419171428571,2025,12
False,/fBh0OlTY5XSHuFrQ7ylXHniwg9s.jpg,"[27, 53, 35]",1198994,Send Help,en,Send Help,"Two colleagues become stranded on a deserted island, the only survivors of a plane crash. On the island, they must overcome past grievances and work together to survive, but ultimately, it's a battle of wills and wits to make it out alive.",61.6674,/mjkS2iAgWj3ik1DTjvI15nHZ7yl.jpg,2026-01-22,False,False,7.036,1498,40000000,94041481,113,100000000.0,0.94041481,1.351037025,2026,1
False,/nnmbJvYyDS1VkMOCbxSpdBi3WbJ.jpg,"[28, 18, 36]",1579,Apocalypto,en,Apocalypto,"Set in the Mayan civilization, when a man's idyllic presence is brutally disrupted by a violent invading force, he is taken on a perilous journey to a world ruled by fear and oppression where a harrowing end awaits him. Through a twist of fate and spurred by the power of his love for his woman and his family he will make a desperate break to return home and to ultimately save his way of life.",58.632,/cRY25Q32kDNPFDkFkxAs6bgCq3L.jpg,2006-12-07,False,False,7.617,6301,40000000,120654337,138,100000000.0,1.20654337,2.016358425,2006,12
False,/2OHa6ukEq3Hce7Pc2kvu8wkmMFY.jpg,"[28, 12, 53, 80, 18]",7451,xXx,en,xXx,"Xander Cage is your standard adrenaline junkie with no fear and a lousy attitude. When the US Government ""recruits"" him to go on a mission, he's not exactly thrilled. His mission: to gather information on an organization that may just be planning the destruction of the world, led by the nihilistic Yorgi.",56.9422,/xeEw3eLeSFmJgXZzmF2Efww0q3s.jpg,2002-08-09,False,False,5.989,4899,70000000,277448382,124,175000000.0,1.5854193257142857,2.963548314285714,2002,8
False,/zfbjgQE1uSd9wiPTX4VzsLi0rGG.jpg,"[18, 80]",278,The Shawshank Redemption,en,The Shawshank Redemption,"Imprisoned in the 1940s for the double murder of his wife and her lover, upstanding banker Andy Dufresne begins a new life at the Shawshank prison, where he puts his accounting skills to work for an amoral warden. During his long stretch in prison, Dufresne comes to be admired by the other inmates -- including an older prisoner named Red -- for his integrity and unquenchable sense of hope.",56.3465,/9cqNxx0GxF0bflZmeSMuL5tnGzr.jpg,1994-09-23,False,False,8.72,30367,25000000,28341469,142,62500000.0,0.453463504,0.13365876,1994,9
False,/9BBTo63ANSmhC4e6r62OJFuK2GL.jpg,"[878, 28, 12]",24428,The Avengers,en,The Avengers,"When an unexpected enemy emerges and threatens global safety and security, Nick Fury, director of the international peacekeeping agency known as S.H.I.E.L.D., finds himself in need of a team to pull the world back from the brink of disaster. Spanning the globe, a daring recruitment effort begins!",53.0364,/RYMX2wcKCBAr24UyPD7xwmjaTn.jpg,2012-04-25,False,False,8.027,37912,220000000,1518815515,143,550000000.0,2.7614827545454546,5.903706886363636,2012,4
False,/52AkwEfQiJl2HuTPMZ2yC5Bdr9I.jpg,"[80, 53]",1171145,Crime 101,en,Crime 101,"When an elusive thief whose high-stakes heists unfold along the iconic 101 freeway in Los Angeles eyes the score of a lifetime, with hopes of this being his final job, his path collides with a disillusioned insurance broker who is facing her own crossroads. Determined to crack the case, a relentless detective closes in on the operation, raising the stakes even higher.",50.4484,/tVvpFIoteRHNnoZMhdnwIVwJpCA.jpg,2026-02-11,False,False,6.963,968,90000000,72896630,141,225000000.0,0.3239850222222222,-0.19003744444444445,2026,2
False,/t9J2HXaDuJR7bvIG9XF7mttn4VY.jpg,"[27, 9648, 80]",1159559,Scream 7,en,Scream 7,"When a new Ghostface killer emerges in the quiet town where Sidney Prescott has built a new life, her darkest fears are realized as her daughter becomes the next target. Determined to protect her family, Sidney must face the horrors of her past to put an end to the bloodshed once and for all.",50.3079,/jjyuk0edLiW8vOSnlfwWCCLpbh5.jpg,2026-02-25,False,False,6.13,910,45000000,213835967,114,112500000.0,1.900764151111111,3.7519103777777776,2026,2
False,/5GfUh2UNYlvvHUBQWx5XiHvwx1E.jpg,[18],258216,Nymphomaniac: Vol. I,en,Nymphomaniac: Vol. I,"A man named Seligman finds a fainted wounded woman in an alley and he brings her home. She tells him that her name is Joe and that she is nymphomaniac. Joe tells her life and sexual experiences with hundreds of men since she was a young teenager while Seligman tells about his hobbies, such as fly fishing, reading about Fibonacci numbers or listening to organ music.",44.9296,/piikL8vRh3s1ysHGTIqaZpdjfNU.jpg,2013-12-25,False,False,6.849,3643,2350000,13545832,118,5875000.0,2.3056735319148935,4.764183829787234,2013,12
False,/mxdiaM2tsx8M6W3zLgiPwAkhQfq.jpg,"[18, 10749]",744275,After We Fell,en,After We Fell,"Just as Tessa's life begins to become unglued, nothing is what she thought it would be. Not her friends nor her family. The only person that she should be able to rely on is Hardin, who is furious when he discovers the massive secret that she's been keeping. Before Tessa makes the biggest decision of her life, everything changes because of revelations about her family.",43.0993,/dU4HfnTEJDf9KvxGS9hgO7BVeju.jpg,2021-09-01,False,False,7.003,2735,14000000,21753705,99,35000000.0,0.6215344285714286,0.5538360714285714,2021,9
False,/8zLS8p1tRyWFLRFfmgQq0j5WE6z.jpg,"[12, 28, 14]",564,The Mummy,en,The Mummy,Dashing legionnaire Rick O'Connell stumbles upon the hidden ruins of Hamunaptra while in the midst of a battle to claim the area in 1920s Egypt. It has been over three thousand years since former High Priest Imhotep suffered a fate worse than death as a punishment for a forbidden love—along with a curse that guarantees eternal doom upon the world if he is ever awoken.,42.1547,/yhIsVvcUm7QxzLfT6HW2wLf5ajY.jpg,1999-04-16,False,False,6.97,9967,80000000,415885488,124,200000000.0,2.07942744,4.1985686,1999,4
False,/9n2tJBplPbgR2ca05hS5CKXwP2c.jpg,"[10751, 35, 12, 14, 16]",502356,The Super Mario Bros. Movie,en,The Super Mario Bros. Movie,"While working underground to fix a water main, Brooklyn plumbers—and brothers—Mario and Luigi are transported down a mysterious pipe and wander into a magical new world. But when the brothers are separated, Mario embarks on an epic quest to find Luigi.",41.8481,/qNBAXBIQlnOThrVvA6mA2B5ggV6.jpg,2023-04-05,False,False,7.6,10686,100000000,1360879735,93,250000000.0,5.44351894,12.60879735,2023,4
False,/mDfJG3LC3Dqb67AZ52x3Z0jU0uB.jpg,"[12, 28, 878]",299536,Avengers: Infinity War,en,Avengers: Infinity War,"As the Avengers and their allies have continued to protect the world from threats too large for any one hero to handle, a new danger has emerged from the cosmic shadows: Thanos. A despot of intergalactic infamy, his goal is to collect all six Infinity Stones, artifacts of unimaginable power, and use them to inflict his twisted will on all of reality. Everything the Avengers have fought for has led up to this moment - the fate of Earth and existence itself has never been more uncertain.",41.5771,/7WsyChQLEftFiDOVTGkv3hFpyyt.jpg,2018-04-25,False,False,8.235,31940,300000000,2052415039,149,750000000.0,2.7365533853333335,5.841383463333333,2018,4
False,/i8MupUe4xgmYXoRNAQMYvuoexSU.jpg,[27],1038392,The Conjuring: Last Rites,en,The Conjuring: Last Rites,Paranormal investigators Ed and Lorraine Warren take on one last terrifying case involving mysterious entities they must confront.,41.3948,/byWgphT74ClOVa8EOGzYDkl8DVL.jpg,2025-09-03,False,False,6.898,1812,55000000,499256445,136,137500000.0,3.6309559636363637,8.07738990909091,2025,9
False,/AaV1YIdWKnjAIAOe8UUKBFm327v.jpg,"[28, 18]",361743,Top Gun: Maverick,en,Top Gun: Maverick,"After more than thirty years of service as one of the Navy’s top aviators, and dodging the advancement in rank that would ground him, Pete “Maverick” Mitchell finds himself training a detachment of TOP GUN graduates for a specialized mission the likes of which no living pilot has ever seen.",40.3544,/n0YuM4f5lvGAP6MAW2kBIzugXnc.jpg,2022-05-21,False,False,8.157,10922,170000000,1488732821,131,425000000.0,3.502900755294118,7.757251888235294,2022,5
False,/8ZTVqvKDQ8emSGUEMjsS4yHAwrp.jpg,"[28, 878, 12]",27205,Inception,en,Inception,"Cobb, a skilled thief who commits corporate espionage by infiltrating the subconscious of his targets is offered a chance to regain his old life as payment for a task considered to be impossible: ""inception"", the implantation of another person's idea into a target's subconscious.",40.1296,/xlaY2zyzMfkhk0HSC5VUwzoZPU1.jpg,2010-07-15,False,False,8.372,39213,160000000,839030630,148,400000000.0,2.097576575,4.2439414375,2010,7
False,/hHDNOlATHhre4eZ7aYz5cdyJLik.jpg,"[27, 53, 878]",1272837,28 Years Later: The Bone Temple,en,28 Years Later: The Bone Temple,Dr. Kelson finds himself in a shocking new relationship - with consequences that could change the world as they know it - and Spike's encounter with Jimmy Crystal becomes a nightmare he can't escape.,39.4792,/kK1BGkG3KAvWB0WMV1DfOx9yTMZ.jpg,2026-01-14,False,False,7.12,1190,63000000,58522222,109,157500000.0,0.3715696634920635,-0.07107584126984128,2026,1
False,/tlm8UkiQsitc8rSuIAscQDCnP8d.jpg,"[28, 878]",603,The Matrix,en,The Matrix,"Set in the 22nd century, The Matrix tells the story of a computer hacker who joins a group of underground insurgents fighting the vast and powerful computers who now rule the earth.",38.4648,/aOIuZAjPaRIE6CMzbazvcHuHXDc.jpg,1999-03-31,False,False,8.2,27851,63000000,463517383,136,157500000.0,2.942967511111111,6.357418777777778,1999,3
False,/vSQSYd2zZTqc0zmHImwWEGGluMI.jpg,"[10749, 18]",1316092,"""Wuthering Heights""",en,"""Wuthering Heights""","Tragedy strikes when Heathcliff falls in love with Catherine Earnshaw, a woman from a wealthy family in 18th-century England.",38.2931,/3YBce6dTh1D5oCMITXk2S5QhPt.jpg,2026-02-11,False,False,6.648,985,80000000,241701072,136,200000000.0,1.20850536,2.0212634,2026,2
False,/w3Bi0wygeFQctn6AqFTwhGNXRwL.jpg,"[14, 10402, 35, 16]",803796,KPop Demon Hunters,en,KPop Demon Hunters,"When K-pop superstars Rumi, Mira and Zoey aren't selling out stadiums, they're using their secret powers to protect their fans from supernatural threats.",37.921,/zT7Lhw3BhJbMkRqm9Zlx2YGMsY0.jpg,2025-06-20,False,False,8.025,2771,100000000,24619953,96,250000000.0,0.098479812,-0.75380047,2025,6
False,/rZWkXnIyTLzUJpHSUpOb7vgB0BL.jpg,"[28, 18]",911430,F1,en,F1,Racing legend Sonny Hayes is coaxed out of retirement to lead a struggling Formula 1 team—and mentor a young hotshot driver—while chasing one more chance at glory.,37.9013,/vqBmyAj0Xm9LnS1xe1MSlMAJyHq.jpg,2025-06-25,False,False,7.769,3921,250000000,631627111,156,625000000.0,1.0106033776,1.526508444,2025,6
False,/dHSz0tSFuO2CsXJ1CApSauP9Ncl.jpg,"[80, 53]",425274,Now You See Me: Now You Don't,en,Now You See Me: Now You Don't,"The original Four Horsemen reunite with a new generation of illusionists to take on powerful diamond heiress Veronika Vanderberg, who leads a criminal empire built on money laundering and trafficking. The new and old magicians must overcome their differences to work together on their most ambitious heist yet.",37.5855,/oD3Eey4e4Z259XLm3eD3WGcoJAh.jpg,2025-11-12,False,False,6.512,1492,90000000,242431024,113,225000000.0,1.0774712177777779,1.6936780444444444,2025,11
False,/cz4vLJrmaV1zJlRYbxqtvLzeLWB.jpg,"[28, 35, 80, 9648]",1168190,The Wrecking Crew,en,The Wrecking Crew,"Estranged half-brothers Jonny and James reunite after their father's mysterious death. As they search for the truth, buried secrets reveal a conspiracy threatening to tear their family apart.",34.7131,/gbVwHl4YPSq6BcC92TQpe7qUTh6.jpg,2026-01-28,False,False,6.933,993,78500000,89000000,125,196250000.0,0.4535031847133758,0.1337579617834395,2026,1
False,/rw1WmxUvmbwRsbAX12m6toIg04j.jpg,"[10749, 35, 18]",1325734,The Drama,en,The Drama,A happily engaged couple is put to the test when an unexpected turn sends their wedding week off the rails.,34.1605,/yPV87cvDabRMTZs6NIbZLOufBLR.jpg,2026-03-26,False,False,6.932,784,28000000,125867075,105,70000000.0,1.7981010714285715,3.4952526785714286,2026,3
False,/2u7zbn8EudG6kLlBzUYqP8RyFU4.jpg,"[12, 14, 28]",122,The Lord of the Rings: The Return of the King,en,The Lord of the Rings: The Return of the King,"As armies mass for a final battle that will decide the fate of the world--and powerful, ancient forces of Light and Dark compete to determine the outcome--one member of the Fellowship of the Ring is revealed as the noble heir to the throne of the Kings of Men. Yet, the sole hope for triumph over evil lies with a brave hobbit, Frodo, who, accompanied by his loyal friend Sam and the hideous, wretched Gollum, ventures deep into the very dark heart of Mordor on his seemingly impossible quest to destroy the Ring of Power.​",34.0175,/rCzpDGLbOoPwLjy3OAm5NUPOTrC.jpg,2003-12-17,False,False,8.498,26499,94000000,1118888979,201,235000000.0,4.7612296978723405,10.903074244680852,2003,12
False,/cfT29Im5VDvjE0RpyKOSdCKZal7.jpg,"[28, 80, 53]",155,The Dark Knight,en,The Dark Knight,"Batman raises the stakes in his war on crime. With the help of Lt. Jim Gordon and District Attorney Harvey Dent, Batman sets out to dismantle the remaining criminal organizations that plague the streets. The partnership proves to be effective, but they soon find themselves prey to a reign of chaos unleashed by a rising criminal mastermind known to the terrified citizens of Gotham as the Joker.",33.7335,/qJ2tW6WMUDux911r6m7haRef0WH.jpg,2008-07-16,False,False,8.53,35736,185000000,1004558444,152,462500000.0,2.1720182572972973,4.430045643243243,2008,7
False,/a0lfia8tk8ifkrve0Tn8wkISUvs.jpg,"[12, 14, 28]",120,The Lord of the Rings: The Fellowship of the Ring,en,The Lord of the Rings: The Fellowship of the Ring,"Young hobbit Frodo Baggins, after inheriting a mysterious ring from his uncle Bilbo, must leave his home in order to keep it from falling into the hands of its evil creator. Along the way, a fellowship is formed to protect the ringbearer and make sure that the ring arrives at its final destination: Mt. Doom, the only place where it can be destroyed.",33.5997,/6oom5QYQ2yQTMJIbnvbkBL9cHo6.jpg,2001-12-18,False,False,8.4,27507,93000000,871368364,179,232500000.0,3.7478209204301076,8.369552301075268,2001,12
False,/be5SIsRGMckO8tU9lrLcIik70Dy.jpg,"[27, 14, 10749]",1246049,Dracula,fr,Dracula,"In late 15th-century Eastern Europe, Prince Vlad II’s bride is brutally murdered. As a result, he renounces God and damns Heaven itself. Cursed with eternal life, Vlad is reborn as Dracula, an immortal warlord who defies fate in a blood-soaked crusade to wrench his lost love back from death.",33.4594,/dYRqA50yd0nB3qBR7AtWEJJQ8q.jpg,2025-07-30,False,False,7.108,1184,52000000,42404858,130,130000000.0,0.3261912153846154,-0.18452196153846154,2025,7
False,/6NQqojkmxGe3sxs9bNx6Mi9BuOd.jpg,[18],184314,Young & Beautiful,fr,Jeune & Jolie,"Isabelle, a 17-year-old student, loses her virginity during a quick holiday romance. When she returns home, she begins a secret life as a prostitute for a year.",33.2566,/4RSjzqKIqL5g2OxVIEZQ6ksP1MW.jpg,2013-08-21,False,False,6.5,1323,4650000,9757417,95,11625000.0,0.8393476989247312,1.098369247311828,2013,8
False,/ihIVjdiuvtVuFUaCqfNJwajIs3i.jpg,"[14, 10402]",13192,Moonwalker,en,Moonwalker,This fantastical movie inspired by the music of Michael Jackson features imaginative interpretations of hit tracks from the iconic 1987 album “Bad”.,33.1196,/3GwTPQkAcgDeAirRpEuJG8HDdRz.jpg,1988-10-29,False,False,7.039,641,22000000,67000000,93,55000000.0,1.2181818181818183,2.0454545454545454,1988,10
False,/mqAuLsN6oOme6lSKoTb6yyP4U8E.jpg,"[10402, 99]",13576,This Is It,en,This Is It,"A compilation of interviews, rehearsals and backstage footage of Michael Jackson as he prepared for his series of sold-out shows in London.",32.9702,/8GvQzHFSqr9KhyVxLEpB5dXPOWG.jpg,2009-10-28,False,False,7.29,1028,60000000,261200000,111,150000000.0,1.7413333333333334,3.3533333333333335,2009,10
False,/40Wtp7kMG6mZ4d5T1jfrd8qrvD4.jpg,"[16, 35, 14, 12, 10751]",808,Shrek,en,Shrek,"It ain't easy bein' green -- especially if you're a likable (albeit smelly) ogre named Shrek. On a mission to retrieve a gorgeous princess from the clutches of a fire-breathing dragon, Shrek teams up with an unlikely compatriot -- a wisecracking donkey.",32.9463,/iB64vpL3dIObOtMZgX3RqdVdQDc.jpg,2001-05-18,False,False,7.761,18722,60000000,488977919,90,150000000.0,3.259852793333333,7.149631983333333,2001,5
False,/zNriRTr0kWwyaXPzdg1EIxf0BWk.jpg,"[878, 12, 28]",1234821,Jurassic World Rebirth,en,Jurassic World Rebirth,"Five years after the events of Jurassic World Dominion, covert operations expert Zora Bennett is contracted to lead a skilled team on a top-secret mission to secure genetic material from the world's three most massive dinosaurs. When Zora's operation intersects with a civilian family whose boating expedition was capsized, they all find themselves stranded on an island where they come face-to-face with a sinister, shocking discovery that's been hidden from the world for decades.",32.4247,/1RICxzeoNCAO5NpcRMIgg1XT6fm.jpg,2025-07-01,False,False,6.266,3321,180000000,869146189,134,450000000.0,1.9314359755555555,3.828589938888889,2025,7
False,/swxhEJsAWms6X1fDZ4HdbvYBSf9.jpg,"[12, 35, 27]",1234731,Anaconda,en,Anaconda,"A group of friends facing mid-life crises head to the rainforest with the intention of remaking their favorite movie from their youth, only to find themselves in a fight for their lives against natural disasters, giant snakes and violent criminals.",32.0301,/hBxN6dwrANN1ic3a4G9x6JZcR3C.jpg,2025-12-24,False,False,5.883,1141,45000000,135148320,100,112500000.0,1.2013184,2.003296,2025,12
False,/1XAC6RPT01UX9EQGy2JVn5c8pgy.jpg,"[12, 14]",671,Harry Potter and the Philosopher's Stone,en,Harry Potter and the Philosopher's Stone,"Harry Potter has lived under the stairs at his aunt and uncle's house his whole life. But on his 11th birthday, he learns he's a powerful wizard—with a place waiting for him at the Hogwarts School of Witchcraft and Wizardry. As he learns to harness his newfound powers with the help of the school's kindly headmaster, Harry uncovers the truth about his parents' deaths—and about the villain who's to blame.",32.0257,/wuMc08IPKEatf9rnMNXvIDxqP4W.jpg,2001-11-16,False,False,7.898,29524,125000000,976475550,152,312500000.0,3.12472176,6.8118044,2001,11
False,/zD5v1E4joAzFvmAEytt7fM3ivyT.jpg,"[28, 12, 878]",634649,Spider-Man: No Way Home,en,Spider-Man: No Way Home,"Peter Parker is unmasked and no longer able to separate his normal life from the high-stakes of being a super-hero. When he asks for help from Doctor Strange the stakes become even more dangerous, forcing him to discover what it truly means to be Spider-Man.",31.9846,/1g0dhYtq4irTY1GPXvft6k4YLjm.jpg,2021-12-15,False,False,7.934,21951,200000000,1921847111,148,500000000.0,3.843694222,8.609235555,2021,12
False,/7RyHsO4yDXtBv1zUU3mTpHeQ0d5.jpg,"[12, 878, 28]",299534,Avengers: Endgame,en,Avengers: Endgame,"After the devastating events of Avengers: Infinity War, the universe is in ruins due to the efforts of the Mad Titan, Thanos. With the help of remaining allies, the Avengers must assemble once more in order to undo Thanos' actions and restore order to the universe once and for all, no matter what consequences may be in store.",31.8869,/ulzhLuWrPK07P1YkdWQLZnQh1JL.jpg,2019-04-24,False,False,8.236,27702,356000000,2799439100,181,890000000.0,3.145437191011236,6.86359297752809,2019,4
False,/19EpgKZDkLIwY1TI1pjBJtQ5qdr.jpg,"[28, 14, 878]",9823,Mortal Kombat: Annihilation,en,Mortal Kombat: Annihilation,"A group of heroic warriors has only six days to save the planet in ""Mortal Kombat Annihilation."" To succeed they must survive the most spectacular series of challenges any human, or god, has ever encountered as they battle an evil warlord bent on taking control of Earth.",31.5052,/ttryglcY2osWZE3sRYBf3ewTZsW.jpg,1997-11-11,False,False,4.542,1331,30000000,51376861,95,75000000.0,0.6850248133333333,0.7125620333333333,1997,11
False,/xV1EfNSEg6id6juJPr1vM6p9x5X.jpg,"[18, 53, 80]",979,Irreversible,fr,Irréversible,A woman’s lover and her ex-boyfriend take justice into their own hands after she becomes the victim of a rapist. Because some acts can’t be undone. Because man is an animal. Because the desire for vengeance is a natural impulse. Because most crimes remain unpunished.,31.3445,/rxeDxo8FvZpLu6iplNpxdtAVnfu.jpg,2002-05-22,False,False,7.184,3280,3500000,6500000,93,8750000.0,0.7428571428571429,0.8571428571428571,2002,5
False,/krhj4Fhb0G3QCmyBtEADxgFFmRX.jpg,"[18, 10749]",11012,Damage,en,Damage,The life of a respected British politician at the height of his career crumbles when he becomes obsessed with his son's lover.,30.808,/alf3JOPP7EYP0iO24gwe5YfRnqo.jpg,1992-12-02,False,False,6.6,674,11000000,31000000,111,27500000.0,1.1272727272727272,1.8181818181818181,1992,12
False,/ifHgVh5c7B3mbq5CfkzwsyMRmpG.jpg,"[10749, 18, 35]",11013,Secretary,en,Secretary,"A young woman, recently released from a mental hospital, gets a job as a secretary to a demanding lawyer, where their employer-employee relationship turns into a sexual, sadomasochistic one.",30.7468,/mdRXSE7ho185SZlXj0JSwuecEd3.jpg,2002-09-20,False,False,6.796,1904,4000000,9300000,111,10000000.0,0.93,1.325,2002,9
False,/i5H7zusQGsysGQ8i6P361Vnr0n2.jpg,"[80, 9648, 53]",807,Se7en,en,Se7en,"Two homicide detectives are on a desperate hunt for a serial killer whose crimes are based on the ""seven deadly sins"" in this dark and haunting film that takes viewers from the tortured remains of one victim to the next. The seasoned Det. Somerset researches each sin in an effort to get inside the killer's mind, while his novice partner, Mills, scoffs at his efforts to unravel the case.",30.542,/191nKfP0ehp3uIvWqgPbFmI4lv9.jpg,1995-09-22,False,False,8.381,23041,33000000,327311859,127,82500000.0,3.967416472727273,8.918541181818181,1995,9
False,/xnHVX37XZEp33hhCbYlQFq7ux1J.jpg,"[18, 10749]",597,Titanic,en,Titanic,"101-year-old Rose DeWitt Bukater tells the story of her life aboard the Titanic, 84 years later. A young Rose boards the ship with her mother and fiancé. Meanwhile, Jack Dawson and Fabrizio De Rossi win third-class tickets aboard the ship. Rose tells the whole story from Titanic's departure through to its death—on its first and last voyage—on April 15, 1912.",30.3293,/9xjZS2rlVxm8SFx8kPC3aIGCOYQ.jpg,1997-12-18,False,False,7.903,27118,200000000,2264162353,194,500000000.0,4.528324706,10.320811765,1997,12
False,/ufpeVEM64uZHPpzzeiDNIAdaeOD.jpg,"[28, 35, 878]",533535,Deadpool & Wolverine,en,Deadpool & Wolverine,"A listless Wade Wilson toils away in civilian life with his days as the morally flexible mercenary, Deadpool, behind him. But when his homeworld faces an existential threat, Wade must reluctantly suit-up again with an even more reluctant Wolverine.",30.1356,/8cdWjvZQUExUUTzyp4t6EDMubfO.jpg,2024-07-24,False,False,7.563,8615,200000000,1338073645,128,500000000.0,2.67614729,5.690368225,2024,7
False,/v0NEB75SZjxY8GS3ho8WeEvjIT3.jpg,"[9648, 18, 27]",680493,Return to Silent Hill,en,Return to Silent Hill,"When James receives a mysterious letter from his lost love Mary, he is drawn to Silent Hill—a once-familiar town now consumed by darkness. As he searches for her, James faces monstrous creatures and unravels a terrifying truth that will push him to the edge of his sanity.",29.6879,/mdw7bSnE11WpwWf3ViXtnavuqiT.jpg,2026-01-21,False,False,5.339,530,23000000,47976996,106,57500000.0,0.8343825391304348,1.085956347826087,2026,1
False,/xRyINp9KfMLVjRiO5nCsoRDdvvF.jpg,"[18, 53]",550,Fight Club,en,Fight Club,"A ticking-time-bomb insomniac and a slippery soap salesman channel primal male aggression into a shocking new form of therapy. Their concept catches on, with underground ""fight clubs"" forming in every town, until an eccentric gets in the way and ignites an out-of-control spiral toward oblivion.",29.6763,/jSziioSwPVrOy9Yow3XhWIBDjq1.jpg,1999-10-15,False,False,8.438,31998,63000000,100853753,139,157500000.0,0.6403412888888889,0.6008532222222223,1999,10
False,/hofnlIyF6bePkgQOpcuRWLvzf15.jpg,"[16, 10751, 14]",14836,Coraline,en,Coraline,"Wandering her rambling old house in her boring new town, 11-year-old Coraline discovers a hidden door to a strangely idealized version of her life. In order to stay in the fantasy, she must make a frighteningly real sacrifice.",29.4732,/4jeFXQYytChdZYE9JYO7Un87IlW.jpg,2009-02-05,False,False,7.904,8941,60000000,185860104,100,150000000.0,1.23906736,2.0976684,2009,2
False,/mQZJoIhTEkNhCYAqcHrQqhENLdu.jpg,"[10751, 16, 878, 12]",1184918,The Wild Robot,en,The Wild Robot,"After a shipwreck, an intelligent robot called Roz is stranded on an uninhabited island. To survive the harsh environment, Roz bonds with the island's animals and cares for an orphaned baby goose.",29.1059,/eG9lz41mJqsI4J6ubMtVqD26q2J.jpg,2024-09-12,False,False,8.308,6055,78000000,331982078,102,195000000.0,1.702472194871795,3.256180487179487,2024,9
False,/p5ozvmdgsmbWe0H8Xk7Rc8SCwAB.jpg,"[16, 12, 35, 10751]",1022789,Inside Out 2,en,Inside Out 2,"Teenager Riley's mind headquarters is undergoing a sudden demolition to make room for something entirely unexpected: new Emotions! Joy, Sadness, Anger, Fear and Disgust, who’ve long been running a successful operation by all accounts, aren’t sure how to feel when Anxiety shows up. And it looks like she’s not alone.",28.6654,/vpnVM9B6NMmQpWeZvzLvDESb2QY.jpg,2024-06-11,False,False,7.545,6665,200000000,1698863816,97,500000000.0,3.397727632,7.49431908,2024,6
False,/b6HWTOxn1xevvyHU2K9ICvaRU6g.jpg,"[14, 18, 80]",497,The Green Mile,en,The Green Mile,"A supernatural tale set on death row in a Southern prison, where gentle giant John Coffey possesses the mysterious power to heal people's ailments. When the cell block's head guard, Paul Edgecomb, recognizes Coffey's miraculous gift, he tries desperately to help stave off the condemned man's execution.",28.3706,/8VG8fDNiy50H4FedGwdSVUPoaJe.jpg,1999-12-10,False,False,8.506,19230,60000000,286801374,189,150000000.0,1.91200916,3.7800229,1999,12
False,/kGzFbGhp99zva6oZODW5atUtnqi.jpg,"[18, 80]",240,The Godfather Part II,en,The Godfather Part II,"In the continuing saga of the Corleone crime family, a young Vito Corleone grows up in Sicily and in 1910s New York. In the 1950s, Michael Corleone attempts to expand the family business into Las Vegas, Hollywood and Cuba.",28.3225,/hek3koDUyRQk7FIhPXsa6mT2Zc3.jpg,1974-12-20,False,False,8.571,13894,13000000,102600000,202,32500000.0,3.1569230769230767,6.892307692307693,1974,12
False,/66Kn4XWhkuPkJxOJyPEx4U2CUfN.jpg,"[35, 18, 10749]",13,Forrest Gump,en,Forrest Gump,"A man with a low IQ has accomplished great things in his life and been present during significant historic events—in each case, far exceeding what anyone imagined he could do. But despite all he has achieved, his one true love eludes him.",28.0369,/Cw4hIUIAmSYfK9QfaUW5igp9La.jpg,1994-06-23,False,False,8.465,29714,55000000,677387716,142,137500000.0,4.926456116363636,11.316140290909091,1994,6
False,/fVpFOcQyHJM2di9upgSIwWD5wac.jpg,"[27, 53, 28, 12]",396535,Train to Busan,ko,부산행,"When a zombie virus pushes Korea into a state of emergency, those trapped on an express train to Busan must fight for their own survival.",28.0315,/vNVFt6dtcqnI7hqa6LFBUibuFiw.jpg,2016-07-20,False,False,7.748,8341,8500000,87547518,118,21250000.0,4.1198832,9.299708,2016,7
False,/aHj7d7wSLqrg5cjAcgHhiGr97Ih.jpg,"[28, 53, 878]",798645,The Running Man,en,The Running Man,"Desperate to save his sick daughter, working-class Ben Richards is convinced by The Running Man's charming but ruthless producer to enter the deadly competition game as a last resort. But Ben's defiance, instincts, and grit turn him into an unexpected fan favorite — and a threat to the entire system. As ratings skyrocket, so does the danger, and Ben must outwit not just the Hunters, but a nation addicted to watching him fall.",27.9524,/dKL78O9zxczVgjtNcQ9UkbYLzqX.jpg,2025-11-11,False,False,6.778,1527,110000000,69486523,134,275000000.0,0.25267826545454547,-0.36830433636363635,2025,11
False,/eU7IfdWq8KQy0oNd4kKXS0QUR08.jpg,"[878, 12, 28]",1061474,Superman,en,Superman,"Superman, a journalist in Metropolis, embarks on a journey to reconcile his Kryptonian heritage with his human upbringing as Clark Kent.",27.9348,/ldyfo0BKmz5rWtJJKCvwaNS4cJT.jpg,2025-07-09,False,False,7.338,4751,225000000,618723803,130,562500000.0,1.0999534275555556,1.749883568888889,2025,7
False,/neeNHeXjMF5fXoCJRsOmkNGC7q.jpg,"[18, 36]",872585,Oppenheimer,en,Oppenheimer,The story of J. Robert Oppenheimer's role in the development of the atomic bomb during World War II.,27.8114,/8Gxv8gSFCU0XGDykEGv7zR1n2ua.jpg,2023-07-19,False,False,8.032,11744,100000000,952000000,181,250000000.0,3.808,8.52,2023,7
False,/4MCKNAc6AbWjEsM2h9Xc29owo4z.jpg,"[28, 80, 53]",866398,The Beekeeper,en,The Beekeeper,One man's campaign for vengeance takes on national stakes after he is revealed to be a former operative of a powerful and clandestine organization known as Beekeepers.,27.4431,/A7EByudX0eOzlkQ2FIbogzyazm2.jpg,2024-01-08,False,False,7.246,4193,35000000,162619535,106,87500000.0,1.8585089714285714,3.6462724285714287,2024,1
False,/nAxGnGHOsfzufThz20zgmRwKur3.jpg,"[27, 28, 53]",1233413,Sinners,en,Sinners,"Trying to leave their troubled lives behind, twin brothers return to their hometown to start again, only to discover that an even greater evil is waiting to welcome them back.",27.3068,/fWPgbnt2LSqkQ6cdQc0SZN9CpLm.jpg,2025-04-16,False,False,7.487,4497,90000000,369425281,138,225000000.0,1.6418901377777777,3.1047253444444443,2025,4
False,/tPpYGm2mVecue7Bk3gNVoSPA5qn.jpg,"[28, 12, 878]",315635,Spider-Man: Homecoming,en,Spider-Man: Homecoming,"Following the events of Captain America: Civil War, Peter Parker, with the help of his mentor Tony Stark, tries to balance his life as an ordinary high school student in Queens, New York City, with fighting crime as his superhero alter ego Spider-Man as a new threat, the Vulture, emerges.",27.158,/c24sv2weTHPsmDa7jEMN0m2P3RT.jpg,2017-07-05,False,False,7.331,23130,175000000,880978185,133,437500000.0,2.013664422857143,4.034161057142857,2017,7
False,/9tOkjBEiiGcaClgJFtwocStZvIT.jpg,"[16, 12, 10751, 35]",269149,Zootopia,en,Zootopia,"Determined to prove herself, Officer Judy Hopps, the first bunny on Zootopia's police force, jumps at the chance to crack her first case - even if it means partnering with scam-artist fox Nick Wilde to solve the mystery.",26.527,/hlK0e0wAQ3VLuJcsfIYPvb4JVud.jpg,2016-02-11,False,False,7.76,18046,150000000,1025521689,109,375000000.0,2.734724504,5.83681126,2016,2
False,/7s7WkAFPBsMTprYMbqbgKoppQsR.jpg,"[12, 28, 14]",1734,The Mummy Returns,en,The Mummy Returns,"Rick and Evelyn O’Connell, along with their 8-year-old son Alex, discover the key to the legendary Scorpion King’s might: the fabled Bracelet of Anubis. Unfortunately, a newly resurrected Imhotep has designs on the bracelet as well, and isn’t above kidnapping its new bearer, Alex, to gain control of Anubis’s otherworldly army.",26.3292,/kdJsW7hcy1lrj7tdMPycTAQPAiR.jpg,2001-05-04,False,False,6.4,7654,98000000,443280904,130,245000000.0,1.809309812244898,3.523274530612245,2001,5
False,/fPfDB0IHOqvmKIzFP9CA51OOS1N.jpg,"[27, 53]",1010755,The Strangers: Chapter 3,en,The Strangers: Chapter 3,"Tethered by a frightening conclusion, Maya and the Strangers are locked on an unavoidable, unforgiving collision course — a showdown that proves they’re far from strangers now.",25.6822,/yPHwX78mcwJw3I6YOJ9qh2wQBFr.jpg,2026-02-05,False,False,5.6,163,8500000,9191988,92,21250000.0,0.4325641411764706,0.08141035294117648,2026,2
False,/zRKQW58MBEY078AxkHxEJzUskCl.jpg,"[878, 12]",438631,Dune,en,Dune,"Paul Atreides, a brilliant and gifted young man born into a great destiny beyond his understanding, must travel to the most dangerous planet in the universe to ensure the future of his family and his people. As malevolent forces explode into conflict over the planet's exclusive supply of the most precious resource in existence-a commodity capable of unlocking humanity's greatest potential-only those who can conquer their fear will survive.",25.6487,/gDzOcq0pfeCeqMBwKIJlSmQpjkZ.jpg,2021-09-15,False,False,7.781,14858,165000000,410668500,155,412500000.0,0.99556,1.4889,2021,9
False,/7lmBufEG7P7Y1HClYK3gCxYrkgS.jpg,"[12, 28, 878]",10138,Iron Man 2,en,Iron Man 2,"With the world now aware of his dual life as the armored superhero Iron Man, billionaire inventor Tony Stark faces pressure from the government, the press and the public to share his technology with the military. Unwilling to let go of his invention, Stark, with Pepper Potts and James 'Rhodey' Rhodes at his side, must forge new alliances – and confront powerful enemies.",25.3446,/6WBeq4fCfn7AN0o21W9qNcRF2l9.jpg,2010-04-28,False,False,6.853,22343,200000000,623933331,124,500000000.0,1.247866662,2.119666655,2010,4
False,/d3z8MH9OvTOOSxy5QwAG0cS6GKU.jpg,"[10752, 28, 36]",652,Troy,en,Troy,"In year 1250 B.C. during the late Bronze age, two emerging nations begin to clash. Paris, the Trojan prince, convinces Helen, Queen of Sparta, to leave her husband Menelaus, and sail with him back to Troy. After Menelaus finds out that his wife was taken by the Trojans, he asks his brother Agamemnon to help him get her back. Agamemnon sees this as an opportunity for power. They set off with 1,000 ships holding 50,000 Greeks to Troy.",25.1915,/51auXjXepW1zblzhaN7CAhwvf5i.jpg,2004-05-13,False,False,7.172,11024,175000000,497409852,163,437500000.0,1.1369368045714285,1.8423420114285713,2004,5
False,/zo8CIjJ2nfNOevqNajwMRO6Hwka.jpg,"[12, 16, 35, 10751, 14]",1241982,Moana 2,en,Moana 2,"After receiving an unexpected call from her wayfinding ancestors, Moana journeys alongside Maui and a new crew to the far seas of Oceania and into dangerous, long-lost waters for an adventure unlike anything she's ever faced.",25.0314,/aLVkiINlIeCkcZIzb7XHzPYgO6L.jpg,2024-11-21,False,False,7.0,3060,150000000,1059242164,100,375000000.0,2.8246457706666668,6.061614426666667,2024,11
False,/xtHonIIIQXverDQM08TMQXjn9Fe.jpg,"[35, 14]",214756,Ted 2,en,Ted 2,"Newlywed couple Ted and Tami-Lynn want to have a baby, but in order to qualify to be a parent, Ted will have to prove he's a person in a court of law.",25.0084,/38C91I7Xft0gyY7BITm8i4yvuRb.jpg,2015-06-25,False,False,6.319,7968,68000000,215863606,115,170000000.0,1.2697859176470587,2.174464794117647,2015,6
False,/oJ1MIABA0WF0a7MDVQnnMvBdex8.jpg,"[27, 35]",567609,Ready or Not,en,Ready or Not,A young bride's wedding night turns into her worst nightmare when her ridiculously rich in-laws force her to play a gruesome game of hide-and-seek.,24.9948,/oJD9KQFoObZmxAS1je56SIFVNJt.jpg,2019-08-21,False,False,7.065,5424,6000000,57615777,96,15000000.0,3.8410518,8.6026295,2019,8
False,/mbYTRO33LJAgpCMrIn9ibiWHbMH.jpg,"[35, 12, 14]",346698,Barbie,en,Barbie,"Barbie and Ken are having the time of their lives in the colorful and seemingly perfect world of Barbie Land. However, when they get a chance to go to the real world, they soon discover the joys and perils of living among humans.",24.8105,/iuFNMS8U5cb6xfzi51Dbkovj7vM.jpg,2023-07-19,False,False,6.925,11080,145000000,1447138421,114,362500000.0,3.992105988965517,8.980264972413794,2023,7
False,/vL5LR6WdxWPjLPFRLe133jXWsh5.jpg,"[878, 28, 12]",19995,Avatar,en,Avatar,"In the 22nd century, a paraplegic Marine is dispatched to the moon Pandora on a unique mission, but becomes torn between following orders and protecting an alien civilization.",24.72,/gKY6q7SjCkAU6FqvqWybDYgUKIF.jpg,2009-12-16,False,False,7.604,33938,237000000,2923706026,162,592500000.0,4.934524938396624,11.336312345991562,2009,12
False,/gILte6Zd7m1YneIr6MVhh30S9pr.jpg,"[18, 80]",769,GoodFellas,en,GoodFellas,"The true story of Henry Hill, a half-Irish, half-Sicilian Brooklyn kid who is adopted by neighbourhood gangsters at an early age and climbs the ranks of a Mafia family under the guidance of Jimmy Conway.",24.5889,/9OkCLM73MIU2CrKZbqiT8Ln1wY2.jpg,1990-09-12,False,False,8.452,14316,25000000,47072327,145,62500000.0,0.753157232,0.88289308,1990,9
False,/3Rfvhy1Nl6sSGJwyjb0QiZzZYlB.jpg,"[10751, 35, 16, 12]",862,Toy Story,en,Toy Story,"Led by Woody, Andy's toys live happily in his room until Andy's birthday brings Buzz Lightyear onto the scene. Afraid of losing his place in Andy's heart, Woody plots against Buzz. But when circumstances separate Buzz and Woody from their owner, the duo eventually learns to put aside their differences.",24.5829,/uXDfjJbdP4ijW5hWSBrPrlKpxab.jpg,1995-11-22,False,False,8.0,19843,30000000,401157969,81,75000000.0,5.34877292,12.3719323,1995,11
False,/l8rKKMU2M9dDULO9CEtDNdWAEUJ.jpg,"[878, 27, 14]",1159831,The Bride!,en,The Bride!,A lonely Frankenstein travels to 1930s Chicago to ask groundbreaking scientist Dr. Euphronious to create a companion for him. The two revive a murdered young woman and The Bride is born. But what ensues is beyond what either of them imagined.,24.5475,/lV8YHwGkYZsm6EfIqnhaSz2avKt.jpg,2026-03-04,False,False,6.2,428,80000000,23844025,127,200000000.0,0.119220125,-0.7019496875,2026,3
False,/1stUIsjawROZxjiCMtqqXqgfZWC.jpg,"[12, 14]",672,Harry Potter and the Chamber of Secrets,en,Harry Potter and the Chamber of Secrets,"Cars fly, trees fight back, and a mysterious house-elf comes to warn Harry Potter at the start of his second year at Hogwarts. Adventure and danger await when bloody writing on a wall announces: The Chamber Of Secrets Has Been Opened. To save Hogwarts will require all of Harry, Ron and Hermione's magical abilities and courage.",24.5269,/sdEOH0992YZ0QSxgXNIGLq1ToUi.jpg,2002-11-13,False,False,7.703,23538,100000000,876688482,161,250000000.0,3.506753928,7.76688482,2002,11
False,/2oZklIzUbvZXXzIFzv7Hi68d6xf.jpg,"[18, 37]",68718,Django Unchained,en,Django Unchained,"With the help of a German bounty hunter, a freed slave sets out to rescue his wife from a brutal Mississippi plantation owner.",24.496,/7oWY8VDWW7thTzWh3OKYRkWUlD5.jpg,2012-12-25,False,False,8.191,27989,100000000,425368238,165,250000000.0,1.701472952,3.25368238,2012,12
False,/31VpBgUX5O4Z3dn5ZbX8HLqoXH3.jpg,"[28, 27, 878, 53]",72190,World War Z,en,World War Z,"Life for former United Nations investigator Gerry Lane and his family seems content. Suddenly, the world is plagued by a mysterious infection turning whole human populations into rampaging mindless zombies. After barely escaping the chaos, Lane is persuaded to go on a mission to investigate this disease. What follows is a perilous trek around the world where Lane must brave horrific dangers and long odds to find answers before human civilization falls.",24.3305,/aCnVdvExw6UWSeQfr0tUH3jr4qG.jpg,2013-06-19,False,False,6.829,16515,200000000,531865000,116,500000000.0,1.06373,1.659325,2013,6
False,/9xfDWXAUbFXQK585JvByT5pEAhe.jpg,"[16, 28, 12, 878]",569094,Spider-Man: Across the Spider-Verse,en,Spider-Man: Across the Spider-Verse,"After reuniting with Gwen Stacy, Brooklyn’s full-time, friendly neighborhood Spider-Man is catapulted across the Multiverse, where he encounters the Spider Society, a team of Spider-People charged with protecting the Multiverse's very existence. But when the heroes clash on how to handle a new threat, Miles finds himself pitted against the other Spiders and must set out on his own to save those he loves most.",24.284,/8Vt6mWEReuy4Of61Lnj5Xj704m8.jpg,2023-05-31,False,False,8.335,8576,100000000,690897910,140,250000000.0,2.76359164,5.9089791,2023,5
False,/3ffPx9jqg0yj9y1KWeagT7D20CB.jpg,"[28, 12, 16, 35, 10751, 14]",1011985,Kung Fu Panda 4,en,Kung Fu Panda 4,"Po is gearing up to become the spiritual leader of his Valley of Peace, but also needs someone to take his place as Dragon Warrior. As such, he will train a new kung fu practitioner for the spot and will encounter a villain called the Chameleon who conjures villains from the past.",24.186,/kDp1vUBnMpe8ak4rjgl3cLELqjU.jpg,2024-03-02,False,False,6.999,3490,80000000,548040835,94,200000000.0,2.740204175,5.8505104375,2024,3
False,/lU1fQews2gye23PocVE48CsTmOQ.jpg,"[28, 18, 10749, 53]",4588,"Lust, Caution",zh,色‧戒,"During World War II, a secret agent must seduce and assassinate an official who works for the Japanese puppet government in Shanghai.",24.1456,/6c1tqfJEBuIyhQC19SLlLQAUAvJ.jpg,2007-09-24,False,False,7.269,800,15000000,67100000,158,37500000.0,1.7893333333333334,3.473333333333333,2007,9
False,/2Nti3gYAX513wvhp8IiLL6ZDyOm.jpg,"[10751, 14, 35, 12]",950387,A Minecraft Movie,en,A Minecraft Movie,"Four misfits find themselves struggling with ordinary problems when they are suddenly pulled through a mysterious portal into the Overworld: a bizarre, cubic wonderland that thrives on imagination. To get back home, they'll have to master this world while embarking on a magical quest with an unexpected, expert crafter, Steve.",24.0176,/yFHHfHcUgGAxziP1C3lLt0q2T4s.jpg,2025-03-31,False,False,6.263,2981,150000000,958287780,101,375000000.0,2.55543408,5.3885852,2025,3
False,/xPNDRM50a58uvv1il2GVZrtWjkZ.jpg,"[28, 53, 12]",575265,Mission: Impossible - The Final Reckoning,en,Mission: Impossible - The Final Reckoning,"Ethan Hunt and team continue their search for the terrifying AI known as the Entity — which has infiltrated intelligence networks all over the globe — with the world's governments and a mysterious ghost from Hunt's past on their trail. Joined by new allies and armed with the means to shut the Entity down for good, Hunt is in a race against time to prevent the world as we know it from changing forever.",23.9944,/z53D72EAOxGRqdr7KXXWp9dJiDe.jpg,2025-05-17,False,False,7.2,2789,400000000,598767057,170,1000000000.0,0.598767057,0.4969176425,2025,5
False,/5rxEnsgriw8z065q51lrvPKYmCL.jpg,"[10749, 18]",1367642,Reminders of Him,en,Reminders of Him,"When Diem's custodial grandparents adamantly refuse Kenna's attempts to see her daughter, Kenna discovers unexpected compassion, and then something truer and deeper, with former NFL player and local bar owner Ledger. As their secret romance develops, so do the dangers for both of them, leading Kenna toward heartbreak and, ultimately, the hope for a second chance.",23.9512,/7L6rceYgzQ0NeHD7PRDNrRoQ291.jpg,2026-03-11,False,False,7.412,216,30000000,88753688,114,75000000.0,1.1833825066666666,1.9584562666666667,2026,3
False,/5KFThZkdBEQkp9gPWWWNb5CI5yD.jpg,"[53, 28, 18]",1268127,Humint,ko,휴민트,A South Korean agent hunts a drug ring in Russia and goes head-to-head with a North Korean operative — pulling both into peril and tangled secrets.,23.8648,/82bX2GK4PhaJQtfkTnfmd2P7erG.jpg,2026-02-11,False,False,7.41,128,16000000,13207600,120,40000000.0,0.33019,-0.174525,2026,2
False,/po1niVuud0tX86xOFegO5omQ2wX.jpg,"[878, 28, 53]",1236153,Mercy,en,Mercy,"In the near future, a detective stands on trial accused of murdering his wife. He has ninety minutes to prove his innocence to the advanced AI Judge he once championed, before it determines his fate.",23.5065,/pyok1kZJCfyuFapYXzHcy7BLlQa.jpg,2026-01-20,False,False,7.007,1266,60000000,54708061,99,150000000.0,0.36472040666666666,-0.08819898333333333,2026,1
False,/mVr0UiqyltcfqxbAUcLl9zWL8ah.jpg,"[878, 18]",335984,Blade Runner 2049,en,Blade Runner 2049,"Thirty years after the events of the first film, a new blade runner, LAPD Officer K, unearths a long-buried secret that has the potential to plunge what's left of society into chaos. K's discovery leads him on a quest to find Rick Deckard, a former LAPD blade runner who has been missing for 30 years.",23.4632,/gajva2L0rPYkEWjzgFlBXCAVBE5.jpg,2017-10-04,False,False,7.593,15095,150000000,259239658,164,375000000.0,0.6913057546666667,0.7282643866666667,2017,10
False,/3iMoYSbI72Nwsvi7uSpqReLJVa6.jpg,"[18, 53]",1317288,Marty Supreme,en,Marty Supreme,"Marty Mauser, a young man with a dream no one respects, goes to hell and back in pursuit of greatness.",23.4471,/lYWEXbQgRTR4ZQleSXAgRbxAjvq.jpg,2025-12-19,False,False,7.388,1730,65000000,274459312,150,162500000.0,1.6889803815384616,3.222450953846154,2025,12
False,/zXMGAtDqJ58P8G3W4bwKyYffPhn.jpg,"[12, 14, 28]",22,Pirates of the Caribbean: The Curse of the Black Pearl,en,Pirates of the Caribbean: The Curse of the Black Pearl,"When wily pirate Captain Barbossa seizes Jack Sparrow’s beloved ship, the Black Pearl, and kidnaps the governor’s daughter, Elizabeth Swann, blacksmith Will Turner reluctantly teams up with the unpredictable pirate Jack to rescue her—only to uncover a terrifying curse that turns Barbossa’s crew into the undead.",23.2738,/kvDwL2gTf6yxujbsWbsGQB3Z9Wa.jpg,2003-07-09,False,False,7.822,22189,140000000,655011224,143,350000000.0,1.87146064,3.6786516,2003,7
False,/zQ8AxTPiCiS5nnwXpwTBPBHSaa5.jpg,"[28, 878]",557,Spider-Man,en,Spider-Man,"After being bitten by a genetically altered spider at Oscorp, nerdy but endearing high school student Peter Parker is endowed with amazing powers to become the superhero known as Spider-Man.",23.2681,/kjdJntyBeEvqm9w97QGBdxPptzj.jpg,2002-05-01,False,False,7.328,20621,139000000,821708551,121,347500000.0,2.3646289237410074,4.911572309352518,2002,5
False,/w4bTBXcqXc2TUyS5Fc4h67uWbPn.jpg,[18],389,12 Angry Men,en,12 Angry Men,"The defense and the prosecution have rested and the jury is filing into the jury room to decide if a young Spanish-American is guilty or innocent of murdering his father. What begins as an open and shut case soon becomes a mini-drama of each of the jurors' prejudices and preconceptions about the trial, the accused, and each other.",23.2441,/zhG3vKWyDRaZYoaww1UVAi29T9h.jpg,1957-04-10,False,False,8.6,9971,397751,4360000,97,994377.5,4.384652709861195,9.961631774652986,1957,4
False,/kWYfW2Re0rUDE6IHhy4CRuKWeFr.jpg,"[12, 14, 28]",121,The Lord of the Rings: The Two Towers,en,The Lord of the Rings: The Two Towers,"Frodo Baggins and the other members of the Fellowship continue on their sacred quest to destroy the One Ring--but on separate paths. Their destinies lie at two towers--Orthanc Tower in Isengard, where the corrupt wizard Saruman awaits, and Sauron's fortress at Barad-dur, deep within the dark lands of Mordor. Frodo and Sam are trekking to Mordor to destroy the One Ring of Power while Gimli, Legolas and Aragorn search for the orc-captured Merry and Pippin. All along, nefarious wizard Saruman awaits the Fellowship members at the Orthanc Tower in Isengard.",23.0996,/5VTN0pR8gcqV3EPUHHfMGnJYN9L.jpg,2002-12-18,False,False,8.417,23844,79000000,926287400,179,197500000.0,4.690062784810126,10.725156962025316,2002,12
False,/fTrQsdMS2MUw00RnzH0r3JWHhts.jpg,"[28, 80, 53]",1197306,A Working Man,en,A Working Man,"Levon Cade left behind a decorated military career in the black ops to live a simple life working construction. But when his boss's daughter, who is like family to him, is taken by human traffickers, his search to bring her home uncovers a world of corruption far greater than he ever could have imagined.",23.0906,/6FRFIogh3zFnVWn7Z6zcYnIbRcX.jpg,2025-03-26,False,False,6.686,1897,40000000,88200711,116,100000000.0,0.88200711,1.205017775,2025,3
False,/pMxO1beNNFYMDM7RcDyKW5Wheuz.jpg,"[12, 16, 35, 10751, 14]",991494,The SpongeBob Movie: Search for SquarePants,en,The SpongeBob Movie: Search for SquarePants,"Desperate to be a big guy, SpongeBob sets out to prove his bravery to Mr. Krabs by following The Flying Dutchman – a mysterious swashbuckling ghost pirate – on a seafaring adventure that takes him to the deepest depths of the deep sea, where no Sponge has gone before.",23.0739,/xJnOMMsFASxNiFnG7v3TNIQ3ife.jpg,2025-12-16,False,False,6.8,287,64000000,163197450,88,160000000.0,1.0199840625,1.54996015625,2025,12
False,/vbk5CfaAHOjQPSAcYm6AoRRz2Af.jpg,"[12, 14]",673,Harry Potter and the Prisoner of Azkaban,en,Harry Potter and the Prisoner of Azkaban,Harry Potter's life is in danger once more as dangerous wizard Sirius Black has escaped from Azkaban Prison and is heading to Hogwarts.,22.7412,/aWxwnYoe8p2d2fcxOqtvAtJ72Rw.jpg,2004-05-31,False,False,8.008,23111,130000000,789804554,141,325000000.0,2.4301678584615383,5.075419646153846,2004,5
False,/cEobq5QrnOJjO6giDs8q4RxmMKh.jpg,"[27, 878]",348,Alien,en,Alien,"During its return to the earth, commercial spaceship Nostromo intercepts a distress signal from a distant planet. When a three-member team of the crew discovers a chamber containing thousands of eggs on the planet, a creature inside one of the eggs attacks an explorer. The entire crew is unaware of the impending nightmare set to descend upon them when the alien parasite planted inside its unfortunate host is birthed.",22.7065,/vfrQk5IPloGg1v9Rzbh2Eg3VGyM.jpg,1979-05-25,False,False,8.171,16327,11000000,104931801,117,27500000.0,3.8157018545454546,8.539254636363637,1979,5
False,/cKvDv2LpwVEqbdXWoQl4XgGN6le.jpg,"[28, 878, 12]",1726,Iron Man,en,Iron Man,"After being held captive in an Afghan cave, billionaire engineer Tony Stark creates a unique weaponized suit of armor to fight evil.",22.6275,/78lPtwv72eTNqFW9COBYI0dWDJa.jpg,2008-04-30,False,False,7.659,28093,140000000,585174222,126,350000000.0,1.6719263485714286,3.1798158714285716,2008,4
False,/34jW8LvjRplM8Pv06cBFDpLlenR.jpg,"[28, 12, 878]",429617,Spider-Man: Far From Home,en,Spider-Man: Far From Home,"Peter Parker and his friends go on a summer trip to Europe. However, they will hardly be able to rest - Peter will have to agree to help Nick Fury uncover the mystery of creatures that cause natural disasters and destruction throughout the continent.",22.6266,/4q2NNj4S5dG2RLF9CpXsej7yXl.jpg,2019-06-28,False,False,7.397,16924,160000000,1132723226,129,400000000.0,2.831808065,6.0795201625,2019,6
False,/xOMo8BRK7PfcJv9JCnx7s5hj0PX.jpg,"[878, 12]",693134,Dune: Part Two,en,Dune: Part Two,"Follow the mythic journey of Paul Atreides as he unites with Chani and the Fremen while on a path of revenge against the conspirators who destroyed his family. Facing a choice between the love of his life and the fate of the known universe, Paul endeavors to prevent a terrible future only he can foresee.",22.6137,/1pdfLvkbY9ohJlCjQH2CZjjYVvJ.jpg,2024-02-27,False,False,8.1,7923,190000000,714844358,167,475000000.0,1.5049354905263157,2.7623387263157895,2024,2
False,/hT3OqvzMqCQuJsUjZnQwA5NuxgK.jpg,[53],985939,Fall,en,Fall,"For best friends Becky and Hunter, life is all about conquering fears and pushing limits. But after they climb 2,000 feet to the top of a remote, abandoned radio tower, they find themselves stranded with no way down. Now Becky and Hunter's expert climbing skills will be put to the ultimate test as they desperately fight to survive the elements, a lack of supplies, and vertigo-inducing heights.",22.6069,/spCAxD99U1A6jsiePFoqdEcY0dG.jpg,2022-08-11,False,False,7.1,4573,3000000,17363261,107,7500000.0,2.3151014666666665,4.787753666666666,2022,8
False,/zOpe0eHsq0A2NvNyBbtT6sj53qV.jpg,"[28, 878, 35, 10751]",939243,Sonic the Hedgehog 3,en,Sonic the Hedgehog 3,"Sonic, Knuckles, and Tails reunite against a powerful new adversary, Shadow, a mysterious villain with powers unlike anything they have faced before. With their abilities outmatched in every way, Team Sonic must seek out an unlikely alliance in hopes of stopping Shadow and protecting the planet.",22.5411,/d8Ryb8AunYAuycVKDp5HpdWPKgC.jpg,2024-12-19,False,False,7.614,3265,122000000,492162604,110,305000000.0,1.613647881967213,3.034119704918033,2024,12
False,/bf5TG9RODkPXmtJSgf8Iymof1wl.jpg,"[36, 18]",1214931,Nuremberg,en,Nuremberg,"In postwar Germany, an American psychiatrist must determine whether Nazi prisoners are fit to go on trial for war crimes, and finds himself in a complex battle of intellect and ethics with Hermann Göring, Hitler's right-hand man.",22.5042,/xthXNYltOOm80vW5Kxjzxx5gvQ6.jpg,2025-11-06,False,False,7.5,986,11800000,37009109,149,29500000.0,1.2545460677966103,2.1363651694915253,2025,11
False,/sDTnMOJ3H5wI38OxObmCtK7wfd5.jpg,"[16, 35, 10751]",585,"Monsters, Inc.",en,"Monsters, Inc.","Lovable Sulley and his wisecracking sidekick Mike Wazowski are the top scare team at Monsters, Inc., the scream-processing factory in Monstropolis. When a little girl named Boo wanders into their world, it's the monsters who are scared silly, and it's up to Sulley and Mike to keep her out of sight and get her back home.",22.1973,/wFSpyMsp7H0ttERbxY7Trlv8xry.jpg,2001-11-01,False,False,7.848,19730,115000000,579700000,92,287500000.0,2.0163478260869567,4.040869565217391,2001,11
False,/ojgXOhVi9Yk8irDpRfDkIzdD1LK.jpg,"[35, 10749, 18]",18240,The Proposal,en,The Proposal,"When she learns she's in danger of losing her visa status and being deported, overbearing book editor Margaret Tate forces her put-upon assistant, Andrew Paxton, to marry her.",22.1945,/6stnAm1wSek8ZrislwK4xGTyCnt.jpg,2009-06-02,False,False,7.149,7464,40000000,317400000,108,100000000.0,3.174,6.935,2009,6
False,/54BOXpX2ieTXMDzHymdDMnUIzYG.jpg,"[27, 53]",1228246,Five Nights at Freddy's 2,en,Five Nights at Freddy's 2,"One year since the supernatural nightmare at Freddy Fazbear's Pizza, the stories about what transpired there have been twisted into a campy local legend, inspiring the town's first ever Fazfest. With the truth kept from her, Abby sneaks out to reconnect with Freddy, Bonnie, Chica, and Foxy, setting into motion a terrifying series of events that will reveal dark secrets about the real origin of Freddy's, and unleash a decades-hidden horror.",22.1879,/udAxQEORq2I5wxI97N2TEqdhzBE.jpg,2025-12-03,False,False,6.673,930,36000000,239568877,104,90000000.0,2.6618764111111113,5.654691027777778,2025,12
False,/twsxsfao6ZOVvT8LfudH603MMi6.jpg,"[28, 16, 35, 10751, 878]",519182,Despicable Me 4,en,Despicable Me 4,"Gru and Lucy and their girls—Margo, Edith and Agnes—welcome a new member to the Gru family, Gru Jr., who is intent on tormenting his dad. Gru also faces a new nemesis in Maxime Le Mal and his femme fatale girlfriend Valentina, forcing the family to go on the run.",22.18,/wWba3TaojhK7NdycRhoQpsG0FaH.jpg,2024-06-20,False,False,6.987,3190,100000000,972021410,94,250000000.0,3.88808564,8.7202141,2024,6
False,/iVped1djsF0tvGkvnHbzsE3ZPTF.jpg,"[28, 12, 878]",68721,Iron Man 3,en,Iron Man 3,"When Tony Stark's world is torn apart by a formidable terrorist called the Mandarin, he starts an odyssey of rebuilding and retribution.",22.1445,/qhPtAc1TKbMPqNvcdXSOn9Bn7hZ.jpg,2013-04-18,False,False,6.932,23391,200000000,1215577205,130,500000000.0,2.43115441,5.077886025,2013,4
False,/evo3crueRIK9Eutb3lnDLVbD2xD.jpg,"[28, 53, 27]",514847,The Hunt,en,The Hunt,"Twelve strangers wake up in a clearing. They don't know where they are—or how they got there. In the shadow of a dark internet conspiracy theory, ruthless elitists gather at a remote location to hunt humans for sport. But their master plan is about to be derailed when one of the hunted turns the tables on her pursuers.",22.0795,/wxPhn4ef1EAo5njxwBkAEVrlJJG.jpg,2020-03-11,False,False,6.645,3632,14000000,12400979,90,35000000.0,0.35431368571428573,-0.11421578571428571,2020,3
False,/qx9ts2hBYJrkIQxhryitxnLlm2u.jpg,"[16, 10751, 14, 12]",62177,Brave,en,Brave,"In the mystical Scottish Highlands, Merida is the princess of a kingdom ruled by King Fergus and Queen Elinor. An unruly daughter and an accomplished archer, Merida one day defies a sacred custom of the land and inadvertently brings turmoil to the kingdom. In an attempt to set things right, Merida seeks out an eccentric old Wise Woman and is granted an ill-fated wish. Also figuring into Merida's quest — and serving as comic relief — are the kingdom's three lords: the enormous Lord MacGuffin, the surly Lord Macintosh, and the disagreeable Lord Dingwall.",21.974,/1XAuDtMWpL0sYSFK0R6EZate2Ux.jpg,2012-06-21,False,False,7.024,14139,185000000,538983207,93,462500000.0,1.1653690962162162,1.9134227405405406,2012,6
False,/iWak7wT0j6ycCc8lKr4NBz9c7n5.jpg,"[9648, 53, 18]",210577,Gone Girl,en,Gone Girl,"With his wife's disappearance having become the focus of an intense media circus, a man sees the spotlight turned on him when it's suspected that he may not be innocent.",21.9705,/ts996lKsxvjkO2yiYG0ht4qAicO.jpg,2014-10-01,False,False,7.89,19926,61000000,370890259,149,152500000.0,2.4320672721311474,5.080168180327869,2014,10
False,/eTlcNXGv32zkVI7ZDHhfeaKHXKQ.jpg,"[28, 9648, 878, 53]",198663,The Maze Runner,en,The Maze Runner,"A teenager with no memory of his past finds himself among a group of boys living in a walled enclosure surrounded by a massive, ever-changing maze. As he struggles to adapt to their rules and society, he begins to uncover clues that may lead to escape and the truth behind their confinement.",21.9122,/ode14q7WtDugFDp78fo9lCsmay9.jpg,2014-09-10,False,False,7.189,18071,34000000,348319861,113,85000000.0,4.097880717647059,9.244701794117647,2014,9
False,/7Nwnmyzrtd0FkcRyPqmdzTPppQa.jpg,"[80, 18, 35]",106646,The Wolf of Wall Street,en,The Wolf of Wall Street,"A New York stockbroker refuses to cooperate in a large securities fraud case involving corruption on Wall Street, corporate banking world and mob infiltration. Based on Jordan Belfort's autobiography.",21.8969,/kW9LmvYHAaS9iA0tHmZVq8hQYoq.jpg,2013-12-25,False,False,8.027,25884,100000000,407038432,180,250000000.0,1.628153728,3.07038432,2013,12
False,/rvtdN5XkWAfGX6xDuPL6yYS2seK.jpg,"[80, 9648, 53]",414906,The Batman,en,The Batman,"In his second year of fighting crime, Batman uncovers corruption in Gotham City that connects to his own family while facing a serial killer known as the Riddler.",21.876,/74xTEgt7R36Fpooo50r9T25onhq.jpg,2022-03-01,False,False,7.661,11898,185000000,772775278,177,462500000.0,1.6708654659459459,3.1771636648648647,2022,3
False,/g7CHF8gTLGooTbP4GznIGwaqAGL.jpg,"[10751, 16, 10402, 12]",354912,Coco,en,Coco,"Despite his family’s baffling generations-old ban on music, Miguel dreams of becoming an accomplished musician like his idol, Ernesto de la Cruz. Desperate to prove his talent, Miguel finds himself in the stunning and colorful Land of the Dead following a mysterious chain of events. Along the way, he meets charming trickster Hector, and together, they set off on an extraordinary journey to unlock the real story behind Miguel's family history.",21.7721,/6Ryitt95xrO8KXuqRGm1fUuNwqF.jpg,2017-10-27,False,False,8.197,20940,175000000,814641172,105,437500000.0,1.8620369645714285,3.6550924114285714,2017,10
False,/s94NjfKkcSczZ1FembwmQZwsuwY.jpg,"[878, 12, 28]",617126,The Fantastic 4: First Steps,en,The Fantastic 4: First Steps,"Against the vibrant backdrop of a 1960s-inspired, retro-futuristic world, Marvel's First Family is forced to balance their roles as heroes with the strength of their family bond, while defending Earth from a ravenous space god called Galactus and his enigmatic Herald, Silver Surfer.",21.7444,/abqOz6EL3yXyOOafCPZxjL1M5bQ.jpg,2025-07-23,False,False,6.965,3324,229600000,521858728,115,574000000.0,0.9091615470383275,1.2729038675958189,2025,7
False,/3upEZ0ltY7WwOSFVXrtiP34D48p.jpg,"[53, 18, 10749]",290098,The Handmaiden,ko,아가씨,"1930s Korea, in the period of Japanese occupation, a new girl, Sook-hee, is hired as a handmaiden to a Japanese heiress, Hideko, who lives a secluded life on a large countryside estate with her domineering Uncle Kouzuki. But the maid has a secret. She is a pickpocket recruited by a swindler posing as a Japanese Count to help him seduce the Lady to steal her fortune.",21.6118,/dLlH4aNHdnmf62umnInL8xPlPzw.jpg,2016-06-01,False,False,8.187,4304,8575000,38600000,145,21437500.0,1.8005830903790088,3.501457725947522,2016,6
False,/nv5wwZou159v5OC61i4ElR7OqyY.jpg,"[14, 16, 12]",4935,Howl's Moving Castle,ja,ハウルの動く城,"Sophie, a young milliner, is turned into an elderly woman by a witch who enters her shop and curses her. She encounters a wizard named Howl and gets caught up in his resistance to fighting for the king.",21.523,/13kOl2v0nD2OLbVSHnHk8GUFEhO.jpg,2004-09-09,False,False,8.387,11054,24000000,236049757,119,60000000.0,3.934162616666667,8.835406541666666,2004,9
False,/4s2d3xdyqotiVNHTlTlJjrr3q0H.jpg,"[12, 10751, 16, 28, 35]",177572,Big Hero 6,en,Big Hero 6,"A special bond develops between plus-sized inflatable robot Baymax, and prodigy Hiro Hamada, who team up with a group of friends to form a band of high-tech heroes.",21.2519,/2mxS4wUimwlLmI1xp6QW6NSU361.jpg,2014-10-24,False,False,7.7,16552,165000000,657870525,102,412500000.0,1.5948376363636363,2.987094090909091,2014,10
False,/9ywA15OAiwjSTvg3cBs9B7kOCBF.jpg,"[18, 10749]",337167,Fifty Shades Freed,en,Fifty Shades Freed,"Believing they have left behind shadowy figures from their past, newlyweds Christian and Ana fully embrace an inextricable connection and shared life of luxury. But just as she steps into her role as Mrs. Grey and he relaxes into an unfamiliar stability, new threats could jeopardize their happy ending before it even begins.",21.2466,/jjPJ4s3DWZZvI4vw8Xfi4Vqa1Q8.jpg,2018-01-17,False,False,6.675,8339,55000000,371985018,105,137500000.0,2.7053455854545456,5.763363963636364,2018,1
False,/8J6UlIFcU7eZfq9iCLbgc8Auklg.jpg,"[14, 10751, 28, 12]",1087192,How to Train Your Dragon,en,How to Train Your Dragon,"On the rugged isle of Berk, where Vikings and dragons have been bitter enemies for generations, Hiccup stands apart, defying centuries of tradition when he befriends Toothless, a feared Night Fury dragon. Their unlikely bond reveals the true nature of dragons, challenging the very foundations of Viking society.",21.2392,/q5pXRYTycaeW6dEgsCrd4mYPmxM.jpg,2025-06-06,False,False,7.935,2807,150000000,636351148,125,375000000.0,1.6969363946666667,3.2423409866666666,2025,6
False,/4XM8DUTQb3lhLemJC51Jx4a2EuA.jpg,"[28, 80, 53]",385687,Fast X,en,Fast X,"Over many missions and against impossible odds, Dom Toretto and his family have outsmarted, out-nerved and outdriven every foe in their path. Now, they confront the most lethal opponent they've ever faced: A terrifying threat emerging from the shadows of the past who's fueled by blood revenge, and who is determined to shatter this family and destroy everything—and everyone—that Dom loves, forever.",21.2333,/fiVW06jE7z9YnO4trhaMEdclSiC.jpg,2023-05-17,False,False,6.996,6305,340000000,704709660,142,850000000.0,0.8290701882352941,1.0726754705882353,2023,5
False,/1OV7hau4D3rWGS5bu8sqBYeVpe.jpg,"[12, 14]",674,Harry Potter and the Goblet of Fire,en,Harry Potter and the Goblet of Fire,"When his name emerges from the Goblet of Fire, Harry Potter becomes a competitor in a grueling battle for glory among three wizarding schools. Signs of Voldemort's return emerge as Harry's friends help him prepare for the Triwizard Tournament.",21.1826,/fECBtHlr0RB3foNHDiCBXeg9Bv9.jpg,2005-11-16,False,False,7.801,22125,150000000,895921036,157,375000000.0,2.3891227626666667,4.9728069066666665,2005,11
False,/8ODNt5olCeIqBYTP3GgXEQYTfeX.jpg,"[27, 878, 53]",933260,The Substance,en,The Substance,"A fading celebrity decides to use a black market drug, a cell-replicating substance that temporarily creates a younger, better version of herself.",21.158,/lqoMzCcZYEFK729d6qzt349fB4o.jpg,2024-09-07,False,False,7.134,5975,17500000,77316812,141,43750000.0,1.7672414171428572,3.4181035428571427,2024,9
False,/nYs4ZwnJBK4AgljhvzwNz7fpr3E.jpg,"[16, 10751, 878]",10681,WALL·E,en,WALL·E,"After hundreds of years doing what he was built for, WALL•E— a robot designed to clean up the earth—discovers a new purpose in life when he meets a sleek search robot named EVE. EVE comes to realize that WALL•E has inadvertently stumbled upon the key to the planet's future, and races back to space to report to the humans. Meanwhile, WALL•E chases EVE across the galaxy and sets into motion one of the most imaginative adventures ever brought to the big screen.",21.1281,/hbhFnRzzg6ZDmm8YAmxBnQpQIPh.jpg,2008-06-26,False,False,8.112,20234,180000000,521311860,98,450000000.0,1.1584708,1.896177,2008,6
False,/7Zx3wDG5bBtcfk8lcnCWDOLM4Y4.jpg,"[10751, 878, 35]",552524,Lilo & Stitch,en,Lilo & Stitch,The wildly funny and touching story of a lonely Hawaiian girl and the fugitive alien who helps to mend her broken family.,21.107,/ckQzKpQJO4ZQDCN5evdpKcfm7Ys.jpg,2025-05-17,False,False,7.205,2146,100000000,1038027526,108,250000000.0,4.152110104,9.38027526,2025,5
False,/7I6VUdPj6tQECNHdviJkUHD2u89.jpg,"[28, 53, 80]",603692,John Wick: Chapter 4,en,John Wick: Chapter 4,"With the price on his head ever increasing, John Wick uncovers a path to defeating The High Table. But before he can earn his freedom, Wick must face off against a new enemy with powerful alliances across the globe and forces that turn old friends into foes.",21.0874,/vZloFAK7NmvMGKE7VkF5UHaz0I.jpg,2023-03-21,False,False,7.706,7894,100000000,447316405,170,250000000.0,1.78926562,3.47316405,2023,3
False,/kJsPVzdyBrYHLomuNv5SJDXUQ2f.jpg,"[28, 12, 878]",76600,Avatar: The Way of Water,en,Avatar: The Way of Water,"Set more than a decade after the events of the first film, learn the story of the Sully family (Jake, Neytiri, and their kids), the trouble that follows them, the lengths they go to keep each other safe, the battles they fight to stay alive, and the tragedies they endure.",21.0583,/t6HIqrRAclMCA60NsSmeqe9RmNV.jpg,2022-12-14,False,False,7.592,14095,350000000,2353096253,192,875000000.0,2.6892528605714285,5.723132151428572,2022,12
False,/hiazLNa1UXuX35OTnMQRKOx3eTk.jpg,"[53, 80, 35]",1054867,One Battle After Another,en,One Battle After Another,"Washed-up revolutionary Bob exists in a state of stoned paranoia, surviving off-grid with his spirited, self-reliant daughter, Willa. When his evil nemesis resurfaces after 16 years and she goes missing, the former radical scrambles to find her, father and daughter both battling the consequences of his past.",20.8662,/lbBWwxBht4JFP5PsuJ5onpMqugW.jpg,2025-09-23,False,False,7.4,3669,175000000,209377100,162,437500000.0,0.47857622857142856,0.19644057142857144,2025,9
False,/izkMjmhauFx9DjoBQqM5sM5WAwE.jpg,"[28, 53, 878]",280,Terminator 2: Judgment Day,en,Terminator 2: Judgment Day,"Ten years after the events of the original, a reprogrammed T-800 is sent back in time to protect young John Connor from the shape-shifting T-1000. Together with his mother Sarah, he fights to stop Skynet from triggering a nuclear apocalypse.",20.8441,/jFTVD4XoWQTcg7wdyJKa8PEds5q.jpg,1991-07-03,False,False,8.147,14251,102000000,517778573,137,255000000.0,2.0305042078431375,4.076260519607843,1991,7
False,/o3i6AfTcWAuNvzAUV3q5lOmi6Gx.jpg,"[16, 10751, 12, 18, 35]",150540,Inside Out,en,Inside Out,"When 11-year-old Riley moves to a new city, her Emotions team up to help her through the transition. Joy, Fear, Anger, Disgust and Sadness work together, but when Joy and Sadness get lost, they must journey through unfamiliar places to get back home.",20.8285,/2H1TmgdfNtsKlU9jKdeNyYL5y8T.jpg,2015-06-17,False,False,7.91,23421,175000000,857611174,95,437500000.0,1.960254112,3.90063528,2015,6
False,/8mnXR9rey5uQ08rZAvzojKWbDQS.jpg,"[16, 28, 12, 878]",324857,Spider-Man: Into the Spider-Verse,en,Spider-Man: Into the Spider-Verse,"Struggling to find his place in the world while juggling school and family, Brooklyn teenager Miles Morales is unexpectedly bitten by a radioactive spider and develops unfathomable powers just like the one and only Spider-Man. While wrestling with the implications of his new abilities, Miles discovers a super collider created by the madman Wilson ""Kingpin"" Fisk, causing others from across the Spider-Verse to be inadvertently transported to his dimension.",20.7829,/iiZZdoQBEYBv6id8su7ImL0oCbD.jpg,2018-12-06,False,False,8.393,17192,90000000,394884133,117,225000000.0,1.755040591111111,3.387601477777778,2018,12
False,/1yktYsxkmUtUFTUnCAUaqG6FEiz.jpg,"[28, 53, 80]",541671,Ballerina,en,Ballerina,"Taking place during the events of John Wick: Chapter 3 – Parabellum, Eve Macarro begins her training in the assassin traditions of the Ruska Roma.",20.6455,/2VUmvqsHb6cEtdfscEA6fqqVzLg.jpg,2025-06-04,False,False,7.237,2585,90000000,137408107,125,225000000.0,0.6107026977777777,0.5267567444444444,2025,6
False,/eCynaAOgYYiw5yN5lBwz3IxqvaW.jpg,"[16, 10751, 12]",12,Finding Nemo,en,Finding Nemo,"Nemo, an adventurous young clownfish, is unexpectedly taken from his Great Barrier Reef home to a dentist's office aquarium. It's up to his worrisome father Marlin and a friendly but forgetful fish Dory to bring Nemo home -- meeting vegetarian sharks, surfer dude turtles, hypnotic jellyfish, hungry seagulls, and more along the way.",20.6296,/5lc6nQc0VhWFYFbNv016xze8Jvy.jpg,2003-05-30,False,False,7.818,20518,94000000,940335536,100,235000000.0,4.001427812765957,9.003569531914893,2003,5
False,/vr6n6ZFUZvedvIlhfYcbCWcaKyW.jpg,"[12, 14, 28]",58,Pirates of the Caribbean: Dead Man's Chest,en,Pirates of the Caribbean: Dead Man's Chest,"Captain Jack Sparrow’s got a blood debt to pay: he owes his soul to the legendary Davy Jones, ghastly Ruler of the Ocean Depths. To escape eternal servitude aboard the Flying Dutchman, ever-crafty Jack must track down the still-beating heart of Jones. But he won’t do it alone: Will Turner and Elizabeth Swann are drawn back into another one of his perilous quests—assuming they can evade execution for aiding a pirate.",20.4802,/uXEqmloGyP7UXAiphJUu2v2pcuE.jpg,2006-07-06,False,False,7.4,17125,200000000,1066179747,151,500000000.0,2.132359494,4.330898735,2006,7
False,/pjlxrd646cBYznHoPBWTzz6FujX.jpg,"[28, 878, 18]",39254,Real Steel,en,Real Steel,"Charlie Kenton is a washed-up fighter who retired from the ring when robots took over the sport. After his robot is trashed, he reluctantly teams up with his estranged son to rebuild and train an unlikely contender.",20.4371,/4GIeI5K5YdDUkR3mNQBoScpSFEf.jpg,2011-09-28,False,False,7.08,9099,110000000,299300000,127,275000000.0,1.0883636363636364,1.720909090909091,2011,9
False,/bIUaCtWaRgd78SnoHJDI8TNf7Sd.jpg,"[12, 28, 878]",181808,Star Wars: The Last Jedi,en,Star Wars: The Last Jedi,"Rey develops her newly discovered abilities with the guidance of Luke Skywalker, who is unsettled by the strength of her powers. Meanwhile, the Resistance prepares to do battle with the First Order.",20.4217,/ySaaKHOLAQU5HoZqWmzDIj1VvZ1.jpg,2017-12-13,False,False,6.752,16308,300000000,1334407706,152,750000000.0,1.7792102746666667,3.4480256866666665,2017,12
False,/kP8rK9dGS1pr0HrnmXfIi2heWjo.jpg,"[18, 28, 12, 36, 10752]",1495,Kingdom of Heaven,en,Kingdom of Heaven,"After his wife dies, a blacksmith named Balian is thrust into royalty, political intrigue and bloody holy wars during the Crusades.",20.3929,/rNaBe4TwbMef71sgscqabpGKsxh.jpg,2005-05-03,False,False,7.033,4931,130000000,218366336,144,325000000.0,0.6718964184615385,0.6797410461538461,2005,5
False,/8VyTWJrNEyV2MTWvniDVp0MpOAe.jpg,"[27, 9648]",1078605,Weapons,en,Weapons,"When all but one child from the same class mysteriously vanish on the same night at exactly the same time, a community is left questioning who or what is behind their disappearance.",20.314,/cpf7vsRZ0MYRQcnLWteD5jK9ymT.jpg,2025-08-04,False,False,7.254,3368,38000000,269972492,129,95000000.0,2.841815705263158,6.1045392631578945,2025,8
False,/fj0hwDJEOOHllRim2BMt5L7tbjf.jpg,"[80, 18, 28]",101,Léon: The Professional,fr,Léon,"Léon, the top hit man in New York, has earned a rep as an effective ""cleaner"". But when his next-door neighbors are wiped out by a loose-cannon DEA agent, he becomes the unwilling custodian of 12-year-old Mathilda. Before long, Mathilda's thoughts turn to revenge, and she considers following in Léon's footsteps.",20.2814,/bxB2q91nKYp8JNzqE7t7TWBVupB.jpg,1994-09-14,False,False,8.295,16074,16000000,45284974,111,40000000.0,1.13212435,1.830310875,1994,9
False,/85k0kaoRgGmF6ACq0M61AFxhjLN.jpg,"[35, 80]",12153,White Chicks,en,White Chicks,"Two FBI agent brothers, Marcus and Kevin Copeland, accidentally foil a drug bust. To avoid being fired they accept a mission escorting a pair of socialites to the Hamptons--but when the girls are disfigured in a car accident, they refuse to go. Left without options, Marcus and Kevin decide to pose as the sisters, transforming themselves from black men into rich European-American women.",20.2484,/aHTUpo45qy9QYIOnVITGGqLoVcA.jpg,2004-06-23,False,False,6.933,4506,37000000,113100000,109,92500000.0,1.2227027027027026,2.056756756756757,2004,6
False,/3UbaCMmqOd7mca4Y5DOzY2ZVTyX.jpg,"[28, 12, 14]",122917,The Hobbit: The Battle of the Five Armies,en,The Hobbit: The Battle of the Five Armies,"Following Smaug's attack on Laketown, Bilbo and the dwarves try to defend Erebor's mountain of treasure from others who claim it: the men of the ruined Laketown and the elves of Mirkwood. Meanwhile an army of Orcs led by Azog the Defiler is marching on Erebor, fueled by the rise of the dark lord Sauron. Dwarves, elves and men must unite, and the hope for Middle-Earth falls into Bilbo's hands.",20.1629,/xT98tLqatZPQApyRmlPL12LtiWp.jpg,2014-12-10,False,False,7.333,15325,250000000,956019788,144,625000000.0,1.5296316608,2.824079152,2014,12
False,/hpXBJxLD2SEf8l2CspmSeiHrBKX.jpg,"[18, 14, 27]",1062722,Frankenstein,en,Frankenstein,"Dr. Victor Frankenstein, a brilliant but egotistical scientist, brings a creature to life in a monstrous experiment that ultimately leads to the undoing of both the creator and his tragic creation.",20.1238,/g4JtvGlQO7DByTI6frUobqvSL3R.jpg,2025-10-17,False,False,7.645,3421,120000000,480678,150,300000000.0,0.00160226,-0.99599435,2025,10
False,/8FWLJHuWB72UXBmiMtxwTvQVumN.jpg,"[10751, 35, 80, 12, 16]",1175942,The Bad Guys 2,en,The Bad Guys 2,"The now-reformed Bad Guys are trying (very, very hard) to be good, but instead find themselves hijacked into a high-stakes, globe-trotting heist, masterminded by a new team of criminals they never saw coming: The Bad Girls.",20.1109,/26oSPnq0ct59l07QOXZKyzsiRtN.jpg,2025-07-24,False,False,7.7,775,80000000,239676236,104,200000000.0,1.19838118,1.99595295,2025,7
False,/pkxPkHOPJjOvzfQOclANEBT8OfK.jpg,"[12, 14]",675,Harry Potter and the Order of the Phoenix,en,Harry Potter and the Order of the Phoenix,"When a new professor's methods leave Hogwarts unprepared to fight the rising tide of evil, Harry teaches students how to defend against the dark arts.",20.0988,/5aOyriWkPec0zUDxmHFP9qMmBaj.jpg,2007-07-08,False,False,7.672,20768,150000000,938212738,138,375000000.0,2.501900634666667,5.254751586666667,2007,7
False,/iuRVt8tFiXDPGgzavhuSa3QHRxD.jpg,[35],18785,The Hangover,en,The Hangover,"When three friends finally come to after a raucous night of bachelor-party revelry, they find a baby in the closet and a tiger in the bathroom. But they can't seem to locate their best friend, Doug – who's supposed to be tying the knot. Launching a frantic search for Doug, the trio perseveres through a nasty hangover to try to make it to the church on time.",20.0837,/A0uS9rHR56FeBtpjVki16M5xxSW.jpg,2009-06-02,False,False,7.331,18069,35000000,469310836,100,87500000.0,5.3635524114285715,12.408881028571429,2009,6
False,/o6f1sJ0ZYg6TA2tMgoHdupB68QB.jpg,"[28, 10752, 36]",855,Black Hawk Down,en,Black Hawk Down,"When U.S. Rangers and an elite Delta Force team attempt to kidnap two underlings of a Somali warlord, their Black Hawk helicopters are shot down, and the Americans suffer heavy casualties, facing intense fighting from the militia on the ground.",19.9695,/7fU5dSqKRL4XHeEUz62rCKBfYok.jpg,2001-12-28,False,False,7.393,6344,92000000,172989651,145,230000000.0,0.7521289173913044,0.8803222934782609,2001,12
False,/rbZvGN1A1QyZuoKzhCw8QPmf2q0.jpg,"[18, 53, 9648]",11324,Shutter Island,en,Shutter Island,"World War II soldier-turned-U.S. Marshal Teddy Daniels investigates the disappearance of a patient from a hospital for the criminally insane, but his efforts are compromised by troubling visions and a mysterious doctor.",19.9478,/nrmXQ0zcZUL8jFLrakWc90IR8z9.jpg,2010-02-14,False,False,8.199,25794,80000000,294804195,138,200000000.0,1.474020975,2.6850524375,2010,2
False,/dfU9xyEEyLxvZ5unTn05Whm9Lce.jpg,"[28, 14]",9312,Mortal Kombat,en,Mortal Kombat,"For nine generations an evil sorcerer has been victorious in hand-to-hand battle against his mortal enemies. If he wins a tenth Mortal Kombat tournament, desolation and evil will reign over the multiverse forever. To save Earth, three warriors must overcome seemingly insurmountable odds, their own inner demons, and superhuman foes.",19.9148,/fcK7tzSSXMYiMN8E9KlZJL1BYyp.jpg,1995-08-18,False,False,5.887,2533,18000000,122195920,101,45000000.0,2.715464888888889,5.788662222222222,1995,8
False,/uIpJPDNFoeX0TVml9smPrs9KUVx.jpg,"[27, 9648]",574475,Final Destination Bloodlines,en,Final Destination Bloodlines,"Plagued by a violent recurring nightmare, college student Stefanie heads home to track down the one person who might be able to break the cycle and save her family from the grisly demise that inevitably awaits them all.",19.7356,/6WxhEvFsauuACfv8HyoVX6mZKFj.jpg,2025-05-14,False,False,7.044,2824,50000000,317854739,110,125000000.0,2.542837912,5.35709478,2025,5
False,/yCatt8lmp3oRFEcOZF8KHhsiASQ.jpg,"[28, 10752, 53]",1223601,Sisu: Road to Revenge,fi,Sisu 2,"Returning to the house where his family was brutally murdered during the war, ""the man who refuses to die"" dismantles it, loads it on a truck, and is determined to rebuild it somewhere safe in their honor. When the commander who killed his family comes back hellbent on finishing the job, a relentless, eye-popping cross-country chase ensues.",19.7248,/jNsttCWZyPtW66MjhUozBzVsRb7.jpg,2025-10-21,False,False,7.301,741,12200000,9811703,89,30500000.0,0.32169518032786887,-0.19576204918032786,2025,10
False,/cbcpDn6XJaIGoOil1bKuskU8ds4.jpg,"[12, 14]",12445,Harry Potter and the Deathly Hallows: Part 2,en,Harry Potter and the Deathly Hallows: Part 2,"Harry, Ron and Hermione continue their quest to vanquish the evil Voldemort once and for all. Just as things begin to look hopeless for the young wizards, Harry discovers a trio of magical objects that endow him with powers to rival Voldemort's formidable skills.",19.7118,/c54HpQmuwXjHq2C9wmoACjxoom3.jpg,2011-07-12,False,False,8.1,21942,125000000,1341511219,130,312500000.0,4.2928359008,9.732089752,2011,7
False,/6zKjoOOb3OZnZuiHtQZn4Kd69Gq.jpg,"[27, 53]",1197137,Black Phone 2,en,Black Phone 2,"Four years after defeating The Grabber, Finney Blake is struggling with life after captivity. When his younger sister Gwen begins receiving calls in her dreams from the Black Phone and seeing disturbing visions of three boys being stalked at a winter camp, the siblings become determined to solve the mystery and confront a killer who has grown more powerful in death and more significant to them than either could imagine.",19.6969,/gFddBLQ8wj9M9O82iPzgX5KVNHz.jpg,2025-10-15,False,False,6.687,1089,30000000,132675749,114,75000000.0,1.7690099866666666,3.422524966666667,2025,10
False,/wNAfVj1ObGNye5fQM4tJXJGtU0.jpg,"[53, 28, 80]",156022,The Equalizer,en,The Equalizer,"McCall believes he has put his mysterious past behind him and dedicated himself to beginning a new, quiet life. But when he meets Teri, a young girl under the control of ultra-violent Russian gangsters, he can’t stand idly by – he has to help her. Armed with hidden skills that allow him to serve vengeance against anyone who would brutalize the helpless, McCall comes out of his self-imposed retirement and finds his desire for justice reawakened. If someone has a problem, if the odds are stacked against them, if they have nowhere else to turn, McCall will help. He is The Equalizer.",19.5497,/9u4yW7yPA0BQ2pv9XwiNzItwvp8.jpg,2014-09-24,False,False,7.286,9924,55000000,192330738,132,137500000.0,1.3987690036363636,2.496922509090909,2014,9
False,/bdD39MpSVhKjxarTxLSfX6baoMP.jpg,"[10752, 18, 36]",857,Saving Private Ryan,en,Saving Private Ryan,"As U.S. troops storm the beaches of Normandy, three brothers lie dead on the battlefield, with a fourth trapped behind enemy lines. Ranger captain John Miller and seven men are tasked with penetrating German-held territory and bringing the boy home.",19.3765,/uqx37cS8cpHg8U35f9U5IBlrCV3.jpg,1998-07-24,False,False,8.224,17175,70000000,481840909,169,175000000.0,2.753376622857143,5.8834415571428575,1998,7
False,/aCHn2TXYJfzPXQKA6r9mKPbMlUB.jpg,"[35, 18]",37165,The Truman Show,en,The Truman Show,"In a picture-perfect seaside town, an insurance salesman begins to realize that his entire existence may be staged and observed by a vast unseen audience as part of a long-running real-time reality TV show.",19.2395,/vuza0WqY239yBXOadKlGwJsZJFE.jpg,1998-06-04,False,False,8.152,20174,60000000,264118712,103,150000000.0,1.7607914133333333,3.401978533333333,1998,6
False,/z9qFZHT8K7tG2PlpKBSAqlmGST8.jpg,"[14, 28, 27]",561,Constantine,en,Constantine,"John Constantine has literally been to Hell and back. When he teams up with a policewoman to solve the mysterious suicide of her twin sister, their investigation takes them through the world of demons and angels that exists beneath the landscape of contemporary Los Angeles.",19.1665,/vPYgvd2MwHlxTamAOjwVQp4qs1W.jpg,2005-02-08,False,False,7.146,8057,100000000,230900000,121,250000000.0,0.9236,1.309,2005,2
False,/mZ6J2g6HCV2gj3iuCdSxcyBXq9c.jpg,"[16, 18, 10751, 36]",1167307,David,en,David,"From the songs of his mother’s heart to the whispers of a faithful God, David’s story begins in quiet devotion. When the giant Goliath rises to terrorize a nation, a young shepherd armed with only a sling, a few stones, and unshakable faith steps forward. Pursued by power and driven by purpose, his journey tests the limits of loyalty, love, and courage—culminating in a battle not just for a crown, but for the soul of a kingdom.",19.0013,/bESlrLOrsQ9gKzaGQGHXKOyIUtX.jpg,2025-12-14,False,False,8.043,138,60900000,85865995,109,152250000.0,0.56398026272578,0.4099506568144499,2025,12
False,/m2QvGozzKz5ux74gKocn4kFTGz1.jpg,"[18, 10749]",796,Cruel Intentions,en,Cruel Intentions,"Slaking a thirst for dangerous games, Kathryn challenges her stepbrother, Sebastian, to deflower their headmaster's daughter before the summer ends. If he succeeds, the prize is the chance to bed Kathryn. But if he loses, Kathryn will claim his most prized possession.",18.988,/76cCsRtQ5MJBAqoigojXsLXLJwh.jpg,1999-03-05,False,False,6.802,3556,10500000,76347426,97,26250000.0,2.9084733714285713,6.271183428571429,1999,3
False,/tPaurpIUskVji5vwV0dhy9pq4Vs.jpg,"[12, 16, 35, 10751]",953,Madagascar,en,Madagascar,Four animal friends get a taste of the wild life when they break out of captivity at the Central Park Zoo and wash ashore on the island of Madagascar.,18.9718,/zMpJY5CJKUufG9OTw0In4eAFqPX.jpg,2005-05-25,False,False,6.922,11704,75000000,542064525,86,187500000.0,2.8910108,6.227527,2005,5
False,/uVlUu174iiKhsUGqnOSy46eIIMU.jpg,"[18, 10749, 14]",402431,Wicked,en,Wicked,"In the land of Oz, ostracized and misunderstood green-skinned Elphaba is forced to share a room with the popular aristocrat Glinda at Shiz University, and the two's unlikely friendship is tested as they begin to fulfill their respective destinies as Glinda the Good and the Wicked Witch of the West.",18.9677,/xDGbZ0JJ3mYaGKy4Nzd9Kph6M9L.jpg,2024-10-16,False,False,6.9,3013,150000000,758827029,162,375000000.0,2.023538744,4.05884686,2024,10
False,/70AV2Xx5FQYj20labp0EGdbjI6E.jpg,"[53, 80, 18]",637649,Wrath of Man,en,Wrath of Man,"A cold and mysterious new security guard for a Los Angeles cash truck company surprises his co-workers when he unleashes precision skills during a heist. The crew is left wondering who he is and where he came from. Soon, the marksman's ultimate motive becomes clear as he takes dramatic and irrevocable steps to settle a score.",18.9047,/M7SUK85sKjaStg4TKhlAVyGlz3.jpg,2021-04-22,False,False,7.573,6074,40000000,103966489,119,100000000.0,1.03966489,1.599162225,2021,4
False,/jhk6D8pim3yaByu1801kMoxXFaX.jpg,"[28, 18, 12]",98,Gladiator,en,Gladiator,"After the death of Emperor Marcus Aurelius, his devious son takes power and demotes Maximus, one of Rome's most capable generals who Marcus preferred. Eventually, Maximus is forced to become a gladiator and battle to the death against other men for the amusement of paying audiences.",18.9011,/wN2xWp1eIwCKOD0BHTcErTBv1Uq.jpg,2000-05-04,False,False,8.225,20844,103000000,465516248,155,257500000.0,1.8078300893203882,3.5195752233009707,2000,5
False,/v1dh11Yox9uMRNtE5lTe9WkXJeR.jpg,"[12, 28, 14]",1865,Pirates of the Caribbean: On Stranger Tides,en,Pirates of the Caribbean: On Stranger Tides,"When Jack crosses paths with a woman from his past, he's not sure if it's love...or if she's a ruthless con artist using him to find the fabled Fountain of Youth.",18.7249,/keGfSvCmYj7CvdRx36OdVrAEibE.jpg,2011-05-15,False,False,6.567,14925,379000000,1046721266,136,947500000.0,1.1047190142480212,1.7617975356200528,2011,5
False,/hwNtEmmugU5Yd7hpfprNWI0DGIn.jpg,"[18, 53, 10752]",16869,Inglourious Basterds,en,Inglourious Basterds,"In Nazi-occupied France during World War II, a group of Jewish-American soldiers known as ""The Basterds"" are chosen specifically to spread fear throughout the Third Reich by scalping and brutally killing Nazis. The Basterds, lead by Lt. Aldo Raine soon cross paths with a French-Jewish teenage girl who runs a movie theater in Paris which is targeted by the soldiers.",18.598,/7sfbEnaARXDDhKm0CZ7D7uc2sbo.jpg,2009-08-02,False,False,8.217,24136,70000000,321457747,153,175000000.0,1.8369014114285713,3.5922535285714288,2009,8
False,/ziexSS07RmowuyqAdJMh1sGxjHg.jpg,"[28, 80, 18]",7220,The Punisher,en,The Punisher,"When undercover FBI agent Frank Castle's wife and son are slaughtered, he becomes 'the Punisher' -- a ruthless vigilante willing to go to any length to avenge his family.",18.5931,/7rmA1HwYp2GKM85BL0cVwCaosGr.jpg,2004-04-15,False,False,6.373,3127,33000000,54700105,124,82500000.0,0.6630315757575758,0.6575789393939394,2004,4
False,/qU7tNIMpRqkizIObXfkJY3haTqh.jpg,"[18, 10402, 10749]",27,9 Songs,en,9 Songs,"Matt, a young glaciologist, soars across the vast, silent, icebound immensities of the South Pole as he recalls his love affair with Lisa. They meet at a mobbed rock concert in a vast music hall - London's Brixton Academy. They are in bed at night's end. Together, over a period of several months, they pursue a mutual sexual passion whose inevitable stages unfold in counterpoint to nine live-concert songs.",18.5712,/91O7z0vo7MiNWd5xD2BoivwbQsb.jpg,2004-07-16,False,False,5.543,576,1000000,1574623,70,2500000.0,0.6298492,0.574623,2004,7
False,/2XSeKDmIa2KxaiJy4J9e8FrIZhk.jpg,"[16, 35, 80, 10751, 878]",20352,Despicable Me,en,Despicable Me,"Gru is a supervillain determined to prove he’s the greatest by stealing the Moon. To pull off his plan, he adopts three orphaned girls—Margo, Edith, and Agnes—intending to use them as part of his scheme. However, as Gru bonds with the girls, his cold, villainous exterior begins to melt.",18.5677,/b1BT309QWjtFUlJPLmXmrcHOWEL.jpg,2010-07-08,False,False,7.258,16032,69000000,543284256,95,172500000.0,3.149473947826087,6.873684869565217,2010,7
False,/sd4xN5xi8tKRPrJOWwNiZEile7f.jpg,"[16, 12, 35, 10751]",920,Cars,en,Cars,"Lightning McQueen, a hotshot rookie race car driven to succeed, discovers that life is about the journey, not the finish line, when he finds himself unexpectedly detoured in the sleepy Route 66 town of Radiator Springs. On route across the country to the big Piston Cup Championship in California to compete against two seasoned pros, McQueen gets to know the town's offbeat characters.",18.3945,/2Touk3m5gzsqr1VsvxypdyHY5ci.jpg,2006-06-08,False,False,7.029,15085,120000000,461983149,117,300000000.0,1.53994383,2.849859575,2006,6
False,/a9IQXoYCpsjqTOKXRTw1osLd5il.jpg,"[18, 10749, 36]",858024,Hamnet,en,Hamnet,"The powerful story of love and loss that inspired the creation of Shakespeare's timeless masterpiece, Hamlet.",18.3873,/zIcd6yuBucRNof5t9KVuGBHIhXU.jpg,2025-11-26,False,False,7.7,1327,30000000,107756183,125,75000000.0,1.4367491066666667,2.5918727666666665,2025,11
False,/ze6Mx4QE5mQVXRYmG2flncqqle4.jpg,"[12, 14]",767,Harry Potter and the Half-Blood Prince,en,Harry Potter and the Half-Blood Prince,Dumbledore tries to prepare Harry for the final battle with Voldemort while Death Eaters wreak havoc in both Muggle and Wizard worlds.,18.3812,/z7uo9zmQdQwU5ZJHFpv2Upl30i1.jpg,2009-07-15,False,False,7.679,20746,250000000,933959197,153,625000000.0,1.4943347152,2.735836788,2009,7
False,/xKsnZDERG1dk95wuZ5q9iks3OL3.jpg,"[80, 18, 28]",949,Heat,en,Heat,Obsessive master thief Neil McCauley leads a top-notch crew on various daring heists throughout Los Angeles while determined detective Vincent Hanna pursues him without rest. Each man recognizes and respects the ability and the dedication of the other even though they are aware their cat-and-mouse game may end in violence.,18.3468,/e09dLw1Ljtccd2P4NsuUvVtS5du.jpg,1995-12-15,False,False,7.934,8316,60000000,187400000,170,150000000.0,1.2493333333333334,2.1233333333333335,1995,12
False,/rthMuZfFv4fqEU4JVbgSW9wQ8rs.jpg,"[28, 878, 12]",986056,Thunderbolts*,en,Thunderbolts*,"After finding themselves ensnared in a death trap, seven disillusioned castoffs must embark on a dangerous mission that will force them to confront the darkest corners of their pasts.",18.2915,/hqcexYHbiTBfDIdDWxrxPtVndBX.jpg,2025-04-30,False,False,7.3,3478,180000000,382436917,127,450000000.0,0.8498598155555556,1.1246495388888889,2025,4
False,/7Wev9JMo6R5XAfz2KDvXb7oPMmy.jpg,"[9648, 53]",77,Memento,en,Memento,"Leonard Shelby is tracking down the man who raped and murdered his wife. The difficulty of locating his wife's killer, however, is compounded by the fact that he suffers from a rare, untreatable form of short-term memory loss. Although he can recall details of life before his accident, Leonard cannot remember what happened fifteen minutes ago, where he's going, or why.",18.2803,/fKTPH2WvH8nHTXeBYBVhawtRqtR.jpg,2000-10-11,False,False,8.177,16197,9000000,40060108,113,22500000.0,1.7804492444444444,3.451123111111111,2000,10
False,/19Ed4XgjahPm4U8JT7SnntERIlt.jpg,"[28, 12, 878]",284054,Black Panther,en,Black Panther,"King T'Challa returns home to the reclusive, technologically advanced African nation of Wakanda to serve as his country's new leader. However, T'Challa soon finds that he is challenged for the throne by factions within his own country as well as without. Using powers reserved to Wakandan kings, T'Challa assumes the Black Panther mantle to join with ex-girlfriend Nakia, the queen-mother, his princess-kid sister, members of the Dora Milaje (the Wakandan 'special forces') and an American secret agent, to prevent Wakanda from being dragged into a world war.",18.1853,/uxzzxijgPIY7slzFvMotPv8wjKA.jpg,2018-02-13,False,False,7.363,23458,200000000,1349926083,135,500000000.0,2.699852166,5.749630415,2018,2
False,/zdXnJqBaGFVtLoPNuMeKfEYUViZ.jpg,"[10749, 18]",11036,The Notebook,en,The Notebook,"An epic love story centered around an older man who reads aloud to a woman with Alzheimer's. From a faded notebook, the old man's words bring to life the story about a couple who is separated by World War II, and is then passionately reunited, seven years later, after they have taken different paths.",18.0448,/rNzQyW4f8B8cQeg7Dgj3n6eT5k9.jpg,2004-06-25,False,False,7.886,12523,29000000,115600000,123,72500000.0,1.5944827586206896,2.986206896551724,2004,6
False,/jr8tSoJGj33XLgFBy6lmZhpGQNu.jpg,"[16, 12, 14, 35, 10751]",315162,Puss in Boots: The Last Wish,en,Puss in Boots: The Last Wish,"Puss in Boots discovers that his passion for adventure has taken its toll: He has burned through eight of his nine lives, leaving him with only one life left. Puss sets out on an epic journey to find the mythical Last Wish and restore his nine lives.",17.9813,/kuf6dutpsT0vSVehic3EZIqkOBt.jpg,2022-12-07,False,False,8.205,8806,90000000,484700000,103,225000000.0,2.1542222222222223,4.385555555555555,2022,12
False,/1jHxkVXMI5s3vRiyiZooUy1shB5.jpg,"[12, 14, 28]",285,Pirates of the Caribbean: At World's End,en,Pirates of the Caribbean: At World's End,"After losing Captain Jack Sparrow to the locker of Davy Jones, Will Turner, Elizabeth Swann, and Captain Barbossa journey to the ends of the earth to rescue him. And as the East India Trading Company tightens its grip on the seas under Lord Cutler Beckett—now in control of Davy Jones—the fate of piracy hangs by a thread. Now, they must unite the pirate lords for one final stand. But as loyalties are tested and alliances shift, each must ultimately choose where they stand in the battle for freedom on the high seas.",17.8661,/2YMnBRh8F6fDGCCEIPk9Hb0cEyB.jpg,2007-05-19,False,False,7.3,15424,300000000,961691209,169,750000000.0,1.2822549453333334,2.2056373633333335,2007,5
False,/rj58WQ9ImI0mYDptXdM7euX1Wjt.jpg,"[16, 10751, 12, 14]",109445,Frozen,en,Frozen,"Young princess Anna of Arendelle dreams about finding true love at her sister Elsa’s coronation. Fate takes her on a dangerous journey in an attempt to end the eternal winter that has fallen over the kingdom. She's accompanied by ice delivery man Kristoff, his reindeer Sven, and snowman Olaf. On an adventure where she will find out what friendship, courage, family, and true love really means.",17.8594,/kgwjIb2JDHRhNk13lmSxiClFjVk.jpg,2013-11-20,False,False,7.248,17553,150000000,1274219009,102,375000000.0,3.397917357333333,7.4947933933333335,2013,11
False,/7iUDfakacY1HpajP1DtHrCuDB95.jpg,"[16, 35, 10751]",863,Toy Story 2,en,Toy Story 2,"Andy heads off to Cowboy Camp, leaving his toys to their own devices. Things shift into high gear when an obsessive toy collector named Al McWhiggen, owner of Al's Toy Barn kidnaps Woody. Andy's toys mount a daring rescue mission, Buzz Lightyear meets his match and Woody has to decide where he and his heart truly belong.",17.8194,/4rbcp3ng8n1MKHjpeqW0L7Fnpzz.jpg,1999-10-30,False,False,7.605,14852,90000000,497375404,92,225000000.0,2.210557351111111,4.526393377777778,1999,10
False,/iYqSQaWDttQIQzsxg9xHyg0bttG.jpg,"[27, 878]",945961,Alien: Romulus,en,Alien: Romulus,"While scavenging the deep ends of a derelict space station, a group of young space colonizers come face to face with the most terrifying life form in the universe.",17.8023,/2uSWRTtCG336nuBiG8jOTEUKSy8.jpg,2024-08-13,False,False,7.164,4522,80000000,350865342,119,200000000.0,1.75432671,3.385816775,2024,8
False,/5fX1oSGuYdKgwWmUTAN5MNSQGzr.jpg,"[28, 12, 14]",209112,Batman v Superman: Dawn of Justice,en,Batman v Superman: Dawn of Justice,"Fearing the actions of a god-like Super Hero left unchecked, Gotham City’s own formidable, forceful vigilante takes on Metropolis’s most revered, modern-day savior, while the world wrestles with what sort of hero it really needs. And with Batman and Superman at war with one another, a new threat quickly arises, putting mankind in greater danger than it’s ever known before.",17.7858,/5UsK3grJvtQrtzEgqNlDljJW96w.jpg,2016-03-23,False,False,5.996,18954,250000000,874362803,152,625000000.0,1.3989804848,2.497451212,2016,3
False,/qdthf9WrRDSaIkGVQGhhJ9pz1hn.jpg,"[28, 16, 35, 10751]",9502,Kung Fu Panda,en,Kung Fu Panda,"Chosen by prophecy but doubted by all, Po is an unlikely choice for the mystical title of the Dragon Warrior—a clumsy panda thrust into the world of kung fu as a deadly enemy threatens the Valley of Peace. Under reluctant guidance by Master Shifu and the Furious Five, Po must embrace who he is to unlock the power that no scroll can teach.",17.7841,/wWt4JYXTg5Wr3xBW2phBrMKgp3x.jpg,2008-06-04,False,False,7.32,12600,130000000,632091832,90,325000000.0,1.9448979446153847,3.8622448615384615,2008,6
False,/hGGC9gKo7CFE3fW07RA587e5kol.jpg,"[16, 35, 10751, 12]",14160,Up,en,Up,"Carl Fredricksen spent his entire life dreaming of exploring the globe and experiencing life to its fullest. But at age 78, life seems to have passed him by, until a twist of fate (and a persistent 8-year old Wilderness Explorer named Russell) gives him a new lease on life.",17.7506,/mFvoEwSfLqbcWwFsDjQebn9bzFe.jpg,2009-05-28,False,False,7.96,21632,175000000,735103954,96,437500000.0,1.6802376091428572,3.200594022857143,2009,5
False,/xgDj56UWyeWQcxQ44f5A3RTWuSs.jpg,"[16, 35, 10751, 14]",2062,Ratatouille,en,Ratatouille,"Remy, a rat, possesses a palate far more refined than that of his fellow comrades. He dreams of becoming a chef, one who creates rather than scavenges. When fate deposits him in the sewers beneath one of Paris’s most famous restaurants, he finds himself ideally placed to fulfill his dream. Forming an unusual alliance with a hapless young kitchen worker, Remy begins a daring culinary double life.  As Remy pursues his vision, he must navigate the suspicions of the calculating Head Chef Skinner, the disapproval of Remy’s own colony, and the foreboding presence of renowned food critic Anton Ego, who strikes fear in the hearts of chefs all throughout France.",17.7329,/t3vaWRPSf6WjDSamIkKDs1iQWna.jpg,2007-06-28,False,False,7.841,18443,150000000,623726000,111,375000000.0,1.6632693333333333,3.1581733333333335,2007,6
False,/95ckrV6wQgbffurAVmETQ5YKASL.jpg,"[10752, 18, 28]",228150,Fury,en,Fury,"April, 1945. As the Allies make their final push in the European Theatre, a battle-hardened army sergeant named Wardaddy commands a Sherman tank and her five-man crew on a deadly mission behind enemy lines. Outnumbered and outgunned, and with a rookie soldier thrust into their platoon, Wardaddy and his men face overwhelming odds in their heroic attempts to strike at the heart of Nazi Germany.",17.7199,/pfte7wdMobMF4CVHuOxyu6oqeeA.jpg,2014-10-15,False,False,7.544,12902,68000000,211817906,135,170000000.0,1.2459876823529412,2.114969205882353,2014,10
False,/gvLG3Fnznkxl4SmYfcK8gUuqxM8.jpg,"[28, 12, 878]",823464,Godzilla x Kong: The New Empire,en,Godzilla x Kong: The New Empire,"Following their explosive showdown, Godzilla and Kong must reunite against a colossal undiscovered threat hidden within our world, challenging their very existence – and our own.",17.655,/z1p34vh7dEOnLDmyCrlUVLuoDzd.jpg,2024-03-27,False,False,7.049,4652,150000000,571750016,115,375000000.0,1.5246667093333333,2.811666773333333,2024,3
False,/vDKRMZGFTKP9nQolzeSB1rB1w6p.jpg,"[18, 36, 10752]",324786,Hacksaw Ridge,en,Hacksaw Ridge,"WWII American Army Medic Desmond T. Doss, who served during the Battle of Okinawa, refuses to kill people and becomes the first Conscientious Objector in American history to receive the Congressional Medal of Honor.",17.5962,/fnOMP6mjmOmZwmlC1n0K7ivrzt1.jpg,2016-10-07,False,False,8.189,14820,40000000,175302354,139,100000000.0,1.75302354,3.38255885,2016,10
False,/g5haoqEqt5VwVwQKEkoXY9zqSxb.jpg,"[35, 10749]",232672,Blended,en,Blended,"Recently divorced mom Lauren and widowed dad Jim let their friends push them into a blind date, which goes disastrously wrong. Unsurprisingly, neither wants to see the other ever again. However, fate intervenes when both Jim and Lauren, unbeknownst to each other, purchase one-half of the same vacation package at a South African resort for families, during spring break. They and their children are forced to share the same romantic suite and participate in a slew of family activities together.",17.4595,/o2YrH9jS7CAfWjETHFeL0tth79E.jpg,2014-05-21,False,False,6.893,3796,40000000,128000000,117,100000000.0,1.28,2.2,2014,5
False,/hjWxngV6tidwDkfJDEgMjHD2KEz.jpg,[18],976893,Perfect Days,ja,PERFECT DAYS,"Hirayama is content with his life as a toilet cleaner in Tokyo. Outside of his structured routine, he cherishes music on cassette tapes, books, and taking photos of trees. Through unexpected encounters, he reflects on finding beauty in the world.",17.458,/mjEk5Wwx6TYVqw29zSaUHclMIgp.jpg,2023-11-10,False,False,7.791,1896,14000000,24094016,124,35000000.0,0.6884004571428571,0.7210011428571429,2023,11
False,/vcrgU0KaNj5mKUCIQSUdiQwTE9y.jpg,"[12, 14]",12444,Harry Potter and the Deathly Hallows: Part 1,en,Harry Potter and the Deathly Hallows: Part 1,"Harry, Ron and Hermione walk away from their last year at Hogwarts to find and destroy the remaining Horcruxes, putting an end to Voldemort's bid for immortality. But with Harry's beloved Dumbledore dead and Voldemort's unscrupulous Death Eaters on the loose, the world is more dangerous than ever.",17.4512,/iGoXIpQb7Pot00EEdwpwPajheZ5.jpg,2010-11-17,False,False,7.734,20340,250000000,954305868,146,625000000.0,1.5268893888,2.817223472,2010,11
False,/6MKr3KgOLmzOP6MSuZERO41Lpkt.jpg,"[35, 80]",337404,Cruella,en,Cruella,"In 1970s London amidst the punk rock revolution, a young grifter named Estella is determined to make a name for herself with her designs. She befriends a pair of young thieves who appreciate her appetite for mischief, and together they are able to build a life for themselves on the London streets. One day, Estella’s flair for fashion catches the eye of the Baroness von Hellman, a fashion legend who is devastatingly chic and terrifyingly haute. But their relationship sets in motion a course of events and revelations that will cause Estella to embrace her wicked side and become the raucous, fashionable and revenge-bent Cruella.",17.4442,/hjS9mH8KvRiGHgjk6VUZH7OT0Ng.jpg,2021-05-26,False,False,7.971,10043,200000000,233503234,134,500000000.0,0.467006468,0.16751617,2021,5
False,/yJi6g0CnsqANLNuVaRX28tZxeHX.jpg,"[27, 9648]",1193501,Whistle,en,Whistle,"A misfit group of unwitting high school students stumble upon a cursed object, an ancient Aztec Death Whistle. They discover that blowing the whistle and the terrifying sound it emits will summon their future deaths to hunt them down.",17.3848,/vgonf5kGsiijUBjzxKTvechhT28.jpg,2026-01-20,False,False,6.297,390,2000000,4686337,100,5000000.0,0.9372674,1.3431685,2026,1
False,/lMRX4cLx4hxYth3iQ96c0E1RHGB.jpg,"[28, 35]",11770,Shaolin Soccer,cn,少林足球,A young Shaolin follower reunites with his discouraged brothers to form a soccer team using their martial art skills to their advantage.,17.3264,/z6ZQqwoxWy9muIxwUP4K2zWw7BU.jpg,2001-07-05,False,False,7.2,2518,10000005,42776760,113,25000012.5,1.7110695444652277,3.2776738611630694,2001,7
False,/weAYfu6FfrNxEDJ3xH1XpgQcqUv.jpg,"[14, 18, 10749]",8966,Twilight,en,Twilight,"When Bella Swan moves to a small town in the Pacific Northwest, she falls in love with Edward Cullen, a mysterious classmate who reveals himself to be a 108-year-old vampire. Despite Edward's repeated cautions, Bella can't stay away from him, a fatal move that endangers her own life.",17.3057,/3Gkb6jm6962ADUPaCBqzz9CTbn9.jpg,2008-11-20,False,False,6.28,14374,37000000,393616788,122,92500000.0,4.255316627027027,9.638291567567567,2008,11
False,/1qM2BYNE11Viby8ImC9LC00DgDr.jpg,"[28, 80, 18]",111,Scarface,en,Scarface,"After getting a green card in exchange for assassinating a Cuban government official, Tony Montana stakes a claim on the drug trade in Miami. Viciously murdering anyone who stands in his way, Tony eventually becomes the biggest drug lord in the state, controlling nearly all the cocaine that comes through Miami. But increased pressure from the police, wars with Colombian drug cartels and his own drug-fueled paranoia serve to fuel the flames of his eventual downfall.",17.2482,/iQ5ztdjvteGeboxtmRdXEChJOHh.jpg,1983-12-09,False,False,8.157,12994,25000000,66023329,170,62500000.0,1.056373264,1.64093316,1983,12
False,/xyXmtuvsoM5J3yNad0nvcetpBdY.jpg,"[12, 14, 28]",49051,The Hobbit: An Unexpected Journey,en,The Hobbit: An Unexpected Journey,"Bilbo Baggins, a hobbit enjoying his quiet life, is swept into an epic quest by Gandalf the Grey and thirteen dwarves who seek to reclaim their mountain home from Smaug, the dragon.",17.1642,/yHA9Fc37VmpUA5UncTxxo3rTGVA.jpg,2012-12-12,False,False,7.373,19597,250000000,1021103568,169,625000000.0,1.6337657088,3.084414272,2012,12
False,/kARonxQpuSZdFraTKlCThWOBCtu.jpg,[35],38365,Grown Ups,en,Grown Ups,"After their high school basketball coach passes away, five good friends and former teammates reunite for a Fourth of July holiday weekend.",17.1222,/cQGM5k1NtU85n4TUlrOrwijSCcm.jpg,2010-06-24,False,False,6.404,6647,80000000,271457606,102,200000000.0,1.35728803,2.393220075,2010,6
False,/AdyJH8kDm8xT8IKTlgpEC15ny4u.jpg,"[14, 28, 12]",453395,Doctor Strange in the Multiverse of Madness,en,Doctor Strange in the Multiverse of Madness,"Doctor Strange, with the help of mystical allies both old and new, traverses the mind-bending and dangerous alternate realities of the Multiverse to confront a mysterious new adversary.",17.1215,/ddJcSKbcp4rKZTmuyWaMhuwcfMz.jpg,2022-05-04,False,False,7.228,10295,290000000,955775804,126,725000000.0,1.3183114537931035,2.2957786344827587,2022,5
False,/uT895WNwm0aIJRtGizcQhrejWUo.jpg,"[28, 12, 878]",76341,Mad Max: Fury Road,en,Mad Max: Fury Road,"An apocalyptic story set in the furthest reaches of our planet, in a stark desert landscape where humanity is broken, and most everyone is crazed fighting for the necessities of life. Within this world exist two rebels on the run who just might be able to restore order.",17.1193,/hA2ple9q4qnwxp3hKVNhroipsir.jpg,2015-05-13,False,False,7.633,24034,150000000,378858340,121,375000000.0,1.0102889066666667,1.5257222666666668,2015,5
False,/jW21PoKwqs79wk6bfiYezox63mK.jpg,"[878, 28, 12]",18,The Fifth Element,fr,Le Cinquième Élément,"In 2257, a taxi driver is unintentionally given the task of saving a young girl who is part of the key that will ensure the survival of humanity.",17.0896,/fPtlCO1yQtnoLHOwKtWz7db6RGU.jpg,1997-05-02,False,False,7.6,11685,90000000,263920180,126,225000000.0,1.1729785777777777,1.9324464444444445,1997,5
False,/uAfhsySkr1UzQg1zdg3dZQRz9Fd.jpg,"[16, 10751, 35]",10193,Toy Story 3,en,Toy Story 3,"Woody, Buzz, and the rest of Andy's toys haven't been played with in years. With Andy about to go to college, the gang find themselves accidentally left at a nefarious day care center. The toys must band together to escape and return home to Andy.",17.067,/AbbXspMOwdvwWZgVN0nabZq03Ec.jpg,2010-06-16,False,False,7.804,15690,200000000,1067316101,102,500000000.0,2.134632202,4.336580505,2010,6
False,/8pwIhymsxfAVjrAE7syDjQULn37.jpg,"[16, 35, 10751, 12]",425,Ice Age,en,Ice Age,"Manny the mammoth, Sid the loquacious sloth, and Diego the sabre-toothed tiger go on a comical quest to return a human baby back to his father, across a world on the brink of an ice age.",17.025,/gLhHHZUzeseRXShoDyC4VqLgsNv.jpg,2002-03-14,False,False,7.373,14260,59000000,383257136,82,147500000.0,2.5983534644067796,5.495883661016949,2002,3
False,/1w8kutrRucTd3wlYyu5QlUDMiG1.jpg,"[12, 10751, 16]",762509,Mufasa: The Lion King,en,Mufasa: The Lion King,"Mufasa, a cub lost and alone, meets a sympathetic lion named Taka, the heir to a royal bloodline. The chance meeting sets in motion an expansive journey of a group of misfits searching for their destiny.",16.9834,/jbOSUAWMGzGL1L4EaUF8K6zYFo7.jpg,2024-12-18,False,False,7.314,2653,200000000,722631756,118,500000000.0,1.445263512,2.61315878,2024,12
False,/kIBK5SKwgqIIuRKhhWrJn3XkbPq.jpg,"[28, 12, 878]",99861,Avengers: Age of Ultron,en,Avengers: Age of Ultron,"When Tony Stark tries to jumpstart a dormant peacekeeping program, things go awry and Earth’s Mightiest Heroes are put to the ultimate test as the fate of the planet hangs in the balance. As the villainous Ultron emerges, it is up to The Avengers to stop him from enacting his terrible plans, and soon uneasy alliances and unexpected action pave the way for an epic and unique global adventure.",16.9623,/4ssDuvEDkSArWEdyBl2X5EHvYKU.jpg,2015-04-22,False,False,7.271,24388,235000000,1405403694,141,587500000.0,2.3921765004255318,4.98044125106383,2015,4
False,/cWczNud8Y8i8ab0Z4bxos4myWYO.jpg,"[16, 10751, 12]",38757,Tangled,en,Tangled,"Feisty teenager Rapunzel, who has long and magical hair, wants to go and see sky lanterns on her eighteenth birthday, but she's bound to a tower by her overprotective mother. She strikes a deal with Flynn Rider, a charming wanted thief, and the duo set off on an action-packed escapade.",16.9494,/ym7Kst6a4uodryxqbGOxmewF235.jpg,2010-11-24,False,False,7.61,12366,260000000,592461732,100,650000000.0,0.9114795876923077,1.2786989692307693,2010,11
False,/q62bpQ67qaXY0u6b2wFEnQYIbPd.jpg,"[10751, 35, 16, 12]",301528,Toy Story 4,en,Toy Story 4,"Woody has always been confident about his place in the world, devoted to taking care of his kid—whether that's Andy or Bonnie. But after Bonnie creates a reluctant new toy called ""Forky"", a road trip adventure alongside old and new friends challenges everything Woody believes about loyalty, purpose, and what it truly means to be a toy.",16.7794,/w9kR8qbmQ01HwnvK4alvnQ2ca0L.jpg,2019-06-19,False,False,7.466,10495,175000000,1073841394,100,437500000.0,2.454494614857143,5.1362365371428576,2019,6
False,/d72ROyJqXQtw2OupW0l15eicRAF.jpg,"[27, 12, 28]",7131,Van Helsing,en,Van Helsing,Famed monster slayer Gabriel Van Helsing is dispatched to Transylvania to assist the last of the Valerious bloodline in defeating Count Dracula. Anna Valerious reveals that Dracula has formed an unholy alliance with Dr. Frankenstein's monster and is hell-bent on exacting a centuries-old curse on her family.,16.7408,/gsFun8nATm52aGHeT8ueAel98nE.jpg,2004-05-03,False,False,6.408,6633,160000000,300257475,132,400000000.0,0.7506436875,0.87660921875,2004,5
False,/4DfxcN4w0FuYZHQ3JAHzpHWia1U.jpg,"[28, 80, 53]",1291608,Dhurandhar,hi,धुरंधर,"A mysterious traveler slips into the heart of Karachi's underbelly and rises through its ranks with lethal precision, only to tear the notorious ISI-Underworld nexus apart from within.",16.6838,/8FHOtUpNIk5ZPEay2N2EY5lrxkv.jpg,2025-12-05,False,False,7.109,276,14330000,170000000,212,35825000.0,4.745289602233077,10.863224005582694,2025,12
False,/3FO1kbQmRlU1H6Kmn7sTfmd7mw9.jpg,[35],1621,Trading Places,en,Trading Places,A snobbish investor and a wily street con-artist find their positions reversed as part of a bet by two callous millionaires.,16.6766,/8mBuLCOcpWnmYtZc4aqtvDXslv6.jpg,1983-06-07,False,False,7.229,3651,15000000,90404800,116,37500000.0,2.410794666666667,5.026986666666667,1983,6
False,/AaABt75ZzfMGrscUR2seabz4PEX.jpg,"[28, 12, 14]",297762,Wonder Woman,en,Wonder Woman,An Amazon princess comes to the world of Man in the grips of the First World War to confront the forces of evil and bring an end to human conflict.,16.6076,/v4ncgZjG2Zu8ZW5al1vIZTsSjqX.jpg,2017-05-30,False,False,7.209,20882,149000000,823970682,141,372500000.0,2.212001830872483,4.530004577181208,2017,5
False,/w1oD1MzHjnBJc5snKupIQaSBLIh.jpg,"[28, 12, 878]",559,Spider-Man 3,en,Spider-Man 3,"The seemingly invincible Spider-Man goes up against an all-new crop of villains—including the shape-shifting Sandman. While Spider-Man’s superpowers are altered by an alien organism, his alter ego, Peter Parker, deals with nemesis Eddie Brock and also gets caught up in a love triangle.",16.5591,/qFmwhVUoUSXjkKRmca5yGDEXBIj.jpg,2007-05-01,False,False,6.458,15182,258000000,894983373,139,645000000.0,1.3875711209302326,2.4689278023255814,2007,5
False,/82C04rTiXYZ7c8XZv91Nu53w82Y.jpg,"[28, 53, 35]",1007734,Nobody 2,en,Nobody 2,"Former assassin Hutch Mansell takes his family on a nostalgic vacation to a small-town theme park, only to be pulled back into violence when they clash with a corrupt operator, a crooked sheriff, and a ruthless crime boss.",16.5273,/svXVRoRSu6zzFtCzkRsjZS7Lqpd.jpg,2025-08-13,False,False,6.933,1538,25000000,43285109,89,62500000.0,0.692561744,0.73140436,2025,8
False,/ffdqHMWkh1h9MABwIfbfRJhgFW6.jpg,"[28, 53, 878]",218,The Terminator,en,The Terminator,"In the post-apocalyptic future, reigning tyrannical supercomputers teleport a cyborg assassin known as the ""Terminator"" back to 1984 to kill Sarah Connor, whose unborn son is destined to lead insurgents against 21st century mechanical hegemony. Meanwhile, the human-resistance movement dispatches a lone warrior to safeguard Sarah. Can he stop the virtually indestructible killing machine?",16.5232,/qvktm0BHcnmDpul4Hz01GIazWPr.jpg,1984-10-26,False,False,7.681,14572,6400000,78371200,108,16000000.0,4.8982,11.2455,1984,10
False,/4BS8tgBNWg2jPiDlBwM2iJe1xB7.jpg,"[16, 10751, 12, 35]",49013,Cars 2,en,Cars 2,Star race car Lightning McQueen and his pal Mater head overseas to compete in the World Grand Prix race. But the road to the championship becomes rocky as Mater gets caught up in an intriguing adventure of his own: international espionage.,16.4978,/okIz1HyxeVOMzYwwHUjH2pHi74I.jpg,2011-06-11,False,False,6.178,8457,200000000,559852396,106,500000000.0,1.119704792,1.79926198,2011,6
False,/jlGmlFOcfo8n5tURmhC7YVd4Iyy.jpg,"[28, 35, 12]",436969,The Suicide Squad,en,The Suicide Squad,"Supervillains Harley Quinn, Bloodsport, Peacemaker and a collection of nutty cons at Belle Reve prison join the super-secret, super-shady Task Force X as they are dropped off at the remote, enemy-infused island of Corto Maltese.",16.4451,/q61qEyssk2ku3okWICKArlAdhBn.jpg,2021-07-28,False,False,7.461,9561,185000000,168717425,132,462500000.0,0.3647944324324324,-0.08801391891891892,2021,7
False,/fypydCipcWDKDTTCoPucBsdGYXW.jpg,"[878, 12, 28]",653346,Kingdom of the Planet of the Apes,en,Kingdom of the Planet of the Apes,"Several generations following Caesar's reign, apes – now the dominant species – live harmoniously while humans have been reduced to living in the shadows. As a new tyrannical ape leader builds his empire, one young ape undertakes a harrowing journey that will cause him to question all he's known about the past and to make choices that will define a future for apes and humans alike.",16.3937,/gKkl37BQuKTanygYQG1pyYgLVgf.jpg,2024-05-08,False,False,7.055,4235,160000000,397378150,145,400000000.0,0.993445375,1.4836134375,2024,5
False,/en971MEXui9diirXlogOrPKmsEn.jpg,"[28, 12, 35]",293660,Deadpool,en,Deadpool,"The origin story of former Special Forces operative turned mercenary Wade Wilson, who, after being subjected to a rogue experiment that leaves him with accelerated healing powers, adopts the alter ego Deadpool. Armed with his new abilities and a dark, twisted sense of humor, Deadpool hunts down the man who nearly destroyed his life.",16.1965,/3E53WEZJqP6aM84D8CckXx4pIHw.jpg,2016-02-09,False,False,7.623,32697,58000000,782837347,108,145000000.0,5.398878255172414,12.497195637931034,2016,2
False,/mmd1HnuvAzFc4iuVJcnBrhDNEKr.jpg,"[27, 53]",694,The Shining,en,The Shining,"Jack Torrance accepts a caretaker job at the Overlook Hotel, where he, along with his wife Wendy and their son Danny, must live isolated from the rest of the world for the winter. But they aren't prepared for the madness that lurks within.",16.1799,/uAR0AWqhQL1hQa69UDEbb2rE5Wx.jpg,1980-05-23,False,False,8.204,18890,19000000,44781695,144,47500000.0,0.9427725263157894,1.3569313157894738,1980,5
False,/ehzI1mVcnHqB58NqPyQwpMqcVoz.jpg,"[28, 80, 53]",168259,Furious 7,en,Furious 7,Deckard Shaw seeks revenge against Dominic Toretto and his family for his comatose brother.,16.1623,/ktofZ9Htrjiy0P6LEowsDaxd3Ri.jpg,2015-04-01,False,False,7.2,11264,190000000,1515400000,138,475000000.0,3.190315789473684,6.975789473684211,2015,4
False,/lzMS0CI3FLQYC5EgJoWeIaEt0lm.jpg,"[878, 18, 12]",286217,The Martian,en,The Martian,"During a manned mission to Mars, Astronaut Mark Watney is presumed dead after a fierce storm and left behind by his crew. But Watney has survived and finds himself stranded and alone on the hostile planet. With only meager supplies, he must draw upon his ingenuity, wit and spirit to subsist and find a way to signal to Earth that he is alive.",16.1485,/3ndAx3weG6KDkJIRMCi5vXX6Dyb.jpg,2015-09-30,False,False,7.697,21175,108000000,631058917,141,270000000.0,2.337255248148148,4.84313812037037,2015,9
False,/HVcza6tJtWFrLriuh3Ano4Vt46.jpg,"[28, 12, 878]",1930,The Amazing Spider-Man,en,The Amazing Spider-Man,"Peter Parker is an outcast high schooler abandoned by his parents as a boy, leaving him to be raised by his Uncle Ben and Aunt May. Like most teenagers, Peter is trying to figure out who he is and how he got to be the person he is today. As Peter discovers a mysterious briefcase that belonged to his father, he begins a quest to understand his parents' disappearance – leading him directly to Oscorp and the lab of Dr. Curt Connors, his father's former partner. As Spider-Man is set on a collision course with Connors' alter ego, The Lizard, Peter will make life-altering choices to use his powers and shape his destiny to become a hero.",16.0691,/jexoNYnPd6vVrmygwF6QZmWPFdu.jpg,2012-06-23,False,False,6.735,18475,215000000,758725893,136,537500000.0,1.411583056744186,2.528957641860465,2012,6
False,/gl0jzn4BupSbL2qMVeqrjKkF9Js.jpg,"[12, 14, 16]",128,Princess Mononoke,ja,もののけ姫,"Ashitaka, a prince of the disappearing Emishi people, is cursed by a demonized boar god and must journey to the west to find a cure. Along the way, he encounters San, a young human woman fighting to protect the forest, and Lady Eboshi, who is trying to destroy it. Ashitaka must find a way to bring balance to this conflict.",16.0533,/cMYCDADoLKLbB83g4WnJegaZimC.jpg,1997-07-12,False,False,8.322,8956,23500000,176506186,134,58750000.0,3.0043606127659572,6.510901531914894,1997,7
False,/otkJlfjB7zJ5h34FEIfemenMbCy.jpg,"[878, 28, 12, 53]",106,Predator,en,Predator,A team of elite commandos on a secret mission in a Central American jungle come to find themselves hunted by an extraterrestrial warrior.,16.0336,/k3mW4qfJo6SKqe6laRyNGnbB9n5.jpg,1987-06-12,False,False,7.551,9082,15000000,98267558,107,37500000.0,2.6204682133333335,5.551170533333333,1987,6
False,/6WqqEjiycNvDLjbEClM1zCwIbDD.jpg,"[27, 53, 878]",1100988,28 Years Later,en,28 Years Later,"Twenty-eight years after the Rage virus outbreak, a heavily-defended island survives connected to the mainland by a single causeway. When one of the group leaves the island into the dark heart of the mainland, he discovers secrets, wonders, and horrors that have mutated not only the infected but other survivors as well.",16.0112,/n5FygjEppOvac6yEaowi26nTyw3.jpg,2025-06-18,False,False,6.614,2519,60000000,151308832,115,150000000.0,1.0087255466666667,1.5218138666666667,2025,6
False,/c3OHQncTAnKFhdOTX7D3LTW6son.jpg,"[28, 80, 18, 53]",49026,The Dark Knight Rises,en,The Dark Knight Rises,"Following the death of District Attorney Harvey Dent, Batman assumes responsibility for Dent's crimes to protect the late attorney's reputation and is subsequently hunted by the Gotham City Police Department. Eight years later, Batman encounters the mysterious Selina Kyle and the villainous Bane, a new terrorist leader who overwhelms Gotham's finest. The Dark Knight resurfaces to protect a city that has branded him an enemy.",15.9741,/hr0L2aueqlP2BYUblTTjmtn0hw4.jpg,2012-07-17,False,False,7.795,24317,250000000,1081041287,165,625000000.0,1.7296660592,3.324165148,2012,7
False,/4XPNNt0zfZKBqxxVWaQALd57UHl.jpg,"[12, 16, 10751, 14]",823219,Flow,lv,Straume,"A solitary cat, displaced by a great flood, finds refuge on a boat with various species and must navigate the challenges of adapting to a transformed world together.",15.9162,/zME0Ul0w48MKkYBnFRn40M5qgLh.jpg,2024-08-29,False,False,8.088,2803,3700000,17660107,85,9250000.0,1.9092007567567568,3.7730018918918917,2024,8
False,/5YZbUmjbMa3ClvSW1Wj3D6XGolb.jpg,"[878, 12, 28]",447365,Guardians of the Galaxy Vol. 3,en,Guardians of the Galaxy Vol. 3,"Peter Quill, still reeling from the loss of Gamora, must rally his team around him to defend the universe along with protecting one of their own. A mission that, if not completed successfully, could quite possibly lead to the end of the Guardians as we know them.",15.7736,/r2J02Z2OpNTctfOSN1Ydgii51I3.jpg,2023-05-03,False,False,7.929,8289,250000000,845550000,150,625000000.0,1.35288,2.3822,2023,5
False,/puqQGxK9HYITUKhCdREg3XOLlZd.jpg,"[27, 878, 35]",696393,Cold Storage,en,Cold Storage,"When a mutating, highly contagious fungus escapes a sealed facility, two employees – joined by a grizzled bioterror operative – must survive the wildest night shift ever to save humanity from extinction.",15.715,/3HA2iiq982e01EKXJvPFyfMADVM.jpg,2026-01-22,False,False,6.81,443,10000000,4048606,99,25000000.0,0.16194424,-0.5951394,2026,1
False,/z3br1ub7spqGMkxgjgJSdM4DC21.jpg,"[18, 9648, 878]",1124,The Prestige,en,The Prestige,"A mysterious story of two magicians whose intense rivalry leads them on a life-long battle for supremacy -- full of obsession, deceit and jealousy with dangerous and deadly consequences.",15.6898,/Ag2B2KHKQPukjH7WutmgnnSNurZ.jpg,2006-10-19,False,False,8.208,17555,40000000,109676311,130,100000000.0,1.09676311,1.741907775,2006,10
False,/9X7Im1YuBhyHYVD8r7CAONPJR5k.jpg,"[28, 878, 12]",68726,Pacific Rim,en,Pacific Rim,"Using massive piloted robots to combat the alien threat, earth's survivors take the fight to the invading alien force lurking in the depths of the Pacific Ocean. Nearly defenseless in the face of the relentless enemy, the forces of mankind have no choice but to turn to two unlikely heroes who now stand as earth's final hope against the mounting apocalypse.",15.6471,/8wo4eN8dWKaKlxhSvBz19uvj8gA.jpg,2013-07-11,False,False,6.924,13341,180000000,411000000,131,450000000.0,0.9133333333333333,1.2833333333333334,2013,7
False,/xlDUjb0Q5Dv6jPQRF5VE4IMjIy.jpg,"[18, 80]",311,Once Upon a Time in America,en,Once Upon a Time in America,"A former Prohibition-era Jewish gangster returns to the Lower East Side of Manhattan over thirty years later, where he once again must confront the ghosts and regrets of his old life.",15.6248,/i0enkzsL5dPeneWnjl1fCWm6L7k.jpg,1984-05-23,False,False,8.382,6020,30000000,5500000,229,75000000.0,0.07333333333333333,-0.8166666666666667,1984,5
False,/zwSDvbnN51JqU1ULzPnEc22DkqV.jpg,"[10749, 35, 18]",1272149,Bridget Jones: Mad About the Boy,en,Bridget Jones: Mad About the Boy,"Bridget Jones navigates life as a widow and single mum with the help of her family, friends, and former lover, Daniel. Back to work and on the apps, she's pursued by a younger man and maybe – just maybe – her son's science teacher.",15.5108,/e5VR3nhLYG60znxaqU84wv4VSCb.jpg,2025-02-12,False,False,6.386,526,50000000,140431671,124,125000000.0,1.123453368,1.80863342,2025,2
False,/pUNfHmVqfwRdILhCkU8TdysVOXo.jpg,"[878, 12, 28]",533533,TRON: Ares,en,TRON: Ares,"A highly sophisticated Program called Ares is sent from the digital world into the real world on a dangerous mission, marking humankind's first encounter with A.I. beings.",15.4699,/chpWmskl3aKm1aTZqUHRCtviwPy.jpg,2025-10-08,False,False,6.478,1379,220000000,142249983,119,550000000.0,0.2586363327272727,-0.35340916818181817,2025,10
False,/uorMP2U1F0AfogYMz4lYu2EbgYo.jpg,"[53, 12, 28, 878]",524047,Greenland,en,Greenland,"John Garrity, his estranged wife and their young son embark on a perilous journey to find sanctuary as a planet-killing comet hurtles toward Earth. Amid terrifying accounts of cities getting levelled, the Garritys experience the best and worst in humanity. As the countdown to the global apocalypse approaches zero, their incredible trek culminates in a desperate and last-minute flight to a possible safe haven.",15.4656,/bNo2mcvSwIvnx8K6y1euAc1TLVq.jpg,2020-07-29,False,False,7.129,5277,34000000,52300000,120,85000000.0,0.6152941176470588,0.538235294117647,2020,7
False,/7FWlcZq3r6525LWOcvO9kNWurN1.jpg,"[12, 28, 878]",271110,Captain America: Civil War,en,Captain America: Civil War,"Following the events of Age of Ultron, the collective governments of the world pass an act designed to regulate all superhuman activity. This polarizes opinion amongst the Avengers, causing two factions to side with Iron Man or Captain America, which causes an epic battle between former allies.",15.4553,/rAGiXaUfPzY7CDEyNKUofk3Kw2e.jpg,2016-04-27,False,False,7.448,24001,250000000,1155046416,147,625000000.0,1.8480742656,3.620185664,2016,4
False,/hBwDYiOPwXHuwiYGP82ekFNSeBr.jpg,"[12, 14, 10749]",50619,The Twilight Saga: Breaking Dawn - Part 1,en,The Twilight Saga: Breaking Dawn - Part 1,Bella Swan and Edward Cullen's honeymoon phase is abruptly disrupted by betrayals and unforeseen tragedies that endanger their world.,15.4276,/qs8LsHKYlVRmJbFUiSUhhRAygwj.jpg,2011-11-16,False,False,6.188,9256,110000000,712171856,117,275000000.0,2.58971584,5.4742896,2011,11
False,/8eifdha9GQeZAkexgtD45546XKx.jpg,"[28, 53, 878]",822119,Captain America: Brave New World,en,Captain America: Brave New World,"After meeting with newly elected U.S. President Thaddeus Ross, Sam finds himself in the middle of an international incident. He must discover the reason behind a nefarious global plot before the true mastermind has the entire world seeing red.",15.4041,/pzIddUEMWhWzfvLI3TwxUG2wGoi.jpg,2025-02-12,False,False,5.981,3071,180000000,415101577,119,450000000.0,0.9224479488888889,1.3061198722222223,2025,2
False,/s7oDV92ltdecJ7BTfGSOgsDi900.jpg,"[18, 10749]",2288,Closer,en,Closer,The relationships of two couples become complicated and deceitful when the man from one couple meets the woman of the other.,15.4012,/fGGaokx4k00S0J603VG53Qlr9jz.jpg,2004-12-03,False,False,6.833,3739,27000000,115505027,104,67500000.0,1.7111855851851852,3.277963962962963,2004,12
False,/7S0bXv3BqCuPfImKRf5kkmBVYZR.jpg,"[28, 12, 14]",572802,Aquaman and the Lost Kingdom,en,Aquaman and the Lost Kingdom,"Black Manta seeks revenge on Aquaman for his father's death. Wielding the Black Trident's power, he becomes a formidable foe. To defend Atlantis, Arthur (Aquaman) forges an alliance with his imprisoned brother. They must protect the kingdom.",15.3681,/7lTnXOy0iNtBAdRP3TZvaKJ77F6.jpg,2023-12-20,False,False,6.527,3475,205000000,440181226,124,512500000.0,0.8588901970731707,1.1472254926829268,2023,12
False,/3q01ACG0MWm0DekhvkPFCXyPZSu.jpg,"[28, 35, 80]",573435,Bad Boys: Ride or Die,en,Bad Boys: Ride or Die,"After their late former Captain is framed, Lowrey and Burnett try to clear his name, only to end up on the run themselves.",15.3601,/oGythE98MYleE6mZlGs5oBGkux1.jpg,2024-06-05,False,False,7.327,3319,100000000,404547819,116,250000000.0,1.618191276,3.04547819,2024,6
False,/mUYV0ZdsDEliGaQahcQH1F3grsP.jpg,"[16, 10751, 12]",10674,Mulan,en,Mulan,"When Imperial China calls one man from every family to defend the empire from invading Huns, a young woman disguises herself as a soldier to take her ailing father’s place. Facing ruthless invaders, brutal training, and the risk of execution if discovered, she must decide who she truly is— and what she’s willing to fight for.",15.349,/jAbexAtB0aSfP5Ay4TpWHARyVnG.jpg,1998-06-18,False,False,7.901,10396,90000000,304320254,88,225000000.0,1.3525344622222222,2.3813361555555557,1998,6
False,/9bvn5SWwAK6qB79UevNi0jqhfke.jpg,[18],17903,A Frozen Flower,ko,쌍화점,A historical drama set in the Koryo dynasty and focused on the relationship between a king and his bodyguard.,15.3207,/jvGmbNUh0eq9ShQmMSof0DXXHWY.jpg,2008-12-30,False,False,6.854,157,10000000,18980744,133,25000000.0,0.75922976,0.8980744,2008,12
False,/tuDhEdza074bA497bO9WFEPs6O6.jpg,"[12, 10751, 14]",411,"The Chronicles of Narnia: The Lion, the Witch and the Wardrobe",en,"The Chronicles of Narnia: The Lion, the Witch and the Wardrobe","Siblings Lucy, Edmund, Susan and Peter step through a magical wardrobe and find the land of Narnia. There, they discover a charming, once peaceful kingdom that has been plunged into eternal winter by the evil White Witch, Jadis. Aided by the wise and magnificent lion, Aslan, the children lead Narnia into a spectacular, climactic battle to be free of the Witch's glacial powers forever.",15.3164,/iREd0rNCjYdf5Ar0vfaW32yrkm.jpg,2005-12-07,False,False,7.136,11475,180000000,745013115,143,450000000.0,1.6555847,3.13896175,2005,12
False,/4frrYwamVG0eXhdMTy3cpNNcCBp.jpg,"[28, 18, 80, 53]",1128650,The Prosecutor,cn,誤判,"A poor young man is wrongly charged with drug trafficking after being deceived. An ex-prosecutor investigates the case, uncovers a corrupt lawyer team's scheme, and restores justice despite obstruction from evil forces.",15.2647,/lTSOwjX2pVynL06MGhxgAnvH4Z2.jpg,2024-12-08,False,False,7.027,206,38500000,128093757,117,96250000.0,1.3308442285714286,2.3271105714285714,2024,12
False,/drRxbu2OHG0DEENptZ8wI5f0uEU.jpg,"[878, 28, 35]",1119449,"Good Luck, Have Fun, Don't Die",en,"Good Luck, Have Fun, Don't Die",A 'Man from the Future' arrives at an LA diner where he must recruit the precise combination of disgruntled patrons to join him on a one-night quest to save the world from the terminal threat of a rogue artificial intelligence.,15.2004,/rWcfOdY7TU6lTdazWj0ebDZnAfO.jpg,2026-02-13,False,False,6.9,434,20000000,9755038,134,50000000.0,0.19510076,-0.5122481,2026,2
False,/8ohobj5lAIbl5XWw11FywS3IRrS.jpg,"[16, 35, 10751, 14, 10749]",809,Shrek 2,en,Shrek 2,"Happily ever after never seemed so far far away when a trip to meet the in-laws turns into a hilariously twisted adventure for Shrek and Fiona. With the help of his faithful Donkey, Shrek takes on a potion-brewing Fairy Godmother, the pompous Prince Charming, and the ogre-killer, Puss In Boots.",15.1776,/2yYP0PQjG8zVqturh1BAqu2Tixl.jpg,2004-05-19,False,False,7.314,13395,150000000,935454538,92,375000000.0,2.4945454346666667,5.236363586666666,2004,5
False,/259QYLcZEkTqwAZAWSC5GeSthaF.jpg,"[28, 53]",204082,Homefront,en,Homefront,"Phil Broker, a retired DEA agent, leads a quiet life with his daughter Maddy, until a school bullying incident draws them into a conflict with Morgan “Gator” Bodine, a local crime boss.",15.1526,/xcFLM44jgl015wLe7lWC1C1bEEM.jpg,2013-11-12,False,False,6.939,3829,22000000,51695362,100,55000000.0,0.9399156727272727,1.3497891818181817,2013,11
False,/vgGcmZWWjxYanOrPxxIoijZqCtQ.jpg,"[35, 53]",467905,How to Make a Killing,en,How to Make a Killing,"Disowned at birth by his obscenely wealthy family, blue-collar Becket Redfellow will stop at nothing to reclaim his inheritance, no matter how many relatives stand in his way.",15.0986,/vxMeKC7o5Gi8IHMi6lUgsdprTqv.jpg,2026-02-19,False,False,7.129,381,15000000,20648148,105,37500000.0,0.55061728,0.3765432,2026,2
False,/49fzLedFVKgGgFChLMuulDJBY1c.jpg,"[18, 10752]",28,Apocalypse Now,en,Apocalypse Now,"At the height of the Vietnam war, Captain Benjamin Willard is sent on a dangerous mission that, officially, ""does not exist, nor will it ever exist."" His goal is to locate - and eliminate - a mysterious Green Beret Colonel named Walter Kurtz, who has been leading his personal army on illegal guerrilla missions into enemy territory.",15.0563,/gQB8Y5RCMkv2zwzFHbUJX3kAhvA.jpg,1979-05-19,False,False,8.267,9072,31500000,150000000,147,78750000.0,1.9047619047619047,3.761904761904762,1979,5
False,/ocOWbTzHcJVTw9Tz173KPeskDOP.jpg,"[10751, 14, 12]",12155,Alice in Wonderland,en,Alice in Wonderland,"Alice, now 19 years old, returns to the whimsical world she first entered as a child and embarks on a journey to discover her true destiny.",15.028,/o0kre9wRCZz3jjSjaru7QU0UtFz.jpg,2010-03-03,False,False,6.64,14777,200000000,1025467110,108,500000000.0,2.05093422,4.12733555,2010,3
False,/tOqIwliWMovSIZ9DyvHcHI7p2im.jpg,"[28, 12, 18]",558449,Gladiator II,en,Gladiator II,"Years after witnessing the death of the revered hero Maximus at the hands of his uncle, Lucius is forced to enter the Colosseum after his home is conquered by the tyrannical Emperors who now lead Rome with an iron fist. With rage in his heart and the future of the Empire at stake, Lucius must look to his past to find strength and honor to return the glory of Rome to its people.",15.0228,/2cxhvwyEwRlysAmRH4iodkvo0z5.jpg,2024-11-13,False,False,6.614,4408,310000000,462180717,148,775000000.0,0.5963622154838709,0.4909055387096774,2024,11
False,/AdBXP8e6K3FYdDrMx3Wr6WZqCYF.jpg,"[12, 14, 35]",493529,Dungeons & Dragons: Honor Among Thieves,en,Dungeons & Dragons: Honor Among Thieves,"A charming thief and a band of unlikely adventurers undertake an epic heist to retrieve a lost relic, but things go dangerously awry when they run afoul of the wrong people.",15.002,/v7UF7ypAqjsFZFdjksjQ7IUpXdn.jpg,2023-03-23,False,False,7.341,4604,151000000,208200000,134,377500000.0,0.551523178807947,0.37880794701986753,2023,3
False,/9IIBboV7MCT0bTxzXHmWK1Hq558.jpg,"[18, 80, 28]",272,Batman Begins,en,Batman Begins,"Driven by tragedy, billionaire Bruce Wayne dedicates his life to uncovering and defeating the corruption that plagues his home, Gotham City.  Unable to work within the system, he instead creates a new identity, a symbol of fear for the criminal underworld - The Batman.",14.9827,/sPX89Td70IDDjVr85jdSBb4rWGr.jpg,2005-06-10,False,False,7.725,22561,150000000,374218673,140,375000000.0,0.9979164613333333,1.4947911533333333,2005,6
False,/u7SeO6Y42P7VCTWLhpnL96cyOqd.jpg,"[28, 12, 878]",102382,The Amazing Spider-Man 2,en,The Amazing Spider-Man 2,"For Peter Parker, life is busy. Between taking out the bad guys as Spider-Man and spending time with the person he loves, Gwen Stacy, high school graduation cannot come quickly enough. Peter has not forgotten about the promise he made to Gwen’s father to protect her by staying away, but that is a promise he cannot keep. Things will change for Peter when a new villain, Electro, emerges, an old friend, Harry Osborn, returns, and Peter uncovers new clues about his past.",14.9722,/dGjoPttcbKR5VWg1jQuNFB247KL.jpg,2014-04-16,False,False,6.536,14200,200000000,716934779,141,500000000.0,1.433869558,2.584673895,2014,4
False,/9XhZhoSnFJ3AjpfzdIiZVHLQIS4.jpg,"[28, 35, 80, 14]",9470,Kung Fu Hustle,cn,功夫,"It's the 1940s, and the notorious Axe Gang terrorizes Shanghai. Small-time criminals Sing and Bone hope to join, but they only manage to make lots of very dangerous enemies. Fortunately for them, kung fu masters and hidden strength can be found in unlikely places. Now they just have to take on the entire Axe Gang.",14.9718,/exbyTbrvRUDKN2mcNEuVor4VFQW.jpg,2004-02-10,False,False,7.492,3169,20000000,102034104,99,50000000.0,2.04068208,4.1017052,2004,2
False,/sdwjQEM869JFwMytTmvr6ggvaUl.jpg,"[18, 53, 9648, 28]",670,Oldboy,ko,올드보이,"With no clue how he came to be imprisoned, drugged and tortured for 15 years, a desperate man seeks revenge on his captors.",14.9397,/pWDtjs568ZfOTMbURQBYuT4Qxka.jpg,2003-11-21,False,False,8.239,9823,3000000,17500000,120,7500000.0,2.3333333333333335,4.833333333333333,2003,11
False,/6N5d02quKqMKqvTpOdFmBDy9scY.jpg,"[35, 18, 10749]",19404,Dilwale Dulhania Le Jayenge,hi,दिलवाले दुल्हनिया ले जायेंगे,"Raj is a rich, carefree, happy-go-lucky second generation NRI. Simran is the daughter of Chaudhary Baldev Singh, who in spite of being an NRI is very strict about adherence to Indian values. Simran has left for India to be married to her childhood fiancé. Raj leaves for India with a mission at his hands, to claim his lady love under the noses of her whole family. Thus begins a saga.",14.8414,/2CAL2433ZeIihfX1Hb2139CX0pW.jpg,1995-10-20,False,False,8.513,4588,13200000,100000000,190,33000000.0,3.0303030303030303,6.575757575757576,1995,10
False,/gddUsvfyySrM5k8B8wwJy2VRlBx.jpg,"[80, 53, 37]",6977,No Country for Old Men,en,No Country for Old Men,"Llewelyn Moss stumbles upon dead bodies, $2 million and a hoard of heroin in a Texas desert, but methodical killer Anton Chigurh comes looking for it, with local sheriff Ed Tom Bell hot on his trail. The roles of prey and predator blur as the violent pursuit of money and justice collide.",14.8055,/6d5XOczc226jECq0LIX0siKtgHR.jpg,2007-11-09,False,False,7.949,13277,25000000,171627166,122,62500000.0,2.746034656,5.86508664,2007,11
False,/698FjyzLdpgXmUSr63LaRwblTmx.jpg,"[12, 878, 53]",507086,Jurassic World Dominion,en,Jurassic World Dominion,"Four years after Isla Nublar was destroyed, dinosaurs now live—and hunt—alongside humans all over the world. This fragile balance will reshape the future and determine, once and for all, whether human beings are to remain the apex predators on a planet they now share with history's most fearsome creatures.",14.7922,/jbAvCACjLf1ZG0unB2tdmx5HAf1.jpg,2022-06-01,False,False,6.602,7031,465000000,1004004592,147,1162500000.0,0.8636598640860215,1.1591496602150537,2022,6
False,/qA6MHDGDY0LyutjLUgFJRbPXLpW.jpg,"[27, 878, 53]",1084199,Companion,en,Companion,"During a weekend getaway at a secluded lakeside estate, a group of friends finds themselves entangled in a web of secrets, deception, and advanced technology. As tensions rise and loyalties are tested, they uncover unsettling truths about themselves and the world around them.",14.7569,/oCoTgC3UyWGfyQ9thE10ulWR7bn.jpg,2025-01-22,False,False,7.012,2269,10000000,36869122,97,25000000.0,1.47476488,2.6869122,2025,1
False,/5a7lMDn3nAj2ByO0X1fg6BhUphR.jpg,"[12, 28, 878]",333339,Ready Player One,en,Ready Player One,"When the creator of a popular video game system dies, a virtual contest is created to compete for his fortune.",14.7099,/pU1ULUq8D3iRxl1fdX2lZIzdHuI.jpg,2018-03-28,False,False,7.585,16879,175000000,607274134,140,437500000.0,1.3880551634285714,2.4701379085714286,2018,3
False,/3V4kLQg0kSqPLctI5ziYWabAZYF.jpg,"[878, 28, 12]",912649,Venom: The Last Dance,en,Venom: The Last Dance,"Eddie and Venom are on the run. Hunted by both of their worlds and with the net closing in, the duo are forced into a devastating decision that will bring the curtains down on Venom and Eddie's last dance.",14.6945,/vGXptEdgZIhPg3cGlc7e8sNPC2e.jpg,2024-10-22,False,False,6.668,4197,120000000,478937618,109,300000000.0,1.5964587266666668,2.991146816666667,2024,10
False,/yvPbncYhMu9FfTjDhq0N5lgnVkO.jpg,"[35, 10749, 18]",4951,10 Things I Hate About You,en,10 Things I Hate About You,"On the first day at his new school, Cameron instantly falls for Bianca, the gorgeous girl of his dreams. The only problem is that Bianca is forbidden to date until her ill-tempered, completely un-dateable older sister Kat goes out, too. In an attempt to solve his problem, Cameron singles out the only guy who could possibly be a match for Kat: a mysterious bad boy with a nasty reputation of his own.",14.6912,/ujERk3aKABXU3NDXOAxEQYTHe9A.jpg,1999-03-30,False,False,7.591,8892,16000000,53478166,97,40000000.0,1.33695415,2.342385375,1999,3
False,/w5IDXtifKntw0ajv2co7jFlTQDM.jpg,"[878, 9648, 12]",62,2001: A Space Odyssey,en,2001: A Space Odyssey,"Humanity finds a mysterious object buried beneath the lunar surface and sets off to find its origins with the help of HAL 9000, the world's most advanced super computer.",14.6753,/ve72VxNqjGM69Uky4WTo2bK6rfq.jpg,1968-04-02,False,False,8.051,12563,12000000,71923560,149,30000000.0,2.397452,4.99363,1968,4
False,/nAVntSurtINQNtYPU7ijgCtgz7W.jpg,"[53, 80, 9648]",13483,Awake,en,Awake,"While undergoing heart surgery, a man experiences a phenomenon called ‘anesthetic awareness’, which leaves him awake but paralyzed throughout the operation. As various obstacles present themselves, his wife must make life-altering decisions while wrestling with her own personal drama.",14.667,/jIPIxaBcppLLkygko7tV5yuTIs1.jpg,2007-11-28,False,False,6.56,1532,86000000,14373825,84,215000000.0,0.066855,-0.8328625,2007,11
False,/tyfO9jHgkhypUFizRVYD0bytPjP.jpg,"[10751, 14]",447273,Snow White,en,Snow White,"Following the benevolent King's disappearance, the Evil Queen dominated the once fair land with a cruel streak. Princess Snow White flees the castle when the Queen, in her jealousy over Snow White's inner beauty, tries to kill her. Deep into the dark woods, she stumbles upon seven magical dwarves and a young bandit named Jonathan. Together, they strive to survive the Queen's relentless pursuit and aspire to take back the kingdom.",14.6496,/oLxWocqheC8XbXbxqJ3x422j9PW.jpg,2025-03-19,False,False,4.3,1623,271600000,205679463,109,679000000.0,0.3029152621502209,-0.24271184462444773,2025,3
False,/61MrK5U4w4MVL1vfwoG12zYPJ8B.jpg,"[28, 53]",615457,Nobody,en,Nobody,"Hutch Mansell, a suburban dad, overlooked husband, nothing neighbor — a ""nobody."" When two thieves break into his home one night, Hutch's unknown long-simmering rage is ignited and propels him on a brutal path that will uncover dark secrets he fought to leave behind.",14.632,/oBgWY00bEFeZ9N25wWVyuQddbAo.jpg,2021-03-18,False,False,7.879,8313,16000000,57512470,91,40000000.0,1.43781175,2.594529375,2021,3
False,/1Onam6oWyFAUCcoxtdWkACtEiNr.jpg,"[18, 10749]",4348,Pride & Prejudice,en,Pride & Prejudice,"A story of love and life among the landed English gentry during the Georgian era. Mr. Bennet is a gentleman living in Hertfordshire with his overbearing wife and five daughters, but if he dies their house will be inherited by a distant cousin whom they have never met, so the family's future happiness and security is dependent on the daughters making good marriages.",14.6238,/o8UhmEbWPHmTUxP0lMuCoqNkbB3.jpg,2005-09-16,False,False,8.052,8751,28000000,124604345,128,70000000.0,1.7800620714285715,3.4501551785714284,2005,9
False,/6aNKD81RHR1DqUUa8kOZ1TBY1Lp.jpg,"[35, 18]",637,Life Is Beautiful,it,La vita è bella,A touching story of an Italian book seller of Jewish ancestry who lives in his own little fairy tale. His creative and happy life would come to an abrupt halt when his entire family is deported to a concentration camp during World War II. While locked up he tries to convince his son that the whole thing is just a game.,14.6222,/6tEJnof1DKWPnl5lzkjf0FVv7oB.jpg,1997-12-20,False,False,8.438,13968,20000000,230098753,116,50000000.0,4.60197506,10.50493765,1997,12
False,/tN3pTxkQoP96wtaEahYuRVdUWb2.jpg,"[878, 53, 35]",701387,Bugonia,en,Bugonia,"Two conspiracy obsessed young men kidnap the high-powered CEO of a major company, convinced that she is an alien intent on destroying planet Earth.",14.622,/oxgsAQDAAxA92mFGYCZllgWkH9J.jpg,2025-10-23,False,False,7.334,1879,50000000,40796580,119,125000000.0,0.32637264,-0.1840684,2025,10
False,/j9eOeLlTGoHoM8BNUJVNyWmIvCi.jpg,"[10749, 35]",1072790,Anyone But You,en,Anyone But You,"After an amazing first date, Bea and Ben’s fiery attraction turns ice cold — until they find themselves unexpectedly reunited at a destination wedding in Australia. So they do what any two mature adults would do: pretend to be a couple.",14.5777,/5qHoazZiaLe7oFBok7XlUhg96f2.jpg,2023-12-21,False,False,6.78,3058,25000000,214891370,103,62500000.0,3.43826192,7.5956548,2023,12
False,/4V1yIoAKPMRQwGBaSses8Bp2nsi.jpg,"[28, 878]",137113,Edge of Tomorrow,en,Edge of Tomorrow,"Major Bill Cage is an officer who has never seen a day of combat when he is unceremoniously demoted and dropped into combat. Cage is killed within minutes, managing to take an alpha alien down with him. He awakens back at the beginning of the same day and is forced to fight and die again... and again - as physical contact with the alien has thrown him into a time loop.",14.4997,/nBM9MMa2WCwvMG4IJ3eiGUdbPe6.jpg,2014-05-27,False,False,7.638,15029,178000000,370541256,114,445000000.0,0.8326769797752809,1.0816924494382023,2014,5
False,/wBzMnQ01R9w58W6ucltdYfOyP4j.jpg,"[28, 878, 35]",284053,Thor: Ragnarok,en,Thor: Ragnarok,"Thor is imprisoned on the other side of the universe and finds himself in a race against time to get back to Asgard to stop Ragnarok, the destruction of his home-world and the end of Asgardian civilization, at the hands of a powerful new threat, the ruthless Hela.",14.4769,/rzRwTcFvttcN1ZpX2xv4j3tSdJu.jpg,2017-10-02,False,False,7.581,21982,180000000,855301806,131,450000000.0,1.90067068,3.7516767,2017,10
False,/rNvn89IcEJPqRKxIgwTAPXl9qjJ.jpg,"[27, 35]",19994,Jennifer's Body,en,Jennifer's Body,"Jennifer, a gorgeous, seductive cheerleader takes evil to a whole new level after she's possessed by a sinister demon. Now it's up to her best friend to stop Jennifer's reign of terror before it's too late.",14.4151,/wrkjsGcFJxcQqR56kJUYAEKKg2T.jpg,2009-09-18,False,False,5.995,4222,16000000,31556061,107,40000000.0,0.788901525,0.9722538125,2009,9
False,/lxwzY9vNwjDgxWKt3zZ6zcU6rEJ.jpg,"[28, 12, 16, 10751]",9806,The Incredibles,en,The Incredibles,"Bob Parr has given up his superhero days to log in time as an insurance adjuster and raise his three children with his formerly heroic wife in suburbia. But when he receives a mysterious assignment, it's time to get back into costume.",14.394,/2LqaLgk4Z226KkgPJuiOQ58wvrm.jpg,2004-10-27,False,False,7.723,18850,92000000,631442092,115,230000000.0,2.7454004,5.863501,2004,10
False,/7y9lSMcr3QbChUhSIiJ01WV2aPc.jpg,"[18, 10749]",292431,Love,fr,Love,"Murphy is an American living in Paris who enters a highly sexually and emotionally charged relationship with the unstable Electra. Unaware of the seismic effect it will have on their relationship, they invite their pretty neighbor into their bed.",14.3719,/yz6lmOmsmYuj6AOLG4LIwK5eJZF.jpg,2015-07-15,False,False,6.5,2656,3000000,249083,134,7500000.0,0.033211066666666664,-0.9169723333333333,2015,7
False,/d5C5Wsx4fnMRA0tj9BK1kTPcgQe.jpg,"[27, 53]",1315303,Primate,en,Primate,"College student Lucy and her friends spend their vacation at her family's home in Hawaii, which includes her pet chimpanzee, Ben. However, when Ben contracts rabies after being bitten by a rabid animal, the group must fight for their lives in order to avoid the now-violent chimp.",14.3662,/rKleYiEj4pFqxedTRWfujLooi84.jpg,2026-01-01,False,False,6.445,625,21000000,41235665,89,52500000.0,0.7854412380952381,0.9636030952380953,2026,1
False,/83H0C66AcvkwpG2738VCTHMY9uv.jpg,"[28, 12, 878]",505642,Black Panther: Wakanda Forever,en,Black Panther: Wakanda Forever,"Queen Ramonda, Shuri, M’Baku, Okoye and the Dora Milaje fight to protect their nation from intervening world powers in the wake of King T’Challa’s death.  As the Wakandans strive to embrace their next chapter, the heroes must band together with the help of War Dog Nakia and Everett Ross and forge a new path for the kingdom of Wakanda.",14.3525,/sv1xJUazXeYqALzczSZ3O6nkH75.jpg,2022-11-09,False,False,7.006,7445,250000000,859102154,162,625000000.0,1.3745634464,2.436408616,2022,11
False,/3TeGmKJfkik1D1rIoqGb1aR4k9c.jpg,"[12, 28, 878]",1893,Star Wars: Episode I - The Phantom Menace,en,Star Wars: Episode I - The Phantom Menace,"Anakin Skywalker, a young slave strong with the Force, is discovered on Tatooine. Meanwhile, the evil Sith have returned, enacting their plot for revenge against the Jedi.",14.3312,/6wkfovpn7Eq8dYNKaG5PY3q2oq6.jpg,1999-05-19,False,False,6.6,15806,115000000,1046515409,136,287500000.0,3.640053596521739,8.100133991304348,1999,5
False,/gJbTXKNTL6O7r7PzF6ZRkJGBlPp.jpg,"[27, 9648, 53]",493922,Hereditary,en,Hereditary,"Following the death of the Leigh family matriarch, Annie and her children uncover disturbing secrets about their heritage. Their daily lives are not only impacted, but they also become entangled in a chilling fate from which they cannot escape, driving them to the brink of madness.",14.2729,/hjlZSXM86wJrfCv5VKfR5DI2VeU.jpg,2018-06-07,False,False,7.291,8552,10000000,87796204,128,25000000.0,3.51184816,7.7796204,2018,6
False,/W1ffLQGHoxfAOq0ZYdPtJlvAdb.jpg,"[878, 18, 10749]",38,Eternal Sunshine of the Spotless Mind,en,Eternal Sunshine of the Spotless Mind,"Joel Barish, heartbroken that his girlfriend underwent a procedure to erase him from her memory, decides to do the same. However, as he watches his memories of her fade away, he realises that he still loves her, and may be too late to correct his mistake.",14.2561,/5MwkWH9tYHv3mV9OdYTMR5qreIz.jpg,2004-03-19,False,False,8.091,16311,20000000,72258126,108,50000000.0,1.44516252,2.6129063,2004,3
False,/nP3y0TkR6XniFs9J53qQkg4Bnnk.jpg,"[18, 35]",10625,Mean Girls,en,Mean Girls,"Cady Heron is a hit with The Plastics, the A-list girl clique at her new school, until she makes the mistake of falling for Aaron Samuels, the ex-boyfriend of alpha Plastic Regina George.",14.2518,/fXm3YKXAEjx7d2tIWDg9TfRZtsU.jpg,2004-04-30,False,False,7.223,9436,17000000,130195052,97,42500000.0,3.063412988235294,6.658532470588235,2004,4
False,/6WRrGYalXXveItfpnipYdayFkQB.jpg,"[18, 53, 80]",1422,The Departed,en,The Departed,"To take down South Boston's Irish Mafia, the police send in one of their own to infiltrate the underworld, not realizing the syndicate has done likewise. While an undercover cop curries favor with the mob kingpin, a career criminal rises through the police ranks. But both sides soon discover there's a mole among them.",14.1949,/nT97ifVT2J1yMQmeq20Qblg61T.jpg,2006-10-04,False,False,8.16,16162,90000000,291465000,151,225000000.0,1.2954,2.2385,2006,10
False,/iZHJsUYxhjI6kbooHoQRWXv6F8E.jpg,"[18, 53, 80]",59,A History of Violence,en,A History of Violence,An average family is thrust into the spotlight after the father commits a seemingly self-defense murder at his diner.,14.1585,/3qnO72NHmUgs9JZXAmu4aId9QDl.jpg,2005-09-23,False,False,7.163,3714,32000000,61477797,96,80000000.0,0.7684724625,0.92118115625,2005,9
False,/qkl57wzSFrpi2sRpoc2mZJbMuLP.jpg,"[14, 18, 10749]",50620,The Twilight Saga: Breaking Dawn - Part 2,en,The Twilight Saga: Breaking Dawn - Part 2,"After the birth of Renesmee, the Cullens gather other vampire clans in order to protect the child from a false allegation that puts the family in front of the Volturi.",14.1445,/7IGdPaKujv0BjI0Zd0m0a4CzEjJ.jpg,2012-11-13,False,False,6.456,9364,120000000,829747654,115,300000000.0,2.765825513333333,5.9145637833333335,2012,11
False,/ggC3Brchf4RqPitEh7cROFoeAWn.jpg,"[18, 80]",640,Catch Me If You Can,en,Catch Me If You Can,"A true story about Frank Abagnale Jr. who, before his 19th birthday, successfully conned millions of dollars worth of checks as a Pan Am pilot, doctor, and legal prosecutor. An FBI agent makes it his mission to put him behind bars. But Frank not only eludes capture, he revels in the pursuit.",14.0995,/ctjEj2xM32OvBXCq8zAdK3ZrsAj.jpg,2002-12-16,False,False,7.979,17064,52000000,352114312,141,130000000.0,2.7085716307692307,5.771429076923077,2002,12
False,/4HWAQu28e2yaWrtupFPGFkdNU7V.jpg,"[35, 80, 9648]",546554,Knives Out,en,Knives Out,"When renowned crime novelist Harlan Thrombey is found dead at his estate just after his 85th birthday, the inquisitive and debonair Detective Benoit Blanc is mysteriously enlisted to investigate. From Harlan's dysfunctional family to his devoted staff, Blanc sifts through a web of red herrings and self-serving lies to uncover the truth behind Harlan's untimely death.",14.0632,/pThyQovXQrw2m0s9x82twj48Jq4.jpg,2019-11-27,False,False,7.84,13988,40000000,312897920,131,100000000.0,3.1289792,6.822448,2019,11
False,/kKTPv9LKKs5L3oO1y5FNObxAPWI.jpg,"[35, 18, 53]",466272,Once Upon a Time... in Hollywood,en,Once Upon a Time... in Hollywood,"Los Angeles, 1969. TV star Rick Dalton, a struggling actor specializing in westerns, and stuntman Cliff Booth, his best friend, try to survive in a constantly changing movie industry. Dalton is the neighbor of the young and promising actress and model Sharon Tate, who has just married the prestigious Polish director Roman Polanski…",13.9922,/8j58iEBw9pOXFD2L0nt0ZXeHviB.jpg,2019-07-24,False,False,7.422,14812,95000000,392105159,162,237500000.0,1.6509690905263157,3.1274227263157894,2019,7
False,/jOzrELAzFxtMx2I4uDGHOotdfsS.jpg,"[12, 28, 878]",181812,Star Wars: The Rise of Skywalker,en,Star Wars: The Rise of Skywalker,"The surviving Resistance faces the First Order once again as the journey of Rey, Finn and Poe Dameron continues. With the power and knowledge of generations behind them, the final battle begins.",13.9808,/db32LaOibwEliAmSL2jjDF6oDdj.jpg,2019-12-18,False,False,6.271,10816,489900000,1074144248,142,1224750000.0,0.8770314333537457,1.192578583384364,2019,12
False,/8zhviPFJx25k8PbUOUL5sLOy9XE.jpg,"[80, 18, 53]",242,The Godfather Part III,en,The Godfather Part III,"In the midst of trying to legitimize his business dealings in 1979 New York and Italy, aging mafia don, Michael Corleone seeks forgiveness for his sins while taking a young protege under his wing.",13.9689,/lm3pQ2QoQ16pextRsmnUbG2onES.jpg,1990-12-25,False,False,7.419,6841,54000000,136766062,162,135000000.0,1.0130819407407408,1.5327048518518518,1990,12
False,/628Dep6AxEtDxjZoGP78TsOxYbK.jpg,"[28, 53, 12]",575264,Mission: Impossible - Dead Reckoning Part One,en,Mission: Impossible - Dead Reckoning Part One,"Ethan Hunt and his IMF team embark on their most dangerous mission yet: To track down a terrifying new weapon that threatens all of humanity before it falls into the wrong hands. With control of the future and the world's fate at stake and dark forces from Ethan's past closing in, a deadly race around the globe begins. Confronted by a mysterious, all-powerful enemy, Ethan must consider that nothing can matter more than his mission—not even the lives of those he cares about most.",13.9245,/NNxYkU70HPurnNCSiCjYAmacwm.jpg,2023-07-08,False,False,7.502,5101,220000000,571125435,164,550000000.0,1.0384098818181817,1.5960247045454545,2023,7
False,/5jhG1lTgV0MS6tDkBMQSSitttTT.jpg,[18],1402,The Pursuit of Happyness,en,The Pursuit of Happyness,A struggling salesman takes custody of his son as he's poised to begin a life-changing professional career.,13.8725,/lBYOKAMcxIvuk9s9hMuecB9dPBV.jpg,2006-12-14,False,False,7.885,10575,55000000,307077295,117,137500000.0,2.233289418181818,4.583223545454546,2006,12
False,/n1ItmvzsDV5yLgDodSCLZpFlsP6.jpg,"[18, 53, 80]",146233,Prisoners,en,Prisoners,"Keller Dover is facing every parent’s worst nightmare. His six-year-old daughter, Anna, is missing, together with her young friend, Joy, and as minutes turn to hours, panic sets in. The only lead is a dilapidated RV that had earlier been parked on their street.",13.8465,/jsS3a3ep2KyBVmmiwaz3LvK49b1.jpg,2013-09-19,False,False,8.105,13036,46000000,122127446,153,115000000.0,1.0619777913043478,1.6549444782608695,2013,9
False,/aTLq0TMKdsmIy1ZyFM1LfPs326d.jpg,"[18, 878, 53]",6479,I Am Legend,en,I Am Legend,"Robert Neville is a scientist who was unable to stop the spread of the terrible virus that was incurable and man-made. Immune, Neville is now the last human survivor in what is left of New York City and perhaps the world. For three years, Neville has faithfully sent out daily radio messages, desperate to find any other survivors who might be out there. But he is not alone.",13.845,/iPDkaSdKk2jRLTM65UOEoKtsIZ8.jpg,2007-12-12,False,False,7.213,16806,150000000,585410052,101,375000000.0,1.561093472,2.90273368,2007,12
False,/vVpEOvdxVBP2aV166j5Xlvb5Cdc.jpg,"[28, 53, 80]",458156,John Wick: Chapter 3 - Parabellum,en,John Wick: Chapter 3 - Parabellum,"Super-assassin John Wick returns with a $14 million price tag on his head and an army of bounty-hunting killers on his trail. After killing a member of the shadowy international assassin’s guild, the High Table, John Wick is excommunicado, but the world’s most ruthless hit men and women await his every turn.",13.8236,/ziEuG1essDuWuC5lpWUaw1uXY2O.jpg,2019-05-15,False,False,7.437,11701,55000000,328349908,131,137500000.0,2.387999330909091,4.9699983272727275,2019,5
False,/ks2C2Ap2W79L5QiVQ7jVp5mmIna.jpg,"[35, 27]",273477,Scouts Guide to the Zombie Apocalypse,en,Scouts Guide to the Zombie Apocalypse,"Three scouts and lifelong friends join forces with one badass cocktail waitress to become the world’s most unlikely team of heroes.  When their peaceful town is ravaged by a zombie invasion, they’ll fight for the badge of a lifetime and put their scouting skills to the test to save mankind from the undead.",13.8133,/lUKvvSnjFlazrdh6wyHxHrdMknD.jpg,2015-10-23,False,False,6.571,2123,15000000,14900000,93,37500000.0,0.3973333333333333,-0.006666666666666667,2015,10
False,/hkAVgWvAMmM8tj9CDEvGqMdNQBE.jpg,"[35, 14]",72105,Ted,en,Ted,"John Bennett, a man whose childhood wish of bringing his teddy bear to life came true, now must decide between keeping the relationship with the bear or his girlfriend, Lori.",13.8,/1QVZXQQHCEIj8lyUhdBYd2qOYtq.jpg,2012-06-29,False,False,6.45,13145,50000000,549368315,107,125000000.0,4.39494652,9.9873663,2012,6
False,/997ToEZvF2Obp9zNZbY5ELVnmrW.jpg,"[18, 10749]",537915,After,en,After,"Tessa Young is a dedicated student, dutiful daughter and loyal girlfriend to her high school sweetheart. Entering her first semester of college, Tessa's guarded world opens up when she meets Hardin Scott, a mysterious and brooding rebel who makes her question all she thought she knew about herself -- and what she wants out of life.",13.7623,/u3B2YKUjWABcxXZ6Nm9h10hLUbh.jpg,2019-04-11,False,False,7.107,8517,14000000,69497587,106,35000000.0,1.9856453428571428,3.9641133571428573,2019,4
False,/5oaMV2q0qzxkIW2ukU3lldLu5q2.jpg,"[53, 18, 80]",1359,American Psycho,en,American Psycho,"A wealthy New York investment banking executive hides his alternate psychopathic ego from his co-workers and friends as he escalates deeper into his illogical, gratuitous fantasies.",13.6817,/9uGHEgsiUXjCNq8wdq4r49YL8A1.jpg,2000-04-13,False,False,7.406,12259,7000000,34269748,102,17500000.0,1.9582713142857142,3.8956782857142858,2000,4
False,/3WK7p9EdZmmvB1IbB2Vw9Rf4lXH.jpg,"[18, 10749]",296096,Me Before You,en,Me Before You,"Lou Clark, a directionless 26-year-old from the English countryside, takes a job at the local castle as a caregiver and companion to a wealthy young banker, Will Traynor. Wheelchair-bound from an accident two years prior, the once adventurous Will has all but given up — that is until Lou determines to show him that life is worth living.",13.6452,/Ia3dzj5LnCj1ZBdlVeJrbKJQxG.jpg,2016-06-01,False,False,7.918,13215,20000000,207945075,110,50000000.0,4.1589015,9.39725375,2016,6
False,/rQaHA74pevnGsxcKGaoZVGWe9TC.jpg,"[16, 10751, 18, 10402, 14]",508442,Soul,en,Soul,"Joe Gardner is a middle school teacher with a love for jazz music. After a successful audition at the Half Note Club, he suddenly gets into an accident that separates his soul from his body and is transported to the You Seminar, a center in which souls develop and gain passions before being transported to a newborn child. Joe must enlist help from the other souls-in-training, like 22, a soul who has spent eons in the You Seminar, in order to get back to Earth.",13.632,/6jmppcaubzLF8wkXM36ganVISCo.jpg,2020-12-25,False,False,8.092,11392,150000000,121977511,101,375000000.0,0.3252733626666667,-0.18681659333333334,2020,12
False,/5fxTB08O7CW1hAcN2MWOKodp1h1.jpg,"[18, 35]",615777,Babylon,en,Babylon,"A tale of outsized ambition and outrageous excess, tracing the rise and fall of multiple characters in an era of unbridled decadence and depravity during Hollywood's transition from silent films to sound films in the late 1920s.",13.6259,/wjOHjWCUE0YzDiEzKv8AfqHj3ir.jpg,2022-12-22,False,False,7.354,3766,78000000,65267446,189,195000000.0,0.3347048512820513,-0.16323787179487179,2022,12
False,/ihOJcrorpDQtHTzIOrobbOhpJsj.jpg,"[12, 28, 53, 878]",604,The Matrix Reloaded,en,The Matrix Reloaded,"The Resistance builds in numbers as humans are freed from the Matrix and brought to the city of Zion. Neo discovers his superpowers, including the ability to see the code inside the Matrix. With machine sentinels digging to Zion in 72 hours, Neo, Morpheus and Trinity must find the Keymaker to ultimately reach the Source.",13.6126,/aA5qHS0FbSXO8PxcxUIHbDrJyuh.jpg,2003-05-15,False,False,7.076,11934,150000000,738599701,138,375000000.0,1.9695992026666667,3.923998006666667,2003,5
False,/W034dd7w2malON26KWyZm4y37W.jpg,"[12, 28, 14]",1735,The Mummy: Tomb of the Dragon Emperor,en,The Mummy: Tomb of the Dragon Emperor,"Archaeologist Rick O'Connell travels to China, pitting him against an emperor from the 2,000-year-old Han dynasty who's returned from the dead to pursue a quest for world domination. This time, O'Connell enlists the help of his wife and son to quash the so-called 'Dragon Emperor' and his abuse of supernatural power.",13.6045,/A3acM1lX5PNWQa6r5qeMAJOxbnT.jpg,2008-07-01,False,False,5.517,4801,145000000,403449830,112,362500000.0,1.1129650482758622,1.7824126206896551,2008,7
False,/hJ5R9d6QuH3tzr8L8neZZTuzNXm.jpg,"[878, 18, 53]",78,Blade Runner,en,Blade Runner,"In the smog-choked dystopian Los Angeles of 2019, blade runner Rick Deckard is called out of retirement to terminate a quartet of replicants who have escaped to Earth seeking their creator for a way to extend their short life spans.",13.5448,/63N9uy8nd9j7Eog2axPQ8lbr3Wj.jpg,1982-06-25,False,False,7.938,14954,28000000,41722424,118,70000000.0,0.5960346285714285,0.4900865714285714,1982,6
False,/jniabJVBSW3EqLlyhjxWCZjVkiE.jpg,"[12, 28, 878]",1895,Star Wars: Episode III - Revenge of the Sith,en,Star Wars: Episode III - Revenge of the Sith,"When the sinister Sith unveil a thousand-year-old plot to rule the galaxy, the Republic crumbles and from its ashes rises the evil Galactic Empire. Jedi hero Anakin Skywalker must choose a side.",13.5441,/xfSAoBEm9MNBjmlNcDYLvLSMlnq.jpg,2005-05-17,False,False,7.465,14909,113000000,850000000,140,282500000.0,3.0088495575221237,6.522123893805309,2005,5
False,/fiRDzpcJe7qz3yIR43hdXIE3NHv.jpg,"[53, 9648, 35]",812583,Wake Up Dead Man: A Knives Out Mystery,en,Wake Up Dead Man: A Knives Out Mystery,"When young priest Jud Duplenticy is sent to assist charismatic firebrand Monsignor Jefferson Wicks, it’s clear that all is not well in the pews. After a sudden and seemingly impossible murder rocks the town, the lack of an obvious suspect prompts local police chief Geraldine Scott to join forces with renowned detective Benoit Blanc to unravel a mystery that defies all logic.",13.5368,/qCOGGi8JBVEZMc3DVby8rUivyXz.jpg,2025-11-26,False,False,7.205,2456,210000000,4000000,145,525000000.0,0.007619047619047619,-0.9809523809523809,2025,11
False,/mFCS5OuhPYT79KXu5jl7RqznPR1.jpg,[27],259693,The Conjuring 2,en,The Conjuring 2,Lorraine and Ed Warren travel to north London to help a single mother raising four children alone in a house plagued by malicious spirits.,13.5204,/zEqyD0SBt6HL7W9JQoWwtd5Do1T.jpg,2016-06-08,False,False,7.294,9151,40000000,322819915,134,100000000.0,3.22819915,7.070497875,2016,6
False,/ss0Os3uWJfQAENILHZUdX8Tt1OC.jpg,"[28, 12, 878]",545611,Everything Everywhere All at Once,en,Everything Everywhere All at Once,"An aging Chinese immigrant is swept up in an insane adventure, where she alone can save what's important to her by connecting with the lives she could have led in other universes.",13.4796,/u68AjlvlutfEIcpmbYpKcdi09ut.jpg,2022-03-24,False,False,7.72,7920,25000000,139200000,140,62500000.0,2.2272,4.568,2022,3
False,/uy2trYgO8MOQfQXlvMaLhBnkUqg.jpg,"[18, 28, 53]",7485,Shooter,en,Shooter,"A top Marine sniper, Bob Lee Swagger, leaves the military after a mission goes horribly awry and disappears, living in seclusion. He is coaxed back into service after a high-profile government official convinces him to help thwart a plot to kill the President of the United States. Ultimately double-crossed and framed for the attempt, Swagger becomes the target of a nationwide manhunt. He goes on the run to track the real killer and find out who exactly set him up, and why, eventually seeking revenge against some of the most powerful and corrupt leaders in the free world.",13.4557,/2aWGxo1E5polpBjPvtBRkWp7qaS.jpg,2007-03-22,False,False,7.122,5435,61000000,95700000,124,152500000.0,0.6275409836065574,0.5688524590163935,2007,3
False,/qvyOfwTC3qdbzkqdXWSSEMHtjBZ.jpg,"[18, 35, 10749]",1064213,Anora,en,Anora,"A young sex worker from Brooklyn gets her chance at a Cinderella story when she meets and impulsively marries the son of an oligarch. Once the news reaches Russia, her fairytale is threatened as his parents set out to get the marriage annulled.",13.4546,/oN0o3owobFjePDc5vMdLRAd0jkd.jpg,2024-10-14,False,False,7.069,3137,6000000,56286295,139,15000000.0,3.7524196666666665,8.381049166666667,2024,10
False,/9FrpAtF87VKblKkDEiIZzYgO40K.jpg,"[28, 35, 80]",2109,Rush Hour,en,Rush Hour,"When Hong Kong Inspector Lee is summoned to Los Angeles to investigate a kidnapping, the FBI doesn't want any outside help and assigns cocky LAPD Detective James Carter to distract Lee from the case. Not content to watch the action from the sidelines, Lee and Carter form an unlikely partnership and investigate the case themselves.",13.4461,/we7wOLVFgxhzLzUt0qNe50xdIQZ.jpg,1998-09-18,False,False,7.069,5637,33000000,244721064,97,82500000.0,2.9663159272727273,6.4157898181818185,1998,9
False,/59vDC1BuEQvti24OMr0ZvtAK6R1.jpg,"[14, 12, 16, 10751]",10191,How to Train Your Dragon,en,How to Train Your Dragon,"As the son of a Viking leader on the cusp of manhood, shy Hiccup Horrendous Haddock III faces a rite of passage: he must kill a dragon to prove his warrior mettle. But after downing a feared dragon, he realizes that he no longer wants to destroy it, and instead befriends the beast – which he names Toothless – much to the chagrin of his warrior father.",13.4428,/ygGmAO60t8GyqUo9xYeYxSZAR3b.jpg,2010-03-18,False,False,7.859,14342,165000000,495141736,98,412500000.0,1.2003436024242424,2.000859006060606,2010,3
False,/7bWxAsNPv9CXHOhZbJVlj2KxgfP.jpg,"[27, 53]",713704,Evil Dead Rise,en,Evil Dead Rise,"A reunion between two estranged sisters gets cut short by the rise of flesh-possessing demons, thrusting them into a primal battle for survival as they face the most nightmarish version of family imaginable.",13.44,/5ik4ATKmNtmJU6AYD0bLm56BCVM.jpg,2023-04-12,False,False,6.921,3654,15000000,147256372,96,37500000.0,3.9268365866666666,8.817091466666668,2023,4
False,/2dlt9I2ga6hweywz9zsFUz1PVii.jpg,"[878, 53, 27]",604079,The Long Walk,en,The Long Walk,"In a dystopian 1970s America, fifty teenage boys take part in a deadly annual walking contest, forced to maintain a minimum pace or be executed, until only one survivor remains.",13.4237,/wobVTa99eW0ht6c1rNNzLkazPtR.jpg,2025-09-10,False,False,6.924,1482,20000000,63103084,108,50000000.0,1.26206168,2.1551542,2025,9
False,/7JhsJxNmdW0y4IyNrHy10cECrAz.jpg,[35],109418,Grown Ups 2,en,Grown Ups 2,"Lenny has relocated his family back to the small town where he and his friends grew up. This time around, the grown ups are the ones learning lessons from their kids on a day notoriously full of surprises—the last day of school.",13.398,/hT6ijOtjtYrnyDhN7VA2QWyGFAm.jpg,2013-07-11,False,False,6.153,4660,80000000,247022278,101,200000000.0,1.23511139,2.087778475,2013,7
False,/vh7np635kDIcfO6x2Y9ElgLJsuI.jpg,"[80, 27, 9648]",4232,Scream,en,Scream,"A year after the murder of her mother, a teenage girl is terrorized by a masked killer who targets her and her friends by using scary movies as part of a deadly game.",13.3802,/lr9ZIrmuwVmZhpZuTCW8D9g0ZJe.jpg,1996-12-20,False,False,7.429,7924,14000000,173046663,112,35000000.0,4.944190371428571,11.360475928571429,1996,12
False,/8AAuJtCzaibYkbE0QVHc8EBsELB.jpg,"[14, 28, 12, 16, 10751]",82702,How to Train Your Dragon 2,en,How to Train Your Dragon 2,"Five years after uniting the dragons and Vikings of Berk, Hiccup and Toothless soar beyond their homeland, charting the vast unknown. During one of their adventures, the pair discover a secret cave that houses hundreds of wild dragons -- and a mysterious dragon rider with a startling connection to Hiccup. And as the ruthless dragon conqueror Drago Bludvist rises to seize control of both dragons and people alike, Hiccup must step into his role as a true leader and, alongside his friends and Toothless, protect Berk from a devastating war.",13.3657,/d13Uj86LdbDLrfDoHR5aDOFYyJC.jpg,2014-06-05,False,False,7.681,10417,145000000,621537519,102,362500000.0,1.714586259310345,3.286465648275862,2014,6
False,/raph7qjAGTMXaIjVxt6ZDSXRzUr.jpg,"[28, 878, 12]",786892,Furiosa: A Mad Max Saga,en,Furiosa: A Mad Max Saga,"As the world falls, young Furiosa is snatched from the Green Place of Many Mothers into the hands of a great biker horde led by the warlord Dementus. Sweeping through the wasteland, they encounter the citadel presided over by Immortan Joe. The two tyrants wage war for dominance, and Furiosa must survive many trials as she puts together the means to find her way home.",13.3652,/iADOJ8Zymht2JPMoy3R7xceZprc.jpg,2024-05-22,False,False,7.456,4854,168000000,174287546,149,420000000.0,0.4149703476190476,0.03742586904761905,2024,5
False,/uvitbjFU4JqvMwIkMWHp69bmUzG.jpg,"[18, 80]",598,City of God,pt,Cidade de Deus,"In the poverty-stricken favelas of Rio de Janeiro in the 1970s, two young men choose different paths. Rocket is a budding photographer who documents the increasing drug-related violence of his neighborhood, while José “Zé” Pequeno is an ambitious drug dealer diving into a dangerous life of crime.",13.3615,/k7eYdWvhYQyRQoU2TB2A2Xu2TfD.jpg,2002-08-30,False,False,8.43,8169,3300000,30641770,129,8250000.0,3.7141539393939396,8.28538484848485,2002,8
False,/hy0Hx9fMPk2fmw26Li60z1S2giU.jpg,"[18, 80, 53]",629,The Usual Suspects,en,The Usual Suspects,"Held in an L.A. interrogation room, Verbal Kint attempts to convince the feds that a mythic crime lord, Keyser Soze, not only exists, but was also responsible for drawing him and his four partners into a multi-million dollar heist that ended with an explosion in San Pedro harbor – leaving few survivors. Verbal lures his interrogators with an incredible story of the crime lord's almost supernatural prowess.",13.3612,/99X2SgyFunJFXGAYnDv3sb9pnUD.jpg,1995-07-19,False,False,8.171,11380,6000000,23300000,106,15000000.0,1.5533333333333332,2.8833333333333333,1995,7
False,/1m1c5gIWWkb1FEC9lzsoXHhhs7b.jpg,"[28, 18, 36, 10752]",197,Braveheart,en,Braveheart,"Enraged at the slaughter of Murron, his new bride and childhood love, Scottish warrior William Wallace slays a platoon of the local English lord's soldiers. This leads the village to revolt and, eventually, the entire country to rise up against English rule.",13.3525,/or1gBugydmjToAEq7OZY0owwFk.jpg,1995-05-24,False,False,7.944,11085,72000000,213216216,178,180000000.0,1.1845345333333333,1.9613363333333333,1995,5
False,/kzeBfhXMRWiykBsqoL3UbfaM0S.jpg,"[28, 35, 80]",1035259,The Naked Gun,en,The Naked Gun,"Only one man has the particular set of skills... to lead Police Squad and save the world: Lt. Frank Drebin Jr. Following in his father's footsteps, he must solve a murder case to prevent Police Squad from closure.",13.3488,/rwla9vqzrKVVKVKiOuROTIXGsxj.jpg,2025-07-30,False,False,6.366,1694,42000000,102147396,85,105000000.0,0.9728323428571428,1.4320808571428572,2025,7
False,/liiPM38H376CDqxJ7VeQjan5YUy.jpg,"[16, 35, 12, 10751]",57800,Ice Age: Continental Drift,en,Ice Age: Continental Drift,"Manny, Diego, and Sid embark upon another adventure after their continent is set adrift. Using an iceberg as a ship, they encounter sea creatures and battle pirates as they explore a new world.",13.3431,/dfp1BZF7FxbBUyzHvMOI9t8NWDD.jpg,2012-06-27,False,False,6.386,8088,95000000,877244782,88,237500000.0,3.69366224,8.2341556,2012,6
False,/pYgj8e2Y6RufnSyOA6OnzmxFXxZ.jpg,"[27, 18, 9648]",530385,Midsommar,en,Midsommar,"Several friends travel to Sweden to study as anthropologists a summer festival that is held every ninety years in the remote hometown of one of them. What begins as a dream vacation in a place where the sun never sets, gradually turns into a dark nightmare as the mysterious inhabitants invite them to participate in their disturbing festive activities.",13.3425,/7LEI8ulZzO5gy9Ww2NVCrKmHeDZ.jpg,2019-07-03,False,False,7.151,8046,9000000,48498408,147,22500000.0,2.1554848,4.388712,2019,7
False,/fe6kkxaxn0mCU2gl1vfU44IYWsy.jpg,[18],1317149,I Swear,en,I Swear,"Diagnosed with Tourette Syndrome at 15, John Davidson navigates his way against the odds through troubled teenage years and into adulthood, finding inspiration in the kindness of others to discover his true purpose in life.",13.3416,/vUwyhNWBKkSwK8ELvEeBRwV724h.jpg,2025-09-22,False,False,8.2,292,6000000,13133643,121,15000000.0,0.8755762,1.1889405,2025,9
False,/uKPbFF08QkRMvIAsgCh1soeyPhZ.jpg,"[18, 878, 9648]",329865,Arrival,en,Arrival,"Taking place after alien crafts land around the world, an expert linguist is recruited by the military to determine whether they come in peace or are a threat.",13.331,/pEzNVQfdzYDzVK0XqxERIw2x2se.jpg,2016-11-10,False,False,7.626,19307,47000000,203388186,116,117500000.0,1.730963285106383,3.3274082127659574,2016,11
False,/9UAcMhSCDJ2OCo5QdPpSERjhMA1.jpg,"[18, 36]",1396,Mirror,ru,Зеркало,"A dying man in his forties recalls his childhood, his mother, the war and personal moments that tell of and juxtapose pivotal moments in Soviet history with daily life.",13.3034,/AttDP5OEsMxtHPPN7Z92p2Ntnmd.jpg,1975-03-07,False,False,7.953,1088,825000,124367,107,2062500.0,0.060299151515151514,-0.8492521212121212,1975,3
False,/4fLZUr1e65hKPPVw0R3PmKFKxj1.jpg,"[16, 35, 10751, 14, 10749]",976573,Elemental,en,Elemental,"In a city where fire, water, land and air residents live together, a fiery young woman and a go-with-the-flow guy will discover something elemental: how much they have in common.",13.2973,/4Y1WNkd88JXmGfhtWR7dmDAo1T2.jpg,2023-06-14,False,False,7.577,5277,200000000,496444308,102,500000000.0,0.992888616,1.48222154,2023,6
False,/4P71rDf6roxVskbvdcbNayVMpXd.jpg,"[28, 12, 878]",14161,2012,en,2012,"Dr. Adrian Helmsley, part of a worldwide geophysical team investigating the effect on the earth of radiation from unprecedented solar storms, learns that the earth's core is heating up. He warns U.S. President Thomas Wilson that the crust of the earth is becoming unstable and that without proper preparations for saving a fraction of the world's population, the entire race is doomed. Meanwhile, writer Jackson Curtis stumbles on the same information. While the world's leaders race to build ""arks"" to escape the impending cataclysm, Curtis struggles to find a way to save his family. Meanwhile, volcanic eruptions and earthquakes of unprecedented strength wreak havoc around the world.",13.2875,/c2PkTPT5D9zB8SIm5wNlDAANEqM.jpg,2009-10-10,False,False,5.877,12718,200000000,791217826,158,500000000.0,1.582435652,2.95608913,2009,10
False,/9PRKAdrDvAdCfg3EcApLTfzGsEt.jpg,"[878, 35, 12]",696506,Mickey 17,en,Mickey 17,"Unlikely hero Mickey Barnes finds himself in the extraordinary circumstance of working for an employer who demands the ultimate commitment to the job… to die, for a living.",13.2844,/edKpE9B5qN3e559OuMCLZdW1iBZ.jpg,2025-02-28,False,False,6.831,3524,118000000,133542263,137,295000000.0,0.4526856372881356,0.13171409322033897,2025,2
False,/2vFuG6bWGyQUzYS9d69E5l85nIz.jpg,"[878, 12, 28]",667538,Transformers: Rise of the Beasts,en,Transformers: Rise of the Beasts,"When a new threat capable of destroying the entire planet emerges, Optimus Prime and the Autobots must team up with a powerful faction known as the Maximals. With the fate of humanity hanging in the balance, humans Noah and Elena will do whatever it takes to help the Transformers as they engage in the ultimate battle to save Earth.",13.2307,/gPbM0MK8CP8A174rmUwGsADNYKD.jpg,2023-06-06,False,False,7.172,5256,195000000,441381193,127,487500000.0,0.9053973189743589,1.2634932974358974,2023,6
False,/3G1Q5xF40HkUBJXxt2DQgQzKTp5.jpg,"[16, 35, 10751, 14]",568124,Encanto,en,Encanto,"The tale of an extraordinary family, the Madrigals, who live hidden in the mountains of Colombia, in a magical house, in a vibrant town, in a wondrous, charmed place called an Encanto. The magic of the Encanto has blessed every child in the family—every child except one, Mirabel. But when she discovers that the magic surrounding the Encanto is in danger, Mirabel decides that she, the only ordinary Madrigal, might just be her exceptional family's last hope.",13.2157,/4j0PNHkMr5ax3IA8tjtxcmPU3QT.jpg,2021-10-13,False,False,7.568,10186,150000000,261292688,102,375000000.0,0.6967805013333334,0.7419512533333333,2021,10
False,/r17jFHAemzcWPPtoO0UxjIX0xas.jpg,"[28, 53, 80]",324552,John Wick: Chapter 2,en,John Wick: Chapter 2,"John Wick is forced out of retirement by a former associate looking to seize control of a shadowy international assassins’ guild. Bound by a blood oath to aid him, Wick travels to Rome and does battle against some of the world’s most dangerous killers.",13.2074,/hXWBc0ioZP3cN4zCu6SN3YHXZVO.jpg,2017-02-08,False,False,7.337,14224,40000000,171539887,122,100000000.0,1.71539887,3.288497175,2017,2
False,/4mlS1MitcOqdPLhxEFyk9Qwf5rr.jpg,"[16, 18, 10751]",260514,Cars 3,en,Cars 3,"Blindsided by a new generation of blazing-fast racers, the legendary Lightning McQueen is suddenly pushed out of the sport he loves. To get back in the game, he will need the help of an eager young race technician with her own plan to win, inspiration from the late Fabulous Hudson Hornet, and a few unexpected turns.",13.2064,/zg5RDxvIIAKsucjuU2EZJIHEIvz.jpg,2017-06-15,False,False,6.858,6374,175000000,383925276,102,437500000.0,0.877543488,1.19385872,2017,6
False,/3pKIcv6KhUE35jsKnv3MylQ3OT2.jpg,"[80, 28, 878]",198184,Chappie,en,Chappie,"Every child comes into the world full of promise, and none more so than Chappie: he is gifted, special, a prodigy. Like any child, Chappie will come under the influence of his surroundings—some good, some bad—and he will rely on his heart and soul to find his way in the world and become his own man. But there's one thing that makes Chappie different from any one else: he is a robot.",13.2028,/uuDUpzlMFomdSfNWlpEPS9nVZWV.jpg,2015-03-04,False,False,6.791,8464,49000000,104399548,120,122500000.0,0.8522412081632653,1.1306030204081632,2015,3
False,/r7K6Xt0RX4Mw0cAbZVw5cyb1Tux.jpg,"[28, 12, 14]",566525,Shang-Chi and the Legend of the Ten Rings,en,Shang-Chi and the Legend of the Ten Rings,Shang-Chi must confront the past he thought he left behind when he is drawn into the web of the mysterious Ten Rings organization.,13.1938,/9f2Q0U3IOsLgrI2HkvldwSABZy5.jpg,2021-09-01,False,False,7.494,10361,150000000,432243292,132,375000000.0,1.1526487786666666,1.8816219466666666,2021,9
False,/4kix6fAblJIH6eMs0Ku2loyZJXK.jpg,"[28, 53, 878]",679,Aliens,en,Aliens,"Ripley, the sole survivor of the Nostromo's deadly encounter with the monstrous Alien, returns to Earth after drifting through space in hypersleep for 57 years. Although her story is initially met with skepticism, she agrees to accompany a team of Colonial Marines back to LV-426.",13.1754,/r1x5JGpyqZU8PYhbs4UcrO1Xb6x.jpg,1986-07-18,False,False,7.962,10826,18500000,183316455,137,46250000.0,3.963599027027027,8.908997567567567,1986,7
False,/egVj5Y9f79xPnyAQJmeDR0Uwow3.jpg,"[53, 18, 10749]",2251,Unfaithful,en,Unfaithful,A New York suburban couple's marriage goes dangerously awry when the wife indulges in an adulterous fling.,13.1654,/bjiHEhuiwhIygzjczbTPAA07cGc.jpg,2002-05-10,False,False,6.691,1709,50000000,119137784,124,125000000.0,0.953102272,1.38275568,2002,5
False,/cDJ61O1STtbWNBwefuqVrRe3d7l.jpg,"[12, 14, 28]",10195,Thor,en,Thor,"Against his father Odin's will, The Mighty Thor - a powerful but arrogant warrior god - recklessly reignites an ancient war. Thor is cast down to Earth and forced to live among humans as punishment. Once here, Thor learns what it takes to be a true hero when the most dangerous villain of his world sends the darkest forces of Asgard to invade Earth.",13.1371,/prSfAi1xGrhLQNxVSUFh61xQ4Qy.jpg,2011-04-21,False,False,6.768,22315,150000000,449326618,115,375000000.0,1.1982043146666668,1.9955107866666666,2011,4
False,/r9leYNa8nTRCceZrZhP1DXkgKVb.jpg,"[27, 9648, 878]",1091,The Thing,en,The Thing,A research team in Antarctica is hunted by a shape-shifting alien that assumes the appearance of its victims.,13.1014,/tzGY49kseSE9QAKk47uuDGwnSCu.jpg,1982-06-25,False,False,8.071,7902,15000000,19629760,109,37500000.0,0.5234602666666667,0.3086506666666667,1982,6
False,/69EFgWWPFWbRNHmQgYdSnyJ94Ge.jpg,"[28, 12, 878]",49521,Man of Steel,en,Man of Steel,"A young boy learns that he has extraordinary powers and is not of this earth. As a young man, he journeys to discover where he came from and what he was sent here to do. But the hero in him must emerge if he is to save the world from annihilation and become the symbol of hope for all mankind.",13.0807,/cB46TSg3kGjq2eVy5kVUhlpUa1H.jpg,2013-06-12,False,False,6.646,16163,225000000,668045518,143,562500000.0,1.1876364764444445,1.969091191111111,2013,6
False,/wyvUmyzqGOBDyqLHRSukGDjI7bH.jpg,[18],50014,The Help,en,The Help,"Aibileen Clark is a middle-aged African-American maid who has spent her life raising white children and has recently lost her only son; Minny Jackson is an African-American maid who has often offended her employers despite her family's struggles with money and her desperate need for jobs; and Eugenia ""Skeeter"" Phelan is a young white woman who has recently moved back home after graduating college to find out her childhood maid has mysteriously disappeared. These three stories intertwine to explain how life in Jackson, Mississippi revolves around ""the help""; yet they are always kept at a certain distance because of racial lines.",13.0763,/3kmfoWWEc9Vtyuaf9v5VipRgdjx.jpg,2011-08-09,False,False,8.2,9017,25000000,216600000,146,62500000.0,3.4656,7.664,2011,8
False,/8BTsTfln4jlQrLXUBquXJ0ASQy9.jpg,"[12, 28, 878]",140607,Star Wars: The Force Awakens,en,Star Wars: The Force Awakens,"Thirty years after defeating the Galactic Empire, Han Solo and his allies face a new threat from the evil Kylo Ren and his army of Stormtroopers.",13.0441,/wqnLdwVXoBjKibFRR5U3y0aDUhs.jpg,2015-12-15,False,False,7.249,20512,245000000,2068223624,136,612500000.0,3.376691631020408,7.44172907755102,2015,12
False,/hwPnxzIgQFfXl5zP0Yh8bViCMzf.jpg,"[14, 12, 28]",57158,The Hobbit: The Desolation of Smaug,en,The Hobbit: The Desolation of Smaug,"The Dwarves, Bilbo and Gandalf have successfully escaped the Misty Mountains, and Bilbo has gained the One Ring. They all continue their journey to get their gold back from the Dragon, Smaug.",12.9928,/xQYiXsheRCDBA39DOrmaw1aSpbk.jpg,2013-12-11,False,False,7.578,14173,250000000,958400000,161,625000000.0,1.53344,2.8336,2013,12
False,/4DZxWNSAyksN6N3JkvpJ53Yq6zU.jpg,"[28, 18, 878]",263115,Logan,en,Logan,"In the near future, a weary Logan cares for an ailing Professor X in a hideout on the Mexican border. But Logan's attempts to hide from the world and his legacy are upended when a young mutant arrives, pursued by dark forces.",12.9648,/fnbjcRDYn6YviCcePDnGdyAkYsB.jpg,2017-02-28,False,False,7.819,20368,97000000,619021436,137,242500000.0,2.5526657154639176,5.381664288659794,2017,2
False,/s5QfDFqRO6sjgPtKkjxD0WqXQef.jpg,"[12, 878]",135397,Jurassic World,en,Jurassic World,"Twenty-two years after the events of Jurassic Park, Isla Nublar now features a fully functioning dinosaur theme park, Jurassic World, as originally envisioned by John Hammond.",12.9528,/rhr4y79GpxQF9IsfJItRXVaoGs4.jpg,2015-06-06,False,False,6.7,21547,150000000,1671537444,124,375000000.0,4.457433184,10.14358296,2015,6
False,/c0fB9xk7D1aVb3Bg2rk2SVJcGn.jpg,"[18, 10752]",423,The Pianist,en,The Pianist,"The true story of pianist Władysław Szpilman's experiences in Warsaw during the Nazi occupation. When the Jews of the city find themselves forced into a ghetto, Szpilman finds work playing in a café; and when his family is deported in 1942, he stays behind, works for a while as a laborer, and eventually goes into hiding in the ruins of the war-torn city.",12.9505,/2hFvxCCWrTmCYwfy7yum0GKRi3Y.jpg,2002-09-17,False,False,8.375,10117,35000000,120098945,150,87500000.0,1.3725593714285713,2.4313984285714287,2002,9
False,/wxr4Z6E83h14CogsZOzDm1vuDX3.jpg,"[878, 28, 12]",91314,Transformers: Age of Extinction,en,Transformers: Age of Extinction,"As humanity picks up the pieces after the battle of Chicago, a shadowy group reveals itself in an attempt to control the direction of history…while an ancient, powerful new menace sets Earth in its crosshairs. With help from Cade Yeager, Optimus Prime and the Autobots rise to meet their most fearsome challenge yet.",12.9121,/jyzrfx2WaeY60kYZpPYepSjGz4S.jpg,2014-06-25,False,False,5.961,8730,210000000,1105261713,165,525000000.0,2.1052604057142856,4.2631510142857145,2014,6
False,/bGGjyPqtNc8hhGkPo8W8D8t90bW.jpg,"[28, 12, 53]",539972,Kraven the Hunter,en,Kraven the Hunter,"Kraven Kravinoff's complex relationship with his ruthless gangster father, Nikolai, starts him down a path of vengeance with brutal consequences, motivating him to become not only the greatest hunter in the world, but also one of its most feared.",12.9052,/1GvBhRxY6MELDfxFrete6BNhBB5.jpg,2024-12-11,False,False,6.438,2320,130000000,62076533,127,325000000.0,0.1910047169230769,-0.5224882076923076,2024,12
False,/fwrqW8Lp5VQuppFrODd4iJ8LySE.jpg,"[28, 12]",335787,Uncharted,en,Uncharted,"A young street-smart, Nathan Drake and his wisecracking partner Victor “Sully” Sullivan embark on a dangerous pursuit of “the greatest treasure never found” while also tracking clues that may lead to Nathan’s long-lost brother.",12.8833,/rJHC1RUORuUhtfNb4Npclx0xnOf.jpg,2022-02-10,False,False,6.882,6823,120000000,407141258,116,300000000.0,1.3571375266666668,2.392843816666667,2022,2
False,/bjKTwVrzX2cflxRhvAlqvOdloTG.jpg,"[9648, 53]",2832,Identity,en,Identity,"Complete strangers stranded at a remote desert motel during a raging storm soon find themselves the target of a deranged murderer. As their numbers thin out, the travelers begin to turn on each other, as each tries to figure out who the killer is.",12.8746,/sYgimsiBywqVwJI8H4sETke8m7v.jpg,2003-04-25,False,False,7.184,4340,28000000,90259536,90,70000000.0,1.289421942857143,2.223554857142857,2003,4
False,/s3FiHTdpQVpqIqdBxLLiy40wGut.jpg,"[16, 28, 12, 35, 10751]",140300,Kung Fu Panda 3,en,Kung Fu Panda 3,"While Po and his father are visiting a secret panda village, an evil spirit threatens all of China, forcing Po to form a ragtag army to fight back.",12.8646,/oajNi4Su39WAByHI6EONu8G8HYn.jpg,2016-01-23,False,False,6.925,6568,145000000,521170825,95,362500000.0,1.437712620689655,2.594281551724138,2016,1
False,/f4QIQvecRkKD5t7aPclyIr3SEP.jpg,"[53, 80, 27]",43947,I Spit on Your Grave,en,I Spit on Your Grave,"A beautiful woman from the city, Jennifer Hills, rents an isolated cabin in the country to write her latest novel. Soon, a group of local lowlifes subject her to a nightmare of degradation, rape, and violence.",12.832,/xDbNbIqsdA1D0W2gve2QRTp4z83.jpg,2010-06-17,False,False,6.511,2555,2000000,572809,108,5000000.0,0.1145618,-0.7135955,2010,6
False,/fGBJEfGjHmhg7nLAT0Jkcv9qV5e.jpg,"[18, 35, 10749]",43347,Love & Other Drugs,en,Love & Other Drugs,"Maggie is an alluring free spirit who won't let anyone – or anything – tie her down. But she meets her match in Jamie, whose relentless and nearly infallible charm serves him well with the ladies and the cutthroat world of pharmaceutical sales. Maggie and Jamie's evolving relationship takes them both by surprise, as they find themselves under the influence of the ultimate drug: love.",12.8232,/wZLM2uKJRYNchLmiCIjosX0rXy8.jpg,2010-11-22,False,False,7.043,5594,30000000,102800000,112,75000000.0,1.3706666666666667,2.4266666666666667,2010,11
False,/ww1eIoywghjoMzRLRIcbJLuKnJH.jpg,"[28, 53, 18, 80]",343611,Jack Reacher: Never Go Back,en,Jack Reacher: Never Go Back,"Years after resigning command of an elite military police unit, the nomadic, righter-of-wrongs Reacher is drawn back into the life he left behind when his friend and successor, Major Susan Turner is framed for espionage. Reacher will stop at nothing to prove her innocence and to expose the real perpetrators behind the killings of his former soldiers.",12.8169,/cOg3UT2NYWHZxp41vpxAnVCOC4M.jpg,2016-10-19,False,False,6.011,5320,60000000,162100000,118,150000000.0,1.0806666666666667,1.7016666666666667,2016,10
False,/7WJjFviFBffEJvkAms4uWwbcVUk.jpg,"[14, 12, 28]",451048,Jungle Cruise,en,Jungle Cruise,"Dr. Lily Houghton enlists the aid of wisecracking skipper Frank Wolff to take her down the Amazon in his dilapidated boat. Together, they search for an ancient tree that holds the power to heal – a discovery that will change the future of medicine.",12.8104,/yKy9ELL8CON5sqDg4yIvBb5LTZL.jpg,2021-07-28,False,False,7.293,6157,200000000,220889446,127,500000000.0,0.441778892,0.10444723,2021,7
False,/y2Ca1neKke2mGPMaHzlCNDVZqsK.jpg,"[28, 35, 53]",718930,Bullet Train,en,Bullet Train,"Unlucky assassin Ladybug is determined to do his job peacefully after one too many gigs gone off the rails. Fate, however, may have other plans, as Ladybug's latest mission puts him on a collision course with lethal adversaries from around the globe—all with connected, yet conflicting, objectives—on the world's fastest train.",12.8078,/j8szC8OgrejDQjjMKSVXyaAjw3V.jpg,2022-08-03,False,False,7.412,7499,90000000,239268602,126,225000000.0,1.0634160088888889,1.6585400222222222,2022,8
False,/bQXAqRx2Fgc46uCVWgoPz5L5Dtr.jpg,"[28, 12, 878]",436270,Black Adam,en,Black Adam,"Nearly 5,000 years after he was bestowed with the almighty powers of the Egyptian gods—and imprisoned just as quickly—Black Adam is freed from his earthly tomb, ready to unleash his unique form of justice on the modern world.",12.7974,/rCtreCr4xiYEWDQTebybolIh6Xe.jpg,2022-10-19,False,False,6.808,7002,200000000,393452111,125,500000000.0,0.786904222,0.967260555,2022,10
False,/ukPu5xYOBAnh5H46uK4aQOirW2b.jpg,"[12, 16, 35, 10751, 878]",1022787,Elio,en,Elio,"Elio, a space fanatic with an active imagination, finds himself on a cosmic misadventure where he must form new bonds with eccentric alien lifeforms, navigate a crisis of intergalactic proportions and somehow discover who he is truly meant to be.",12.7851,/7z8jDiTZZco9moIKpTUImFtTy7o.jpg,2025-06-18,False,False,6.905,971,150000000,154291182,98,375000000.0,0.411443152,0.02860788,2025,6
False,/einbto9qLXFx9QXxEHylaxDbKPx.jpg,"[18, 10749, 14]",122906,About Time,en,About Time,"The night after another unsatisfactory New Year's party, Tim's father reveals to him that the men in their family have the ability to travel through time. They can't change history, but they can change what happens and has happened in their own lives. Thus begins the start of a lesson in learning to appreciate life itself as it is, as it comes, and most importantly, the people living alongside us.",12.7583,/ls6zswrOZVhCXQBh96DlbnLBajM.jpg,2013-09-04,False,False,7.906,9248,12000000,87100449,123,30000000.0,2.9033483,6.25837075,2013,9
False,/atoIgfAk2Ig2HFJLD0VUnjiPWEz.jpg,"[12, 35, 10751, 14]",118,Charlie and the Chocolate Factory,en,Charlie and the Chocolate Factory,"A young boy wins a tour through the most magnificent chocolate factory in the world, led by the world's most unusual candy maker.",12.7358,/iKP6wg3c6COUe8gYutoGG7qcPnO.jpg,2005-07-13,False,False,7.038,16095,150000000,475000000,115,375000000.0,1.2666666666666666,2.1666666666666665,2005,7
False,/9udCLTxTFl28RxnK8Q05E154ZGa.jpg,"[35, 18]",120467,The Grand Budapest Hotel,en,The Grand Budapest Hotel,"The Grand Budapest Hotel tells of a legendary concierge at a famous European hotel between the wars and his friendship with a young employee who becomes his trusted protégé. The story involves the theft and recovery of a priceless Renaissance painting, the battle for an enormous family fortune and the slow and then sudden upheavals that transformed Europe during the first half of the 20th century.",12.7167,/eWdyYQreja6JGCzqHWXpWHDrrPo.jpg,2014-02-26,False,False,8.028,16062,30000000,174600318,100,75000000.0,2.32800424,4.8200106,2014,2
False,/rSEfKLHDZKiMQWsyJIfKr9D0CaC.jpg,"[35, 10749]",41630,No Strings Attached,en,No Strings Attached,"Emma is a busy doctor who sets up a seemingly perfect arrangement when she offers her best friend Adam a relationship with one rule: No strings attached. But when a fling becomes a thing, can sex friends stay best friends?",12.7032,/9C09L1U9S13J4Ut029Qhu0oLcTQ.jpg,2011-01-21,False,False,6.295,4982,25000000,149200000,107,62500000.0,2.3872,4.968,2011,1
False,/iffzIhuLAO38Po6sh1s6ZEVwlNL.jpg,"[28, 80]",24,Kill Bill: Vol. 1,en,Kill Bill: Vol. 1,"An assassin is shot by her ruthless employer, Bill, and other members of their assassination circle – but she lives to plot her vengeance.",12.681,/v7TaX8kXMXs5yFFGR41guUDNcnB.jpg,2003-10-10,False,False,7.971,18898,30000000,180906076,111,75000000.0,2.4120810133333332,5.030202533333333,2003,10
False,/jXDselREPq8TOVGM4dzBBUM7xVk.jpg,"[28, 878, 12]",399579,Alita: Battle Angel,en,Alita: Battle Angel,"When Alita awakens with no memory of who she is in a future world she does not recognize, she is taken in by Ido, a compassionate doctor who realizes that somewhere in this abandoned cyborg shell is the heart and soul of a young woman with an extraordinary past.",12.6632,/xRWht48C2V8XNfzvPehyClOvDni.jpg,2019-01-31,False,False,7.251,9979,170000000,405000000,122,425000000.0,0.9529411764705882,1.3823529411764706,2019,1
False,/aJn9XeesqsrSLKcHfHP4u5985hn.jpg,"[878, 12, 28]",283995,Guardians of the Galaxy Vol. 2,en,Guardians of the Galaxy Vol. 2,The Guardians must fight to keep their newfound family together as they unravel the mysteries of Peter Quill's true parentage.,12.6582,/y4MBh0EjBlMuOzv9axM4qJlmhzz.jpg,2017-04-19,False,False,7.609,22899,200000000,863756051,137,500000000.0,1.727512102,3.318780255,2017,4
False,/bdI6U1mT0kCdTJ6TWtiFxQ42GSn.jpg,"[80, 18, 53]",242582,Nightcrawler,en,Nightcrawler,"When Lou Bloom, desperate for work, muscles into the world of L.A. crime journalism, he blurs the line between observer and participant to become the star of his own story. Aiding him in his effort is Nina, a TV-news veteran.",12.656,/j9HrX8f7GbZQm1BrBiR40uFQZSb.jpg,2014-10-23,False,False,7.708,11697,8500000,47425835,118,21250000.0,2.231804,4.57951,2014,10
False,/3P52oz9HPQWxcwHOwxtyrVV1LKi.jpg,"[28, 35, 12]",383498,Deadpool 2,en,Deadpool 2,Wisecracking mercenary Deadpool battles the evil and powerful Cable and other bad guys to save a boy's life.,12.6443,/to0spRl1CMDvyUbOnbb4fTk3VAd.jpg,2018-05-15,False,False,7.49,19190,110000000,785896632,120,275000000.0,2.8578059345454547,6.144514836363636,2018,5
False,/ncoqdHs1poUaBqyKic9YI8ai7MP.jpg,"[53, 80]",161,Ocean's Eleven,en,Ocean's Eleven,"Less than 24 hours into his parole, charismatic thief Danny Ocean is already rolling out his next plan: In one night, Danny's hand-picked crew of specialists will attempt to steal more than $150 million from three Las Vegas casinos. But to score the cash, Danny risks his chances of reconciling with ex-wife, Tess.",12.6436,/hQQCdZrsHtZyR6NbKH2YyCqd2fR.jpg,2001-12-07,False,False,7.459,12523,85000000,450717150,116,212500000.0,2.121021882352941,4.302554705882353,2001,12
False,/mzRJpkWPjXdXak0WCc8ZxVH4hug.jpg,"[878, 28]",373571,Godzilla: King of the Monsters,en,Godzilla: King of the Monsters,"Follows the heroic efforts of the crypto-zoological agency Monarch as its members face off against a battery of god-sized monsters, including the mighty Godzilla, who collides with Mothra, Rodan, and his ultimate nemesis, the three-headed King Ghidorah. When these ancient super-species, thought to be mere myths, rise again, they all vie for supremacy, leaving humanity's very existence hanging in the balance.",12.6181,/mzOHg7Q5q9yUmY0b9Esu8Qe6Nnm.jpg,2019-05-29,False,False,6.692,6694,170000000,387300138,132,425000000.0,0.9112944423529412,1.278236105882353,2019,5
False,/g4a5YLWwi6OCp8TcvxsUNrXMbN5.jpg,"[878, 28, 53]",87101,Terminator Genisys,en,Terminator Genisys,"The year is 2029. John Connor, leader of the resistance continues the war against the machines. At the Los Angeles offensive, John's fears of the unknown future begin to emerge when TECOM spies reveal a new plot by SkyNet that will attack him from both fronts; past and future, and will ultimately change warfare forever.",12.5889,/oZRVDpNtmHk8M1VYy1aeOWUXgbC.jpg,2015-06-23,False,False,5.953,8954,155000000,440603537,126,387500000.0,1.1370413858064516,1.842603464516129,2015,6
False,/v23fWgJUEt8EMmvn19btIacxP8E.jpg,"[10749, 14, 16]",3933,Corpse Bride,en,Corpse Bride,"In a 19th-century European village, a young man about to be married is whisked away to the underworld and wed to a mysterious corpse bride, while his real bride waits bereft in the land of the living.",12.5886,/3RAoVTxUk1OzZClscAsynuu670p.jpg,2005-09-12,False,False,7.587,10158,40000000,118133252,77,100000000.0,1.18133252,1.9533313,2005,9
False,/70uUnpfe7en9x011UjpZoub101l.jpg,"[99, 18]",1430,Bowling for Columbine,en,Bowling for Columbine,"This is not a film about gun control. It is a film about the fearful heart and soul of the United States, and the 280 million Americans lucky enough to have the right to a constitutionally protected Uzi. From a look at the Columbine High School security camera tapes to the home of Oscar-winning NRA President Charlton Heston, from a young man who makes homemade napalm with The Anarchist's Cookbook to the murder of a six-year-old girl by another six-year-old. Bowling for Columbine is a journey through the US, through our past, hoping to discover why our pursuit of happiness is so riddled with violence.",12.5453,/4XsiTsZcNCRSkee1o0fdr5OqYRT.jpg,2002-10-09,False,False,7.513,1687,4000000,35564473,120,10000000.0,3.5564473,7.89111825,2002,10
False,/2QMgoiDlTmrO9FngZft8GgZ2SbX.jpg,"[10751, 16, 12, 35]",270946,Penguins of Madagascar,en,Penguins of Madagascar,"Skipper, Kowalski, Rico and Private join forces with undercover organization The North Wind to stop the villainous Dr. Octavius Brine from destroying the world as we know it.",12.5431,/dXbpNrPDZDMEbujFoOxmMNQVMHa.jpg,2014-11-22,False,False,6.532,4460,132000000,373515621,92,330000000.0,1.1318655181818182,1.8296637954545454,2014,11
False,/ff2ti5DkA9UYLzyqhQfI2kZqEuh.jpg,"[28, 53]",245891,John Wick,en,John Wick,Ex-hitman John Wick comes out of retirement to track down the gangsters that took everything from him.,12.5358,/wXqWR7dHncNRbxoEGybEy7QTe9h.jpg,2014-10-22,False,False,7.454,20795,20000000,86085191,101,50000000.0,1.72170382,3.30425955,2014,10
False,/tZvdyLP2F6x2TTuh292ceH87qZT.jpg,"[12, 28, 14]",166426,Pirates of the Caribbean: Dead Men Tell No Tales,en,Pirates of the Caribbean: Dead Men Tell No Tales,"Thrust into an all-new adventure, a down-on-his-luck Capt. Jack Sparrow feels the winds of ill-fortune blowing even more strongly when deadly ghost sailors led by his old nemesis, the evil Capt. Salazar, escape from the Devil's Triangle. Jack's only hope of survival lies in seeking out the legendary Trident of Poseidon, but to find it, he must forge an uneasy alliance with a brilliant and beautiful astronomer and a headstrong young man in the British navy.",12.4955,/6lAPOAFYFWIO3SQRemEY2wInQMC.jpg,2017-05-23,False,False,6.656,12783,230000000,795922298,129,575000000.0,1.384212692173913,2.4605317304347825,2017,5
False,/zkThiZAaAie8Lw7RAc5yPTOewBV.jpg,"[14, 16, 10751]",8392,My Neighbor Totoro,ja,となりのトトロ,"Two sisters move to the country with their father in order to be closer to their hospitalized mother, and discover the surrounding trees are inhabited by Totoros, magical spirits of the forest. When the youngest runs away from home, the older sister seeks help from the spirits to find her.",12.4903,/rtGDOeG9LzoerkDGZF9dnVeLppL.jpg,1988-04-16,False,False,8.1,8789,3700000,41000000,86,9250000.0,4.4324324324324325,10.08108108108108,1988,4
False,/jPu8yiadqgzwFPGKJmGo637ASVP.jpg,"[878, 28, 12]",1724,The Incredible Hulk,en,The Incredible Hulk,"Scientist Bruce Banner scours the planet for an antidote to the unbridled force of rage within him: the Hulk. But when the military masterminds who dream of exploiting his powers force him back to civilization, he finds himself coming face to face with a new, deadly foe.",12.4758,/gKzYx79y0AQTL4UAk1cBQJ3nvrm.jpg,2008-06-12,False,False,6.238,12666,150000000,264770996,114,375000000.0,0.7060559893333334,0.7651399733333333,2008,6
False,/tH2SoOS2HqOJCOImbeGkmKSdCMz.jpg,"[12, 18, 10751]",1265,Bridge to Terabithia,en,Bridge to Terabithia,"Jesse Aarons trained all summer to become the fastest runner in school. So he's very upset when newcomer Leslie Burke outruns him and everyone else. Despite this and other differences including that she's rich, he's poor, she's a city girl, and he's a country boy the two become fast friends. Together they create Terabithia, a land of monsters, trolls, ogres, and giants where they rule as king and queen.",12.4654,/3xFxGodKPMFLheS8rujFSmLfcq4.jpg,2007-02-15,False,False,7.321,5230,60000000,137587063,95,150000000.0,0.9172470866666667,1.2931177166666667,2007,2
False,/cFcXilLbI7yjPIYB58AZiOyUnoh.jpg,"[28, 12, 80]",47971,xXx: Return of Xander Cage,en,xXx: Return of Xander Cage,"Xander Cage is left for dead after an incident, though he secretly returns to action for a new, tough assignment with his handler Augustus Gibbons.",12.4599,/hba8zREJpP1AYhaXgb2oJLQeO0K.jpg,2017-01-13,False,False,6.133,9217,85000000,346118277,107,212500000.0,1.628791891764706,3.0719797294117646,2017,1
False,/hXsy4XCCHrUk81XoRhcooyWejao.jpg,"[35, 80]",115,The Big Lebowski,en,The Big Lebowski,"Jeffrey 'The Dude' Lebowski, a Los Angeles slacker who only wants to bowl and drink White Russians, is mistaken for another Jeffrey Lebowski, a wheelchair-bound millionaire, and finds himself dragged into a strange series of events involving nihilists, adult film producers, ferrets, errant toes, and large sums of money.",12.446,/3bv6WAp6BSxxYvB5ozKFUYuRA8C.jpg,1998-03-06,False,False,7.84,12153,15000000,47010480,117,37500000.0,1.2536128,2.134032,1998,3
False,/stmYfCUGd8Iy6kAMBr6AmWqx8Bq.jpg,"[28, 878, 35, 10751]",454626,Sonic the Hedgehog,en,Sonic the Hedgehog,"Powered with incredible speed, Sonic The Hedgehog embraces his new home on Earth. That is, until Sonic sparks the attention of super-uncool evil genius Dr. Robotnik. Now it’s super-villain vs. super-sonic in an all-out race across the globe to stop Robotnik from using Sonic’s unique power for world domination.",12.4374,/aQvJ5WPzZgYVDrxLX4R6cLJCEaQ.jpg,2020-02-12,False,False,7.285,10378,85000000,319715683,99,212500000.0,1.5045443905882352,2.761360976470588,2020,2
False,/gklkxY0veMajdCiGe6ggsh07VG2.jpg,"[10751, 35, 12, 16]",940551,Migration,en,Migration,"After a migrating duck family alights on their pond with thrilling tales of far-flung places, the Mallard family embarks on a family road trip, from New England, to New York City, to tropical Jamaica.",12.4206,/ldfCF9RhR40mppkzmftxapaHeTo.jpg,2023-12-06,False,False,7.4,2234,72000000,298776052,83,180000000.0,1.6598669555555556,3.149667388888889,2023,12
False,/q7vmCCmyiHnuKGMzHZlr0fD44b9.jpg,"[10749, 14, 10751, 18]",150689,Cinderella,en,Cinderella,"When her father unexpectedly passes away, young Ella finds herself at the mercy of her cruel stepmother and her daughters. Never one to give up hope, Ella's fortunes begin to change after meeting a dashing stranger in the woods.",12.4178,/j91LJmcWo16CArFOoapsz84bwxb.jpg,2015-03-06,False,False,6.824,7387,95000000,543514353,105,237500000.0,2.2884814863157894,4.721203715789474,2015,3
False,/zh6IdheEYinU4TPtorWsjx6qPQE.jpg,"[878, 10749, 35]",792307,Poor Things,en,Poor Things,"Brought back to life by an unorthodox scientist, a young woman runs off with a lawyer on a whirlwind adventure across the continents. Free from the prejudices of her times, she grows steadfast in her purpose to stand for equality and liberation.",12.4081,/kCGlIMHnOm8JPXq3rXM6c5wMxcT.jpg,2023-12-07,False,False,7.641,5467,35000000,117607117,141,87500000.0,1.344081337142857,2.360203342857143,2023,12
False,/lV1P1Q5gLDXVG1ZYCxZHStkcQC3.jpg,"[878, 12, 53]",131631,The Hunger Games: Mockingjay - Part 1,en,The Hunger Games: Mockingjay - Part 1,"After surviving the Quarter Quell, Katniss finds herself in the hidden stronghold of District 13, where the rebellion against the Capitol is gaining momentum. Struggling with the weight of becoming the symbol of resistance, she must navigate fragile alliances while trying to protect those she loves. As propaganda battles rage and Panem moves closer to full-scale war, Katniss is forced to confront the true cost of revolution.",12.3964,/4FAA18ZIja70d1Tu5hr5cj2q1sB.jpg,2014-11-19,False,False,6.8,16713,125000000,755356711,123,312500000.0,2.4171414752,5.042853688,2014,11
False,/6WA9stUMbIkEPxn3D5SWlA8FIi7.jpg,"[12, 878, 53]",351286,Jurassic World: Fallen Kingdom,en,Jurassic World: Fallen Kingdom,"Three years after Jurassic World was destroyed, Isla Nublar now sits abandoned. When the island's dormant volcano begins roaring to life, Owen and Claire mount a campaign to rescue the remaining dinosaurs from this extinction-level event.",12.3199,/x2Us3jR6ToMJjbcPbLimYoxf6xr.jpg,2018-06-06,False,False,6.531,12738,170000000,1310469037,129,425000000.0,3.0834565576470587,6.708641394117647,2018,6
False,/kP6WiYHQUUXo6ZaXI06enkMsxkF.jpg,"[12, 18, 28]",246,Zatoichi,ja,座頭市,"Blind traveler Zatoichi is a master swordsman and a masseur with a fondness for gambling on dice games. When he arrives in a village torn apart by warring gangs, he sets out to protect the townspeople.",12.3101,/iCIycswWbX1EDS6PYYBcR9ohrC.jpg,2003-09-06,False,False,7.241,959,2500000,34196922,116,6250000.0,5.47150752,12.6787688,2003,9
False,/keIxh0wPr2Ymj0Btjh4gW7JJ89e.jpg,"[28, 12, 878]",497698,Black Widow,en,Black Widow,"Natasha Romanoff, also known as Black Widow, confronts the darker parts of her ledger when a dangerous conspiracy with ties to her past arises. Pursued by a force that will stop at nothing to bring her down, Natasha must deal with her history as a spy and the broken relationships left in her wake long before she became an Avenger.",12.2875,/7JPpIjhD2V0sKyFvhB9khUMa30d.jpg,2021-07-07,False,False,7.169,11221,200000000,379751131,134,500000000.0,0.759502262,0.898755655,2021,7
False,/eDtsTxALld2gPw9lO1hQIJXqMHu.jpg,"[12, 28, 53]",954,Mission: Impossible,en,Mission: Impossible,"When Ethan Hunt, the leader of a crack espionage team whose perilous operation has gone awry with no explanation, discovers that a mole has penetrated the CIA, he's surprised to learn that he's the prime suspect. To clear his name, Hunt now must ferret out the real double agent and, in the process, even the score.",12.2287,/l5uxY5m5OInWpcExIpKG6AR3rgL.jpg,1996-05-22,False,False,7.025,9957,80000000,457696391,111,200000000.0,2.288481955,4.7212048875,1996,5
False,/uU1Mt4JWhDvl4vKb3AfxNsorkoM.jpg,"[10751, 14, 10749]",321612,Beauty and the Beast,en,Beauty and the Beast,A live-action adaptation of Disney's version of the classic tale of a cursed prince and a beautiful young woman who helps him break the spell.,12.2143,/hKegSKIDep2ewJWPUQD7u0KqFIp.jpg,2017-03-16,False,False,6.968,15992,160000000,1266115964,129,400000000.0,3.16528991,6.913224775,2017,3
False,/7py8kUCYaOdFn1TfVS87BDBySOz.jpg,"[35, 12, 878]",550988,Free Guy,en,Free Guy,"A bank teller discovers he is actually a background player in an open-world video game, and decides to become the hero of his own story. Now, in a world where there are no limits, he is determined to be the guy who saves his world his way before it's too late.",12.2114,/dxraF0qPr1OEgJk17ltQTO84kQF.jpg,2021-08-11,False,False,7.451,9788,110000000,331526598,115,275000000.0,1.2055512654545455,2.0138781636363636,2021,8
False,/sJpbDELfC8VjlRBOOkMJxxWpUg7.jpg,"[53, 12, 28]",27578,The Expendables,en,The Expendables,"Barney Ross leads a band of highly skilled mercenaries including knife enthusiast Lee Christmas, a martial arts expert Yin Yang, heavy weapons specialist Hale Caesar, demolitionist Toll Road, and a loose-cannon sniper Gunner Jensen. When the group is commissioned by the mysterious Mr. Church to assassinate the dictator of a small South American island, Barney and Lee visit the remote locale to scout out their opposition and discover the true nature of the conflict engulfing the city.",12.2042,/j09ZkH6R4JWVylBcDai1laCmGw7.jpg,2010-08-07,False,False,6.251,8270,80000000,274470394,103,200000000.0,1.37235197,2.430879925,2010,8
False,/tC78Pck2YCsUAtEdZwuHYUFYtOj.jpg,"[28, 53, 80]",926393,The Equalizer 3,en,The Equalizer 3,"Robert McCall finds himself at home in Southern Italy but he discovers his friends are under the control of local crime bosses. As events turn deadly, McCall knows what he has to do: become his friends' protector by taking on the mafia.",12.1974,/b0Ej6fnXAP8fK75hlyi2jKqdhHz.jpg,2023-08-30,False,False,7.287,3699,70000000,191067560,109,175000000.0,1.0918146285714285,1.7295365714285715,2023,8
False,/g1OvTd1eF346vmx8qsJnjaiooZ6.jpg,"[12, 14, 10751]",630,The Wizard of Oz,en,The Wizard of Oz,"Young Dorothy finds herself in a magical world where she makes friends with a lion, a scarecrow and a tin man as they make their way along the yellow brick road to talk with the Wizard and ask for the things they miss most in their lives. The Wicked Witch of the West is the only thing that could stop them.",12.1948,/uCC3j4pV9eOZwzDUWp2ilbcTf1f.jpg,1939-08-15,False,False,7.584,6105,2777000,33754967,102,6942500.0,4.862076629456248,11.15519157364062,1939,8
False,/vaRCS4CCFXcWz1j9GKd6rGLsQQ2.jpg,"[18, 10749]",1278,The Dreamers,en,The Dreamers,"When Isabelle and Theo invite Matthew to stay with them, what begins as a casual friendship ripens into a sensual voyage of discovery and desire in which nothing is off limits and everything is possible.",12.1684,/gBb7GGaFYPu7nEUYvC8G4LaJJN1.jpg,2003-10-10,False,False,7.181,3083,15000000,15100000,115,37500000.0,0.4026666666666667,0.006666666666666667,2003,10
False,/7FRraud59N3s10bbf9bfYjvwx3v.jpg,"[53, 9648]",402,Basic Instinct,en,Basic Instinct,"Catherine, a novelist with an insatiable sexual appetite, becomes a prime suspect when her boyfriend is brutally murdered -- a crime she had described in her latest story.",12.1401,/76Ts0yoHk8kVQj9MMnoMixhRWoh.jpg,1992-03-20,False,False,6.945,4361,49000000,352927224,128,122500000.0,2.881038563265306,6.202596408163266,1992,3
False,/kJaRWmy1BGq3pHyE94LOTteiHer.jpg,"[28, 18, 9648, 53]",2501,The Bourne Identity,en,The Bourne Identity,"Wounded to the brink of death and suffering from amnesia, Jason Bourne is rescued at sea by a fisherman. With nothing to go on but a Swiss bank account number, he starts to reconstruct his life, but finds that many people he encounters want him dead. However, Bourne realizes that he has the combat and mental skills of a world-class spy—but who does he work for?",12.1353,/aP8swke3gmowbkfZ6lmNidu0y9p.jpg,2002-06-14,False,False,7.477,10068,60000000,214034224,119,150000000.0,1.4268948266666666,2.567237066666667,2002,6
False,/qGZXYHvWR1TYOU9raCaEABrj9m7.jpg,"[16, 10751, 14]",10144,The Little Mermaid,en,The Little Mermaid,This colorful adventure tells the story of an impetuous mermaid princess named Ariel who falls in love with the very human Prince Eric and puts everything on the line for the chance to be with him. Memorable songs and characters -- including the villainous sea witch Ursula.,12.1292,/plcZXvI310FkbwIptvd6rqk63LP.jpg,1989-11-17,False,False,7.35,8389,40000000,211343479,83,100000000.0,2.11343479,4.283586975,1989,11
False,/I0RaCaMSKBOM4AlfkvTRyh6ZLG.jpg,[18],142487,The Precocious and Brief Life of Sabina Rivas,es,La vida precoz y breve de Sabina Rivas,"In the Mexican-Guatemalan border, young teenage lovers, Sabina and Jovany, both Hondurans, accidentally meet again after some years without seeing each other. She plans to get to the United States and dreams about being a great singer; he commits all the required atrocities to be accepted by the gang: la Mara Salvatrucha. Sabina and Jovany crashed with the most adverse conditions at the border like white slavery, the Mexican and American migratory agents Burrona and Patrick, the brothel matron Doña Lita, Don Nico the Mexican Consul in Tecún Umán, the drug trafficking networks, the army and la Mara Salvatrucha.",12.1017,/cxmJeBgPomHt43CNxcWk9UCDsB9.jpg,2012-11-09,False,False,7.123,122,4620000,2395000,115,11550000.0,0.20735930735930735,-0.4816017316017316,2012,11
False,/teCZlGivejMw4rVzyxBSYQNr6XI.jpg,"[28, 12, 53, 10752]",1368,First Blood,en,First Blood,"When former Green Beret John Rambo is harassed by local law enforcement and arrested for vagrancy, he is forced to flee into the mountains and wage an escalating one-man war against his pursuers.",12.0949,/dR5fbo0ry5TsC7euEXFUkx2QzVk.jpg,1982-10-22,False,False,7.5,6868,15000000,125212904,93,37500000.0,3.3390107733333334,7.3475269333333335,1982,10
False,/oFQilRMEq6yQbtMPxIYWpXeQ5ZN.jpg,"[80, 53]",291805,Now You See Me 2,en,Now You See Me 2,"One year after outwitting the FBI and winning the public’s adulation with their mind-bending spectacles, the Four Horsemen resurface only to find themselves face to face with a new enemy who enlists them to pull off their most dangerous heist yet.",12.0573,/A81kDB6a1K86YLlcOtZB27jriJh.jpg,2016-06-02,False,False,6.827,11553,120000000,334897606,129,300000000.0,1.1163253533333333,1.7908133833333333,2016,6
False,/qvcOovScPoRalRxDy50rYSYFree.jpg,"[35, 10749]",10591,The Girl Next Door,en,The Girl Next Door,"Exceptionally ambitious high schooler Matthew has aspirations for a career in politics when he falls in love with his gorgeous 19-year-old neighbor, Danielle. But Matthew's bright future is jeopardized when he finds Danielle was once a porn star. As Danielle's past catches up with her, Matthew's love for her forces him to re-evaluate his goals.",12.0446,/5mVyFHSY2rSsNgD4NfEwV82HigU.jpg,2004-04-09,False,False,6.738,3992,21000000,31635150,110,52500000.0,0.6025742857142857,0.5064357142857143,2004,4
False,/y3zUOMWRoI2vC4ck2GBJyFWhzyA.jpg,"[35, 10751, 10749]",9820,The Parent Trap,en,The Parent Trap,"Hallie Parker and Annie James are identical twins who were separated at a young age due to their parents' divorce. Unbeknownst to their parents, the girls are sent to the same summer camp, where they meet, discover the truth about their relationship, and come up with a plan to switch places in an effort to reunite their mother and father.",12.0419,/p4dGmi8u9W0HHyVXcgWPoiFfKTF.jpg,1998-07-28,False,False,7.213,4512,15000000,92108518,128,37500000.0,2.4562271466666665,5.140567866666666,1998,7
False,/bNiiUCQUD7ij5Ybh2GoWSZwqAb1.jpg,"[14, 12, 28, 10751, 10749]",102651,Maleficent,en,Maleficent,"A beautiful, pure-hearted young woman, Maleficent has an idyllic life growing up in a peaceable forest kingdom, until one day when an invading army threatens the harmony of the land. She rises to be the land's fiercest protector, but she ultimately suffers a ruthless betrayal – an act that begins to turn her heart into stone. Bent on revenge, Maleficent faces an epic battle with the invading King's successor and, as a result, places a curse upon his newborn infant Aurora. As the child grows, Maleficent realizes that Aurora holds the key to peace in the kingdom – and to Maleficent's true happiness as well.",12.041,/bDG3yei6AJlEAK3A5wN7RwFXQ7V.jpg,2014-05-28,False,False,7.087,13705,180000000,758539785,97,450000000.0,1.6856439666666667,3.2141099166666667,2014,5
False,/jwt159hXWA9Q5xpBo8hWb3zwLi7.jpg,"[80, 53]",500,Reservoir Dogs,en,Reservoir Dogs,"A botched robbery indicates a police informant, and the pressure mounts in the aftermath at a warehouse. Crime begets violence as the survivors -- veteran Mr. White, newcomer Mr. Orange, psychopathic parolee Mr. Blonde, bickering weasel Mr. Pink and Nice Guy Eddie -- unravel.",12.0192,/xi8Iu6qyTfyZVDVy60raIOYJJmk.jpg,1992-09-02,False,False,8.114,15431,1200000,2859750,99,3000000.0,0.95325,1.383125,1992,9
False,/6Ybbh8TrO8bkEfQXDedekLwVDfA.jpg,"[16, 35, 10751, 12]",8355,Ice Age: Dawn of the Dinosaurs,en,Ice Age: Dawn of the Dinosaurs,"Times are changing for Manny the moody mammoth, Sid the motor mouthed sloth and Diego the crafty saber-toothed tiger. Life heats up for our heroes when they meet some new and none-too-friendly neighbors – the mighty dinosaurs.",11.9747,/cXOLaxcNjNAYmEx1trZxOTKhK3Q.jpg,2009-06-26,False,False,6.765,8851,90000000,886686817,94,225000000.0,3.9408302977777776,8.852075744444445,2009,6
False,/a0GM57AnJtNi7lMOCamniiyV10W.jpg,"[16, 14, 18]",508883,The Boy and the Heron,ja,君たちはどう生きるか,"While the Second World War rages, the teenage Mahito, haunted by his mother's tragic death, is relocated from Tokyo to the serene rural home of his new stepmother Natsuko, a woman who bears a striking resemblance to the boy's mother.  As he tries to adjust, this strange new world grows even stranger following the appearance of a persistent gray heron, who perplexes and bedevils Mahito, dubbing him the ""long-awaited one.""",11.961,/f4oZTcfGrVTXKTWg157AwikXqmP.jpg,2023-07-14,False,False,7.402,2626,50000000,294200000,124,125000000.0,2.3536,4.884,2023,7
False,/h31SOVlekuHXsMWVGxI8nPPfY82.jpg,"[18, 37]",335,Once Upon a Time in the West,it,C'era una volta il West,"As the railroad builders advance unstoppably through the Arizona desert on their way to the sea, Jill arrives in the small town of Flagstone with the intention of starting a new life.",11.9509,/qbYgqOczabWNn2XKwgMtVrntD6P.jpg,1968-12-21,False,False,8.273,4883,5000000,5380118,166,12500000.0,0.43040944,0.0760236,1968,12
False,/ugiV9SpJburMOPeIyjBJyAnO1So.jpg,"[12, 14, 10751]",32657,Percy Jackson & the Olympians: The Lightning Thief,en,Percy Jackson & the Olympians: The Lightning Thief,"Accident prone teenager, Percy discovers he's actually a demi-God, the son of Poseidon, and he is needed when Zeus' lightning is stolen. Percy must master his new found skills in order to prevent a war between the Gods that could devastate the entire world.",11.9345,/brzpTyZ5bnM7s53C1KSk1TmrMO6.jpg,2010-02-01,False,False,6.213,7809,95000000,226497209,118,237500000.0,0.9536724589473684,1.3841811473684211,2010,2
False,/mNQtUJv1F3u0uSKILFrGjIHqkxx.jpg,"[37, 18, 12]",281957,The Revenant,en,The Revenant,"In the 1820s, a frontiersman, Hugh Glass, sets out on a path of vengeance against those who left him for dead after a bear mauling.",11.9199,/ji3ecJphATlVgWNY0B0RVXZizdf.jpg,2015-12-25,False,False,7.542,19282,135000000,532950503,157,337500000.0,1.5791126014814816,2.9477815037037036,2015,12
False,/2Y6Q7eYDXoolcHjYCAyJQlE2CVT.jpg,"[27, 18, 9648]",1813,The Devil's Advocate,en,The Devil's Advocate,"Aspiring Florida defense lawyer Kevin Lomax accepts a job at a New York law firm. With the stakes getting higher every case, Kevin quickly learns that his boss has something far more evil planned.",11.9057,/5ZzBGpxy55OQzHxKVY11IpY6a0o.jpg,1997-10-17,False,False,7.5,6772,57000000,153000000,144,142500000.0,1.0736842105263158,1.6842105263157894,1997,10
False,/rfkIeCaIHhN3K5wjJJqKmfUjYp8.jpg,"[18, 36]",381284,Hidden Figures,en,Hidden Figures,"The untold story of Katherine G. Johnson, Dorothy Vaughan and Mary Jackson – brilliant African-American women working at NASA and serving as the brains behind one of the greatest operations in history – the launch of astronaut John Glenn into orbit. The visionary trio crossed all gender and race lines to inspire generations to dream big.",11.891,/9lfz2W2uGjyow3am00rsPJ8iOyq.jpg,2016-12-10,False,False,8.042,10412,25000000,235957472,127,62500000.0,3.775319552,8.43829888,2016,12
False,/jsoz1HlxczSuTx0mDl2h0lxy36l.jpg,"[14, 28, 35]",616037,Thor: Love and Thunder,en,Thor: Love and Thunder,"After his retirement is interrupted by Gorr the God Butcher, a galactic killer who seeks the extinction of the gods, Thor Odinson enlists the help of King Valkyrie, Korg, and ex-girlfriend Jane Foster, who now wields Mjolnir as the Mighty Thor. Together they embark upon a harrowing cosmic adventure to uncover the mystery of the God Butcher’s vengeance and stop him before it’s too late.",11.8751,/pIkRyD18kl4FhoCNQuWxWu5cBLM.jpg,2022-07-06,False,False,6.369,8542,250000000,760928081,119,625000000.0,1.2174849296,2.043712324,2022,7
False,/cJvUJEEQ86LSjl4gFLkYpdCJC96.jpg,"[10752, 28]",1241436,Warfare,en,Warfare,"A platoon of Navy SEALs embarks on a dangerous mission in Ramadi, Iraq, with the chaos and brotherhood of war retold through their memories of the event.",11.8621,/l39TlELomwysfsr37vrvCV6rmaQ.jpg,2025-04-09,False,False,7.077,1431,20000000,34902602,95,50000000.0,0.69805204,0.7451301,2025,4
False,/uMBByiSDpgFwWVegAtwwnuzvogJ.jpg,"[14, 18, 10749]",297,Meet Joe Black,en,Meet Joe Black,"Bill Parrish has it all - success, wealth and power. Days before his 65th birthday, he receives a visit from a mysterious stranger, Joe Black, who soon reveals himself as Death. In exchange for extra time, Bill agrees to serve as Joe's earthly guide. But will he regret his choice when Joe unexpectedly falls in love with Bill's beautiful daughter Susan?",11.829,/fDPAjvfPMomkKF7cMRmL5Anak61.jpg,1998-11-12,False,False,7.362,5739,90000000,142940100,178,225000000.0,0.6352893333333334,0.5882233333333333,1998,11
False,/9qxBNfI1QFbiZS62fsgaUd563t2.jpg,"[27, 9648]",293670,The Wailing,ko,곡성,A stranger arrives in a little village and soon after a mysterious sickness starts spreading. A policeman is drawn into the incident and is forced to solve the mystery in order to save his daughter.,11.8287,/RbymxgEM5SpDfO2Io2JMFG10Vi.jpg,2016-05-12,False,False,7.376,2039,10951000,49851770,156,27377500.0,1.8209029312391563,3.5522573280978906,2016,5
False,/s6aB9kjxNg0mu2361IkCUSpyHJV.jpg,"[35, 80, 53]",639988,No Other Choice,ko,어쩔수가없다,"After being laid off and humiliated by a ruthless job market, a veteran paper mill manager descends into violence in a desperate bid to reclaim his dignity.",11.8236,/sBpxTGLzKnvPSVtL5yQYpSxvKEb.jpg,2025-09-24,False,False,7.508,1037,12200000,40223568,140,30500000.0,1.3188055081967214,2.2970137704918034,2025,9
False,/qAhedRxRYWZAgZ8O8pHIl6QHdD7.jpg,"[28, 12, 35]",384018,Fast & Furious Presents: Hobbs & Shaw,en,Fast & Furious Presents: Hobbs & Shaw,"Ever since US Diplomatic Security Service Agent Hobbs and lawless outcast Shaw first faced off, they just have traded smack talk and body blows. But when cyber-genetically enhanced anarchist Brixton's ruthless actions threaten the future of humanity, they join forces to defeat him.",11.8134,/qRyy2UmjC5ur9bDi3kpNNRCc5nc.jpg,2019-07-31,False,False,6.832,7741,200000000,760098996,137,500000000.0,1.520197992,2.80049498,2019,7
False,/3SozaNPOYUadcmTPgndDibMyDNC.jpg,"[878, 28, 18, 53]",119450,Dawn of the Planet of the Apes,en,Dawn of the Planet of the Apes,"A group of scientists in San Francisco struggle to stay alive in the aftermath of a plague that is wiping out humanity, while Caesar tries to maintain dominance over his community of intelligent apes.",11.8102,/mSmAc9G25fhOHH45SLEeagR0qi7.jpg,2014-07-08,False,False,7.338,12203,170000000,710644566,130,425000000.0,1.6721048611764706,3.1802621529411765,2014,7
False,/kF8ljC7Y4p1UsmKBi2LxelZpqw.jpg,"[35, 14, 27]",917496,Beetlejuice Beetlejuice,en,Beetlejuice Beetlejuice,"After a family tragedy, three generations of the Deetz family return home to Winter River. Still haunted by Betelgeuse, Lydia's life is turned upside down when her teenage daughter, Astrid, accidentally opens the portal to the Afterlife.",11.8046,/kKgQzkUCnQmeTPkyIwHly2t6ZFI.jpg,2024-09-04,False,False,6.933,3105,99000000,452000435,105,247500000.0,1.8262643838383839,3.5656609595959594,2024,9
False,/cF3H9pyUF6dsvqlYUcH0TyBAMTG.jpg,"[12, 16, 10751]",105864,The Good Dinosaur,en,The Good Dinosaur,An epic journey into the world of dinosaurs where an Apatosaurus named Arlo makes an unlikely human friend.,11.7969,/8RSkxOO80btfKjyiC5ZiTaCHIT8.jpg,2015-11-14,False,False,6.742,5981,175000000,332207671,93,437500000.0,0.7593318194285714,0.8983295485714285,2015,11
False,/mOtKQlXdL5J4lwqcSFlkZmgmFeZ.jpg,"[16, 35, 10751, 37, 12]",44896,Rango,en,Rango,"When Rango, a lost family pet, accidentally winds up in the gritty, gun-slinging Western town of Dirt, the theater-loving lizard suddenly finds himself the newly appointed sheriff. Welcomed as the last hope the town has been waiting for, Rango is forced to play his new role to the hilt and uncover the truth behind a looming water crisis—before his act catches up with him.",11.7845,/A5MP1guV8pbruieG0tnpPIbaJtt.jpg,2011-03-02,False,False,6.894,7080,135000000,245724603,107,337500000.0,0.7280728977777777,0.8201822444444444,2011,3
False,/mHG7dpLb0ZScSY3LpP443IHRmjy.jpg,"[16, 53]",10494,Perfect Blue,ja,PERFECT BLUE,"Rising pop star Mima quits singing to pursue a career as an actress. After she takes up a role on a popular detective show, her handlers and collaborators begin turning up murdered. Harboring feelings of guilt and haunted by visions of her former self, Mima's reality and fantasy meld into a frenzied paranoia.",11.7831,/6WTiOCfDPP8XV4jqfloiVWf7KHq.jpg,1998-02-28,False,False,8.301,3173,3000000,683666,82,7500000.0,0.09115546666666667,-0.7721113333333334,1998,2
False,/AoSZyb37ljMAxw0RdeQEBHKtgcc.jpg,"[10751, 16, 12, 35, 14]",330457,Frozen II,en,Frozen II,"Elsa, Anna, Kristoff and Olaf head far into the forest to learn the truth about an ancient mystery of their kingdom.",11.75,/mINJaa34MtknCYl5AjtNJzWj8cD.jpg,2019-11-20,False,False,7.231,10268,150000000,1453683476,103,375000000.0,3.8764892693333333,8.691223173333332,2019,11
False,/qA2TyqPldTtoTVY3LKrNIG5g6bH.jpg,"[18, 10749]",76,Before Sunrise,en,Before Sunrise,"An unexpected meeting on a train leads two travelers to spend an evening wandering through Vienna. As the night unfolds, they share stories and conversations about life and love, exploring new ideas while a quiet intimacy grows between them, knowing it may be their only night together.",11.7482,/kf1Jb1c2JAOqjuzA3H4oDM263uB.jpg,1995-01-27,False,False,7.973,4678,2500000,5987386,101,6250000.0,0.95798176,1.3949544,1995,1
False,/3zvZ699gMW2RhWc0GisIukzq0Ls.jpg,"[14, 12, 28]",284052,Doctor Strange,en,Doctor Strange,"After his career is destroyed, a brilliant but arrogant surgeon gets a new lease on life when a sorcerer takes him under her wing and trains him to defend the world against evil.",11.7313,/xf8PbyQcR5ucXErmZNzdKR0s8ya.jpg,2016-10-25,False,False,7.42,23402,180000000,676343174,115,450000000.0,1.5029848311111111,2.757462077777778,2016,10
False,/rFY9V4Dhq7lbIu6LlpzbL9u2K2E.jpg,[35],257211,The Intern,en,The Intern,"70-year-old widower Ben Whittaker has discovered that retirement isn't all it's cracked up to be. Seizing an opportunity to get back in the game, he becomes a senior intern at an online fashion site, founded and run by Jules Ostin.",11.7249,/bTQ46fupPbjBfFBHuzfD3hxxL0Q.jpg,2015-09-23,False,False,7.229,7315,35000000,194564672,121,87500000.0,2.2235962514285714,4.558990628571428,2015,9
False,/1TUg5pO1VZ4B0Q1amk3OlXvlpXV.jpg,"[12, 18, 10751, 16]",420818,The Lion King,en,The Lion King,"Simba idolizes his father, King Mufasa, and takes to heart his own royal destiny. But not everyone in the kingdom celebrates the new cub's arrival. Scar, Mufasa's brother—and former heir to the throne—has plans of his own. The battle for Pride Rock is ravaged with betrayal, tragedy and drama, ultimately resulting in Simba's exile. With help from a curious pair of newfound friends, Simba will have to figure out how to grow up and take back what is rightfully his.",11.7105,/dzBtMocZuJbjLOXvrl4zGYigDzh.jpg,2019-07-12,False,False,7.098,10731,260000000,1662020819,118,650000000.0,2.556955106153846,5.3923877653846155,2019,7
False,/zmX7ObPaRfiCmY6LMalUb1bJDKj.jpg,"[16, 28, 12, 14, 10751]",527774,Raya and the Last Dragon,en,Raya and the Last Dragon,"Long ago, in the fantasy world of Kumandra, humans and dragons lived together in harmony. But when an evil force threatened the land, the dragons sacrificed themselves to save humanity. Now, 500 years later, that same evil has returned and it’s up to a lone warrior, Raya, to track down the legendary last dragon to restore the fractured land and its divided people.",11.6925,/5nVhgCzxKbK47OLIKxCR1syulOn.jpg,2021-03-03,False,False,7.802,7282,100000000,130423032,107,250000000.0,0.521692128,0.30423032,2021,3
False,/qBLEWvJNVsehJkEJqIigPsWyBse.jpg,"[16, 35, 10751, 12, 14]",585083,Hotel Transylvania: Transformania,en,Hotel Transylvania: Transformania,"When Van Helsing's mysterious invention, the ""Monsterfication Ray,"" goes haywire, Drac and his monster pals are all transformed into humans, and Johnny becomes a monster. In their new mismatched bodies, Drac and Johnny must team up and race across the globe to find a cure before it's too late, and before they drive each other crazy.",11.6834,/teCy1egGQa0y8ULJvlrDHQKnxBL.jpg,2022-01-31,False,False,7.037,3015,75000000,18500000,92,187500000.0,0.09866666666666667,-0.7533333333333333,2022,1
False,/cT9ZfwoPDk8JbgkessmQgxAWiaM.jpg,"[28, 878, 53]",1071585,M3GAN 2.0,en,M3GAN 2.0,"After the underlying tech for M3GAN is stolen and misused by a powerful defense contractor to create a military-grade weapon known as Amelia, M3GAN's creator Gemma realizes that the only option is to resurrect M3GAN and give her a few upgrades, making her faster, stronger, and more lethal.",11.6813,/oekamLQrwlJjRNmfaBE4llIvkir.jpg,2025-06-25,False,False,7.203,1304,15000000,39173710,120,37500000.0,1.0446322666666668,1.6115806666666668,2025,6
False,/vlnSG1EQi0ez2A6MkFfjovPfkES.jpg,"[53, 9648]",591,The Da Vinci Code,en,The Da Vinci Code,"A murder in Paris’ Louvre Museum and cryptic clues in some of Leonardo da Vinci’s most famous paintings lead to the discovery of a religious mystery. For 2,000 years a secret society closely guards information that — should it come to light — could rock the very foundations of Christianity.",11.6688,/9ejKfNk0LBhSI9AahH4f9NJNZNM.jpg,2006-05-17,False,False,6.726,10042,125000000,760006945,149,312500000.0,2.432022224,5.08005556,2006,5
False,/ztiFxuG0gC6wQ8y7JZFYbCQyN4Y.jpg,"[16, 10402, 35, 10751]",438695,Sing 2,en,Sing 2,"Buster and his new cast now have their sights set on debuting a new show at the Crystal Tower Theater in glamorous Redshore City. But with no connections, he and his singers must sneak into the Crystal Entertainment offices, run by the ruthless wolf mogul Jimmy Crystal, where the gang pitches the ridiculous idea of casting the lion rock legend Clay Calloway in their show. Buster must embark on a quest to find the now-isolated Clay and persuade him to return to the stage.",11.6672,/aWeKITRFbbwY8txG5uCj4rMCfSP.jpg,2021-12-01,False,False,7.833,4759,85000000,408402685,110,212500000.0,1.921894988235294,3.8047374705882353,2021,12
False,/8Qsr8pvDL3s1jNZQ4HK1d1Xlvnh.jpg,"[14, 12]",259316,Fantastic Beasts and Where to Find Them,en,Fantastic Beasts and Where to Find Them,"In 1926, Newt Scamander arrives at the Magical Congress of the United States of America with a magically expanded briefcase, which houses a number of dangerous creatures and their habitats. When the creatures escape from the briefcase, it sends the American wizarding authorities after Newt, and threatens to strain even further the state of magical and non-magical relations.",11.6587,/fLsaFKExQt05yqjoAvKsmOMYvJR.jpg,2016-11-16,False,False,7.308,19673,180000000,809342332,133,450000000.0,1.7985385155555556,3.4963462888888888,2016,11
False,/kG8bBajeSTUxJGmS47WujcraZUk.jpg,"[27, 35, 18]",1284120,The Ugly Stepsister,no,Den stygge stesøsteren,"In a fairy-tale kingdom where beauty is a brutal business, Elvira battles to compete with her incredibly beautiful stepsister, and she will go to any length to catch the prince’s eye.",11.6582,/rayAREIKtSinuov10GvrZHyXfXH.jpg,2025-03-07,False,False,7.321,1154,4250000,5325096,109,10625000.0,0.5011855058823529,0.25296376470588233,2025,3
False,/aJFwk1clMal1prxAvKAgHxKPAf.jpg,"[27, 53, 878]",170,28 Days Later,en,28 Days Later,"Twenty-eight days after a killer virus was accidentally unleashed from a British research facility, a small group of London survivors are caught in a desperate struggle to protect themselves from the infected. Carried by animals and humans, the virus turns those it infects into homicidal maniacs -- and it's absolutely impossible to contain.",11.6323,/sQckQRt17VaWbo39GIu0TMOiszq.jpg,2002-10-31,False,False,7.242,8470,8000000,82784517,113,20000000.0,4.13922585,9.348064625,2002,10
False,/vPJwn9pp5f58CqdaXU3eOSLoJkl.jpg,"[28, 35, 80]",5175,Rush Hour 2,en,Rush Hour 2,"It's vacation time for Carter as he finds himself alongside Lee in Hong Kong wishing for more excitement. While Carter wants to party and meet the ladies, Lee is out to track down a Triad gang lord who may be responsible for killing two men at the American Embassy. Things get complicated as the pair stumble onto a counterfeiting plot. The boys are soon up to their necks in fist fights and life-threatening situations. A trip back to the U.S. may provide the answers about the bombing, the counterfeiting, and the true allegiance of sexy customs agent Isabella.",11.6257,/aBQf2vMiCINeVC9v6BGVYKXurTh.jpg,2001-08-03,False,False,6.762,4581,90000000,347325802,90,225000000.0,1.543670231111111,2.8591755777777776,2001,8
False,/fKPgObonYgPgCdu88yjV7Hpn7Dp.jpg,"[28, 80, 53]",273481,Sicario,en,Sicario,An idealistic FBI agent is enlisted by a government task force to aid in the escalating war against drugs at the border area between the U.S. and Mexico.,11.6238,/lz8vNyXeidqqOdJW9ZjnDAMb5Vr.jpg,2015-09-17,False,False,7.419,9535,30000000,84997446,122,75000000.0,1.13329928,1.8332482,2015,9
False,/vXzqV2RtJlT9WhNEM4NYWCEC6ZI.jpg,"[18, 10749]",142,Brokeback Mountain,en,Brokeback Mountain,"In 1960s Wyoming, two men develop a strong emotional and sexual relationship that endures as a lifelong connection complicating their lives as they get married and start families of their own.",11.6159,/aByfQOQBNa4CMFwIgq3QrqY2ZHh.jpg,2005-10-22,False,False,7.785,7538,14000000,178043761,134,35000000.0,5.0869646,11.7174115,2005,10
False,/y5tad0a4yRbxYgOHGllEIEeCCKt.jpg,"[16, 10749, 14, 10751]",10198,The Princess and the Frog,en,The Princess and the Frog,"A waitress, desperate to fulfill her dreams as a restaurant owner, is set on a journey to turn a frog prince back into a human being, but she has to face the same problem after she kisses him.",11.6143,/v6nAUs62OJ4DXmnnmPFeVmMz8H9.jpg,2009-12-08,False,False,7.2,6105,105000000,270997378,98,262500000.0,1.0323709638095238,1.5809274095238095,2009,12
False,/fwf4L3r2ZU9ptOB9nOo5nuVLo1i.jpg,"[10749, 18]",398818,Call Me by Your Name,en,Call Me by Your Name,"In the summer of 1983, a 17-year-old Elio spends his days in his family's villa in Italy. One day Oliver, a graduate student, arrives to assist Elio's father, a professor of Greco-Roman culture. Soon, Elio and Oliver discover a summer that will alter their lives forever.",11.6067,/mZ4gBdfkhP9tvLH1DO4m4HYtiyi.jpg,2017-10-01,False,False,8.091,12737,3500000,43143046,132,8750000.0,4.930633828571429,11.32658457142857,2017,10
False,/5jnoAA74Qwb5w6B9FMvnc20n6Ie.jpg,"[28, 12]",353081,Mission: Impossible - Fallout,en,Mission: Impossible - Fallout,"When an IMF mission ends badly, the world is faced with dire consequences. As Ethan Hunt takes it upon himself to fulfill his original briefing, the CIA begin to question his loyalty and his motives. The IMF team find themselves in a race against time, hunted by assassins while trying to prevent a global catastrophe.",11.5973,/AkJQpZp9WoNdj7pLYSj1L0RcMMN.jpg,2018-07-25,False,False,7.449,9114,178000000,824171374,147,445000000.0,1.8520705033707865,3.630176258426966,2018,7
False,/qAzYK4YPSWDc7aa4R43LcwRIAyb.jpg,"[28, 12, 878]",299537,Captain Marvel,en,Captain Marvel,"The story follows Carol Danvers as she becomes one of the universe’s most powerful heroes when Earth is caught in the middle of a galactic war between two alien races. Set in the 1990s, Captain Marvel is an all-new adventure from a previously unseen period in the history of the Marvel Cinematic Universe.",11.596,/AtsgWhDnHTq68L0lLsUrCnM7TjG.jpg,2019-03-06,False,False,6.8,16721,152000000,1131416446,124,380000000.0,2.9774117,6.44352925,2019,3
False,/7BYtnXUfweV6EryNYDpZFeS31Ia.jpg,"[28, 53, 878]",577922,Tenet,en,Tenet,"Armed with only one word - Tenet - and fighting for the survival of the entire world, the Protagonist journeys through a twilight world of international espionage on a mission that will unfold in something beyond real time.",11.5696,/aCIFMriQh8rvhxpN1IWGgvH0Tlg.jpg,2020-08-22,False,False,7.176,11079,205000000,365304105,150,512500000.0,0.7127884975609756,0.781971243902439,2020,8
False,/4NxVLxuoQDPz889TG1njH4L7cYB.jpg,"[12, 16, 35, 10751, 14]",11688,The Emperor's New Groove,en,The Emperor's New Groove,"When the self‑absorbed Emperor Kuzco is accidentally transformed into a llama, he must rely on a humble villager to survive the jungle and reclaim his throne.",11.5673,/wwbgkXQBEKtnyIJapk6gUgWkVw8.jpg,2000-12-15,False,False,7.56,7281,100000000,169327687,78,250000000.0,0.677310748,0.69327687,2000,12
False,/qzUIOTk0E3F1zjvYjcBRTKUTgf9.jpg,"[80, 35, 28, 12]",207703,Kingsman: The Secret Service,en,Kingsman: The Secret Service,The story of a super-secret spy organization that recruits an unrefined but promising street kid into the agency's ultra-competitive training program just as a global threat emerges from a twisted tech genius.,11.5649,/r6q9wZK5a2K51KFj4LWVID6Ja1r.jpg,2015-01-24,False,False,7.62,17793,81000000,414351546,129,202500000.0,2.046180474074074,4.115451185185186,2015,1
False,/bvk2AAH64lP2YZs02Q3jskfHT8j.jpg,"[28, 53]",562,Die Hard,en,Die Hard,"High above the city of L.A. a team of terrorists has seized a building, taken hostages, and declared war. One man has manages to escape... An off-duty cop hiding somewhere inside. He's alone, tired... and the only chance anyone has got.",11.5607,/7Bjd8kfmDSOzpmhySpEhkUyK2oH.jpg,1988-07-15,False,False,7.8,12259,28000000,140767956,132,70000000.0,2.0109708,4.027427,1988,7
False,/6c7j7MQCczzNVvcrNEiXbs8Kt2p.jpg,"[28, 18, 53]",9509,Man on Fire,en,Man on Fire,"Jaded ex-CIA operative John Creasy reluctantly accepts a job as the bodyguard for a 10-year-old girl in Mexico City. They clash at first, but eventually bond, and when she's kidnapped he's consumed by fury and will stop at nothing to save her life.",11.5514,/grCGLCcTHv9TChibzOwzUpykcjB.jpg,2004-04-23,False,False,7.464,5658,70000000,130300000,146,175000000.0,0.7445714285714286,0.8614285714285714,2004,4
False,/s7vWRjcfRVMW8tBIxhC3UhKxRoo.jpg,"[10749, 53]",1097549,Babygirl,en,Babygirl,A high-powered CEO puts her career and family on the line when she begins a torrid affair with her much younger intern.,11.5273,/ilwO6elz3mLV9CToT7C8pjVeKX0.jpg,2024-12-25,False,False,5.7,1193,20000000,60934894,115,50000000.0,1.21869788,2.0467447,2024,12
False,/dqPZpQy6PJINOJtld17NgIERusH.jpg,"[28, 80]",13056,Punisher: War Zone,en,Punisher: War Zone,"Waging his one-man war on the world of organized crime, ruthless vigilante-hero Frank Castle sets his sights on overeager mob boss Billy Russoti. After Russoti is left horribly disfigured by Castle, he sets out for vengeance under his new alias: Jigsaw. With the ""Punisher Task Force"" hot on his trail and the FBI unable to take Jigsaw in, Frank must stand up to the formidable army that Jigsaw has recruited before more of his evil deeds go unpunished.",11.4942,/oOvKJgYUIpfswGHAdW6159bPbvM.jpg,2008-12-05,False,False,5.86,1301,20500000,10089373,102,51250000.0,0.19686581463414635,-0.5078354634146341,2008,12
False,/lqxxwTRk0l7CubY6JkJdhnwJEkn.jpg,"[18, 10749]",331482,Little Women,en,Little Women,Four sisters come of age in America in the aftermath of the Civil War.,11.4151,/yn5ihODtZ7ofn8pDYfxCmxh8AXI.jpg,2019-12-25,False,False,7.853,6821,40000000,332103783,135,100000000.0,3.32103783,7.302594575,2019,12
False,/mabuNsGJgRuCTuGqjFkWe1xdu19.jpg,"[28, 12, 16, 10751]",260513,Incredibles 2,en,Incredibles 2,"Elastigirl springs into action to save the day, while Mr. Incredible faces his greatest challenge yet – taking care of the problems of his three children.",11.4144,/9lFKBtaVIhP7E2Pk0IY1CwTKTMZ.jpg,2018-06-14,False,False,7.451,13658,200000000,1243225667,118,500000000.0,2.486451334,5.216128335,2018,6
False,/wWqTMWkEw6HouLd1zPZbZWxtAPr.jpg,"[28, 878, 12]",399566,Godzilla vs. Kong,en,Godzilla vs. Kong,"In a time when monsters walk the Earth, humanity’s fight for its future sets Godzilla and Kong on a collision course that will see the two most powerful forces of nature on the planet collide in a spectacular battle for the ages.",11.3927,/pgqgaUx1cJb5oZQQ5v0tNARCeBp.jpg,2021-03-24,False,False,7.536,10612,200000000,470116094,114,500000000.0,0.940232188,1.35058047,2021,3
False,/rOmUuQEZfPXglwFs5ELLLUDKodL.jpg,"[28, 35, 14]",845781,Red One,en,Red One,"After Santa Claus (codename: Red One) is kidnapped, the North Pole's Head of Security must team up with the world's most infamous tracker in a globe-trotting, action-packed mission to save Christmas.",11.3757,/cdqLnri3NEGcmfnqwk2TSIYtddg.jpg,2024-10-31,False,False,6.991,3032,250000000,185700759,124,625000000.0,0.2971212144,-0.257196964,2024,10
False,/sTQNRqLbfCXolrb5CizAW1dj528.jpg,"[878, 14, 28]",246655,X-Men: Apocalypse,en,X-Men: Apocalypse,"After the re-emergence of the world's first mutant, world-destroyer Apocalypse, the X-Men must unite to defeat his extinction level plan.",11.3629,/2mtQwJKVKQrZgTz49Dizb25eOQQ.jpg,2016-05-18,False,False,6.524,13758,178000000,543934787,144,445000000.0,1.2223253640449439,2.0558134101123597,2016,5
False,/iXlHfi9hq7nfSv31pBab8fpMfZh.jpg,"[35, 10751, 14]",10830,Matilda,en,Matilda,"Matilda Wormwood is an brilliant and intelligent little girl. Unfortunately, her parents, Harry and Zinnia, fail to see that fact. As time passes, she finally starts school and has a kind teacher, loyal friends, and a terrifying, sadistic headmistress. As she becomes fed up with the constant cruelty, she discovers she has a special gift that she just might be able to use to outwit the unruly adults around her.",11.3407,/wYoDpWInsBEVSmWStnRH06ddoyk.jpg,1996-08-02,False,False,7.176,4798,36000000,33500000,98,90000000.0,0.37222222222222223,-0.06944444444444445,1996,8
False,/6G6nqSW9S7EHA9HrYl0Z8uo2H7f.jpg,"[14, 18, 10752]",1417,Pan's Labyrinth,es,El laberinto del fauno,"In post–civil war Spain, 10-year-old Ofelia moves with her pregnant mother to live under the control of her cruel stepfather. Drawn into a mysterious labyrinth, she meets a faun who reveals that she may be a lost princess from an underground kingdom. To return to her true father, she must complete a series of surreal and perilous tasks that blur the line between reality and fantasy.",11.3297,/z7xXihu5wHuSMWymq5VAulPVuvg.jpg,2006-10-11,False,False,7.763,11434,19000000,83258226,118,47500000.0,1.7528047578947368,3.3820118947368423,2006,10
False,/uD267eSiACfWLxp47t3gYymOQRj.jpg,"[16, 35, 10751]",93456,Despicable Me 2,en,Despicable Me 2,Gru is recruited by the Anti-Villain League to help deal with a powerful new super criminal.,11.3227,/5Fh4NdoEnCjCK9wLjdJ9DJNFl2b.jpg,2013-06-26,False,False,6.945,11983,76000000,970766005,98,190000000.0,5.109294763157894,11.773236907894736,2013,6
False,/cUqXHZtnptgvyAE1hN47Wsf3ami.jpg,[35],57214,Project X,en,Project X,"Three high school seniors throw a party to make a name for themselves. As the night progresses, things spiral out of control as word of the party spreads.",11.3206,/lUPDGT3lyRrq8SvWuNWG2DP64bR.jpg,2012-03-01,False,False,6.892,6801,12000000,102731865,88,30000000.0,3.4243955,7.56098875,2012,3
False,/bInicBgSHfQiWLbnRT5jxw9Grvm.jpg,"[12, 53, 878]",74,War of the Worlds,en,War of the Worlds,"Ray Ferrier is a divorced dockworker and less-than-perfect father. Soon after his ex-wife and her new husband drop off his teenage son and young daughter for a rare weekend visit, a strange and powerful lightning storm touches down.",11.3071,/6Biy7R9LfumYshur3YKhpj56MpB.jpg,2005-06-28,False,False,6.538,9151,132000000,603873119,117,330000000.0,1.8299185424242423,3.574796356060606,2005,6
False,/1ZSWFzAP4AZuFCigZZoib2RdcUO.jpg,"[18, 9648, 53]",411088,The Invisible Guest,es,Contratiempo,"Barcelona, Spain. Adrián Doria, a young and successful businessman accused of murder, meets one night with Virginia Goodman, an expert interrogation lawyer, in order to devise a defense strategy.",11.2797,/fptnZJbLzKUHeNlYrAynbyoL5YJ.jpg,2017-01-06,False,False,8.08,4970,4000000,30000000,107,10000000.0,3.0,6.5,2017,1
False,/2nyaeISu2xIxIgZYNpX4UayY8PN.jpg,"[28, 12, 878]",141052,Justice League,en,Justice League,"Fuelled by his restored faith in humanity and inspired by Superman's selfless act, Bruce Wayne and Diana Prince assemble a team of metahumans consisting of Barry Allen, Arthur Curry and Victor Stone to face the catastrophic threat of Steppenwolf and the Parademons who are on the hunt for three Mother Boxes on Earth.",11.274,/eifGNCSDuxJeS1loAXil5bIGgvC.jpg,2017-11-15,False,False,6.073,13654,300000000,661326987,120,750000000.0,0.881769316,1.20442329,2017,11
False,/lrNKm3HNvGdZoAfiBKu7b04FLHN.jpg,[18],316029,The Greatest Showman,en,The Greatest Showman,"The story of American showman P.T. Barnum, founder of the circus that became the famous traveling Ringling Bros. and Barnum & Bailey Circus.",11.2702,/b9CeobiihCx1uG1tpw8hXmpi7nm.jpg,2017-12-20,False,False,7.858,10045,84000000,459066134,105,210000000.0,2.1860292095238094,4.4650730238095235,2017,12
False,/41Y3h2FVfoU4baFdTZwRrlD4MDM.jpg,"[28, 35, 878]",257344,Pixels,en,Pixels,Video game experts are recruited by the military to fight 1980s-era video game characters who've attacked New York.,11.2469,/d26S5EfVXLNxRXqyFy1yyl3qRq3.jpg,2015-07-16,False,False,5.776,8026,88000000,244874809,106,220000000.0,1.1130673136363636,1.7826682840909092,2015,7
False,/eHaazLxM5LRMh0ySkVy7SK6wUWt.jpg,"[12, 28, 878]",101299,The Hunger Games: Catching Fire,en,The Hunger Games: Catching Fire,"After surviving the Hunger Games, Katniss and Peeta struggle with the consequences of their victory as unrest spreads across Panem. Forced back into the spotlight, they become symbols of hope and resistance while the Capitol prepares a new and deadly challenge that will change the future of the nation forever.",11.236,/vrQHDXjVmbYzadOXQ0UaObunoy2.jpg,2013-11-15,False,False,7.427,18423,130000000,865011746,146,325000000.0,2.661574603076923,5.653936507692308,2013,11
False,/c6H7Z4u73ir3cIoCteuhJh7UCAR.jpg,"[878, 28, 12]",524434,Eternals,en,Eternals,"The Eternals are a team of ancient aliens who have been living on Earth in secret for thousands of years. When an unexpected tragedy forces them out of the shadows, they are forced to reunite against mankind’s most ancient enemy, the Deviants.",11.2182,/lFByFSLV5WDJEv3KabbdAF959F2.jpg,2021-11-03,False,False,6.773,9112,200000000,402064899,156,500000000.0,0.804129798,1.010324495,2021,11
False,/h5pAEVma835u8xoE60kmLVopLct.jpg,"[16, 10751, 14]",16859,Kiki's Delivery Service,ja,魔女の宅急便,"A young witch, on her mandatory year of independent life, finds fitting into a new community difficult while she supports herself by running an air courier service.",11.2166,/Aufa4YdZIv4AXpR9rznwVA5SEfd.jpg,1989-07-29,False,False,7.834,4556,6900000,4493017,103,17250000.0,0.2604647536231884,-0.34883811594202896,1989,7
False,/yizL4cEKsVvl17Wc1mGEIrQtM2F.jpg,"[28, 878, 12]",588228,The Tomorrow War,en,The Tomorrow War,"The world is stunned when a group of time travelers arrive from the year 2051 to deliver an urgent message: Thirty years in the future, mankind is losing a global war against a deadly alien species. The only hope for survival is for soldiers and civilians from the present to be transported to the future and join the fight. Among those recruited is high school teacher and family man Dan Forester. Determined to save the world for his young daughter, Dan teams up with a brilliant scientist and his estranged father in a desperate quest to rewrite the fate of the planet.",11.2087,/34nDCQZwaEvsy4CFO5hkGRFDCVU.jpg,2021-09-03,False,False,7.474,4113,200000000,14400000,138,500000000.0,0.0288,-0.928,2021,9
False,/klJMCIblHLFwCuGjKz7tyOpekIC.jpg,"[12, 28, 53]",36557,Casino Royale,en,Casino Royale,"Le Chiffre, a banker to the world's terrorists, is scheduled to participate in a high-stakes poker game in Montenegro, where he intends to use his winnings to establish his financial grip on the terrorist market. M sends Bond—on his maiden mission as a 00 Agent—to attend this game and prevent Le Chiffre from winning. With the help of Vesper Lynd and Felix Leiter, Bond enters the most important poker game in his already dangerous career.",11.2057,/lMrxYKKhd4lqRzwUHAy5gcx9PSO.jpg,2006-11-14,False,False,7.569,11661,150000000,599045960,144,375000000.0,1.5974558933333334,2.9936397333333336,2006,11
False,/6qHI1IYj7QlLSCwHRzkL62X175s.jpg,[18],73,American History X,en,American History X,"Derek Vineyard is paroled after serving 3 years in prison for killing two African-American men. Through his brother, Danny Vineyard's narration, we learn that before going to prison, Derek was a skinhead and the leader of a violent white supremacist gang that committed acts of racial crime throughout L.A. and his actions greatly influenced Danny. Reformed and fresh out of prison, Derek severs contact with the gang and becomes determined to keep Danny from going down the same violent path as he did.",11.1652,/x2drgoXYZ8484lqyDj7L1CEVR4T.jpg,1998-07-01,False,False,8.327,12549,20000000,23900000,119,50000000.0,0.478,0.195,1998,7
False,/bBiZN1epQTu3F8iFLBuMhc4TRzr.jpg,[18],10997,Farewell My Concubine,zh,霸王别姬,"In an epic tale of theater, gender, love and class, two Beijing opera actors navigate political turmoil as their friendship evolves over decades.",11.1572,/f54hNIiHNINw3JiUJB2XaQl5wCN.jpg,1993-01-01,False,False,7.896,676,4000000,6400000,171,10000000.0,0.64,0.6,1993,1
False,/44immBwzhDVyjn87b3x3l9mlhAD.jpg,"[27, 53, 80]",934433,Scream VI,en,Scream VI,"Following the latest Ghostface killings, the four survivors leave Woodsboro behind and start a fresh chapter.",11.1501,/wDWwtvkRRlgTiUr6TyLSMX8FCuZ.jpg,2023-03-08,False,False,6.953,3169,33000000,169063850,123,82500000.0,2.049258787878788,4.12314696969697,2023,3
False,/iymDDg4upZWgpbSeiE1JCjsSPBs.jpg,"[18, 53, 80]",64690,Drive,en,Drive,"Driver is a skilled Hollywood stuntman who moonlights as a getaway driver for criminals. Though he projects an icy exterior, lately he's been warming up to a pretty neighbor named Irene and her young son, Benicio. When Irene's husband gets out of jail, he enlists Driver's help in a million-dollar heist. The job goes horribly wrong, and Driver must risk his life to protect Irene and Benicio from the vengeful masterminds behind the robbery.",11.1425,/602vevIURmpDfzbnv5Ubi6wIkQm.jpg,2011-09-15,False,False,7.583,13596,15000000,79713640,100,37500000.0,2.1256970666666666,4.314242666666667,2011,9
False,/ddIkmH3TpR6XSc47jj0BrGK5Rbz.jpg,"[10752, 28, 18]",374720,Dunkirk,en,Dunkirk,"The story of the miraculous evacuation of Allied soldiers from Belgium, Britain, Canada and France, who were cut off and surrounded by the German army from the beaches and harbour of Dunkirk between May 26th and June 4th 1940 during World War II.",11.1383,/b4Oe15CGLL61Ped0RAS9JpqdmCt.jpg,2017-07-19,False,False,7.452,17541,150000000,549136737,107,375000000.0,1.464364632,2.66091158,2017,7
False,/lAs4Y5a8Pi86xDwuv8cx2prOVI2.jpg,"[12, 10751, 14, 10749]",447277,The Little Mermaid,en,The Little Mermaid,"The youngest of King Triton’s daughters, and the most defiant, Ariel longs to find out more about the world beyond the sea, and while visiting the surface, falls for the dashing Prince Eric. With mermaids forbidden to interact with humans, Ariel makes a deal with the evil sea witch, Ursula, which gives her a chance to experience life on land, but ultimately places her life – and her father’s crown – in jeopardy.",11.1138,/ym1dxyOk4jFcSl4Q2zmRrA5BEEN.jpg,2023-05-18,False,False,6.3,3307,297000000,569626289,135,742500000.0,0.7671734531986532,0.917933632996633,2023,5
False,/3zCPI4JFc54xvLaJ71oI2KoP3az.jpg,"[80, 9648, 53]",1949,Zodiac,en,Zodiac,"Over the course of a decade, editors of the San Francisco Chronicle entice themselves in the murders of the Zodiac Killer. However, as time runs its course, interest in the case dwindles in the eyes of the professionals. The Killer stops interacting with the public. However, believing he has the answers, an amateur cartoonist from the initial sightings races against time to prevent what he believes is another murder.",11.1038,/6YmeO4pB7XTh8P8F960O1uA14JO.jpg,2007-03-02,False,False,7.529,11532,65000000,84785914,157,162500000.0,0.5217594707692308,0.3043986769230769,2007,3
False,/v8DepuF6gizphLzIyNZeQiB0hij.jpg,"[28, 12, 18, 10751]",38575,The Karate Kid,en,The Karate Kid,"12-year-old Dre Parker could've been the most popular kid in Detroit, but his mother's latest career move has landed him in China. Dre immediately falls for his classmate Mei Ying but the cultural differences make such a friendship impossible. Even worse, Dre's feelings make him an enemy of the class bully, Cheng. With no friends in a strange land, Dre has nowhere to turn but maintenance man Mr. Han, who is a kung fu master. As Han teaches Dre that kung fu is not about punches and parries, but maturity and calm, Dre realizes that facing down the bullies will be the fight of his life.",11.1035,/b1RBy3l297N0c7PHjlz35cClWju.jpg,2010-06-10,False,False,6.566,6543,40000000,359126022,140,100000000.0,3.59126022,7.97815055,2010,6
False,/oG9dcGSSu13fjFp1Uly15ZXjRKV.jpg,"[16, 10751, 14, 12, 35, 10749]",11970,Hercules,en,Hercules,"Bestowed with superhuman strength, a young mortal named Hercules sets out to prove himself a hero in the eyes of his father, the great god Zeus. Along with his friends Pegasus, a flying horse, and Phil, a personal trainer, Hercules is tricked by the hilarious, hotheaded villain Hades, who's plotting to take over Mount Olympus!",11.1001,/dK9rNoC97tgX3xXg5zdxFisdfcp.jpg,1997-06-13,False,False,7.491,7911,85000000,252712101,93,212500000.0,1.1892334164705882,1.9730835411764707,1997,6
False,/rMvPXy8PUjj1o8o1pzgQbdNCsvj.jpg,"[28, 12, 53]",299054,Expend4bles,en,Expend4bles,"Armed with every weapon they can get their hands on and the skills to use them, The Expendables are the world’s last line of defense and the team that gets called when all other options are off the table. But new team members with new styles and tactics are going to give “new blood” a whole new meaning.",11.0975,/iwsMu0ehRPbtaSxqiaUDQB9qMWT.jpg,2023-09-15,False,False,6.074,1876,100000000,37917985,103,250000000.0,0.15167194,-0.62082015,2023,9
False,/yoyLhm534GHsWvx5cNBDhfZdTG7.jpg,"[16, 12, 35, 10751]",46195,Rio,en,Rio,"Captured by smugglers when he was just a hatchling, a macaw named Blu never learned to fly and lives a happily domesticated life in Minnesota with his human friend, Linda. Blu is thought to be the last of his kind, but when word comes that Jewel, a lone female, lives in Rio de Janeiro, Blu and Linda go to meet her. Animal smugglers kidnap Blu and Jewel, but the pair soon escape and begin a perilous adventure back to freedom -- and Linda.",11.0865,/4nJxhUknKV8Gqdhov8pU1YWDYfb.jpg,2011-04-03,False,False,6.765,7162,90000000,483866772,96,225000000.0,2.1505189866666665,4.376297466666666,2011,4
False,/yir5430WblZSZuIMd9C6pIZerfA.jpg,"[28, 80]",339403,Baby Driver,en,Baby Driver,"After being coerced into working for a crime boss, a young getaway driver finds himself taking part in a heist doomed to fail.",11.0803,/tYzFuYXmT8LOYASlFCkaPiAFAl0.jpg,2017-06-28,False,False,7.443,16808,34000000,226945087,113,85000000.0,2.6699422,5.6748555,2017,6
False,/2lBOQK06tltt8SQaswgb8d657Mv.jpg,"[10752, 36, 18]",530915,1917,en,1917,"At the height of the First World War, two young British soldiers must cross enemy territory and deliver a message that will stop a deadly attack on hundreds of soldiers.",11.0715,/iZf0KyrE25z1sage4SYFLCCrMi9.jpg,2019-12-25,False,False,7.987,13514,100000000,446064352,119,250000000.0,1.784257408,3.46064352,2019,12
False,/9QusGjxcYvfPD1THg6oW3RLeNn7.jpg,"[28, 12, 14]",297802,Aquaman,en,Aquaman,"Half-human, half-Atlantean Arthur Curry is taken on the journey of his lifetime to discover if he is worth of being a king.",11.0665,/ufl63EFcc5XpByEV2Ecdw6WJZAI.jpg,2018-12-07,False,False,6.867,14885,160000000,1152028393,143,400000000.0,2.8800709825,6.20017745625,2018,12
False,/coru98UcFBzJIU7bxZguxaePgu0.jpg,[35],8363,Superbad,en,Superbad,Two co-dependent high school seniors are forced to deal with separation anxiety after their plan to stage a booze-soaked party goes awry.,11.0468,/ek8e8txUyUwd2BNqj6lFEerJfbq.jpg,2007-08-17,False,False,7.3,8067,20000000,170800000,113,50000000.0,3.416,7.54,2007,8
False,/irpJXGiVr539uuspcQcNdkhS2lq.jpg,"[16, 28, 35, 10751, 878]",38055,Megamind,en,Megamind,"After Megamind, a highly intelligent alien supervillain, defeats his long-time nemesis Metro Man, Megamind creates a new hero to fight, but must act to save the city when his ""creation"" becomes an even worse villain than he was.",11.0308,/uZ9ytt3sPTx62XTfN56ILSuYWRe.jpg,2010-10-28,False,False,7.024,7454,130000000,321885765,96,325000000.0,0.9904177384615385,1.4760443461538462,2010,10
False,/xEY0MV2jSQBz9iOJfCFvLTiPGMA.jpg,"[53, 80]",75656,Now You See Me,en,Now You See Me,An FBI agent and an Interpol detective track a team of illusionists who pull off bank heists during their performances and reward their audiences with the money.,10.9949,/tWsNYbrqy1p1w6K9zRk0mSchztT.jpg,2013-05-29,False,False,7.332,16745,75000000,351723989,116,187500000.0,1.8758612746666667,3.689653186666667,2013,5
False,/zN41DPmPhwmgJjHwezALdrdvD0h.jpg,"[28, 878, 27]",615656,Meg 2: The Trench,en,Meg 2: The Trench,An exploratory dive into the deepest depths of the ocean of a daring research team spirals into chaos when a malevolent mining operation threatens their mission and forces them into a high-stakes battle for survival.,10.9792,/4m1Au3YkjqsxF8iwQy0fPYSxE0h.jpg,2023-08-02,False,False,6.375,3953,129000000,398500317,116,322500000.0,1.2356598976744186,2.0891497441860465,2023,8
False,/o9puyKpayQoX8ikIaYtf2PfKv3.jpg,"[28, 12, 35, 878]",607,Men in Black,en,Men in Black,"After a police chase with an otherworldly being, a New York City cop is recruited as an agent in a top-secret organization established to monitor and police alien activity on Earth: the Men in Black. Agent K and new recruit Agent J find themselves in the middle of a deadly plot by an intergalactic terrorist who has arrived on Earth to assassinate two ambassadors from opposing galaxies.",10.928,/uLOmOF5IzWoyrgIF5MfUnh5pa1X.jpg,1997-07-02,False,False,7.222,14804,90000000,589390539,98,225000000.0,2.619513506666667,5.548783766666666,1997,7
False,/8gT3UKtglLVpu0YfccwbmXZ5Eis.jpg,"[18, 35]",20453,3 Idiots,hi,3 Idiots,"Rascal. Joker. Dreamer. Genius... You've never met a college student quite like ""Rancho."" From the moment he arrives at India's most prestigious university, Rancho's outlandish schemes turn the campus upside down—along with the lives of his two newfound best friends. Together, they make life miserable for ""Virus,"" the school’s uptight and heartless dean. But when Rancho catches the eye of the dean's daughter, Virus sets his sights on flunking out the ""3 idiots"" once and for all.",10.9218,/66A9MqXOyVFCssoloscw79z8Tew.jpg,2009-12-23,False,False,7.997,2699,9000000,70000000,171,22500000.0,3.111111111111111,6.777777777777778,2009,12
False,/lMRMjd9yJsZLyaT97eiURu2zVb4.jpg,"[28, 53]",8681,Taken,en,Taken,"Bryan Mills, a former government operative, is trying to reconnect with his teenage daughter Kim. After reluctantly agreeing with his ex-wife to let Kim go to Paris on vacation with a friend, his worst nightmare comes true. While on the phone with his daughter shortly after she arrives in Paris, she and her friend are abducted by a gang of human traffickers. Working against the clock, Bryan relies on his extensive training and skills to track down the ruthless gang that abducted her and launch a one-man war to rescue his daughter.",10.9188,/ognkaUSNgJe1a2pjB4UNdzEo5jT.jpg,2008-02-18,False,False,7.405,12078,25000000,226830568,94,62500000.0,3.629289088,8.07322272,2008,2
False,/x9td0NQha0t44K2qgcMipLOGjVi.jpg,"[28, 53, 12]",370172,No Time to Die,en,No Time to Die,"Bond has left active service and is enjoying a tranquil life in Jamaica. His peace is short-lived when his old friend Felix Leiter from the CIA turns up asking for help. The mission to rescue a kidnapped scientist turns out to be far more treacherous than expected, leading Bond onto the trail of a mysterious villain armed with dangerous new technology.",10.8977,/iUgygt3fscRoKWCV1d0C7FbM9TP.jpg,2021-09-29,False,False,7.341,7084,250000000,774153024,163,625000000.0,1.2386448384,2.096612096,2021,9
False,/o1jr0UqVjxIZ1JnFzuVLN4ulWey.jpg,"[16, 10751, 35, 12]",950,Ice Age: The Meltdown,en,Ice Age: The Meltdown,"Diego, Manny and Sid return in this sequel to the hit animated movie Ice Age. This time around, the deep freeze is over, and the ice-covered earth is starting to melt, which will destroy the trio's cherished valley. The impending disaster prompts them to reunite and warn all the other beasts about the desperate situation.",10.8942,/e23bfKyjOiKJ5uOufFgfO7JO5ug.jpg,2006-03-29,False,False,6.718,10325,80000000,660998756,91,200000000.0,3.30499378,7.26248445,2006,3
False,/6ToGkmqn0KG0UGGGUAC1Ww0e5CM.jpg,"[80, 27, 9648]",1226578,Longlegs,en,Longlegs,"FBI Agent Lee Harker is a gifted new recruit assigned to the unsolved case of an elusive serial killer. As the case takes complex turns, unearthing evidence of the occult, Harker discovers a personal connection to the merciless killer and must race against time to stop him before he claims the lives of another innocent family.",10.8396,/1EwNyiiNFd863H4e8nWEzutnZD7.jpg,2024-07-10,False,False,6.53,2637,10000000,127961936,101,25000000.0,5.11847744,11.7961936,2024,7
False,/aD7FXrm2GErTmzrIFBntPyhAqS9.jpg,"[53, 28]",1087891,The Amateur,en,The Amateur,"After his life is turned upside down when his wife is killed in a London terrorist attack, a brilliant but introverted CIA decoder takes matters into his own hands when his supervisors refuse to take action.",10.8285,/SNEoUInCa5fAgwuEBMIMBGvkkh.jpg,2025-04-09,False,False,6.947,1593,60000000,96000836,123,150000000.0,0.6400055733333333,0.6000139333333333,2025,4
False,/4CcUgdiGe83MeqJW1NyJVmZqRrF.jpg,"[18, 10749]",937287,Challengers,en,Challengers,"Tennis player turned coach Tashi has taken her husband, Art, and transformed him into a world-famous Major champion. To jolt him out of his recent losing streak, she signs him up for a ""Challenger"" event — close to the lowest level of pro tournament — where he finds himself standing across the net from his former best friend and Tashi's former boyfriend.",10.8226,/H6vke7zGiuLsz4v4RPeReb9rsv.jpg,2024-04-18,False,False,6.912,2674,55000000,94182533,132,137500000.0,0.6849638763636363,0.7124096909090909,2024,4
False,/H5HjE7Xb9N09rbWn1zBfxgI8uz.jpg,"[28, 35, 10749]",746036,The Fall Guy,en,The Fall Guy,"Fresh off an almost career-ending accident, stuntman Colt Seavers has to track down a missing movie star, solve a conspiracy and try to win back the love of his life while still doing his day job.",10.8168,/e7olqFmzcIX5c23kX4zSmLPJi8c.jpg,2024-04-24,False,False,6.96,3729,125000000,181073291,127,312500000.0,0.5794345312,0.448586328,2024,4
False,/kFI1oF6KVnLEbUT7yLIbKXeyvu.jpg,"[28, 12, 878]",602,Independence Day,en,Independence Day,"Strange phenomena surface around the globe. The skies ignite. Terror races through the world's major cities. As these extraordinary events unfold, it becomes increasingly clear that a force of incredible magnitude has arrived. Its mission: total annihilation over the Fourth of July weekend. The last hope to stop the destruction is an unlikely group of people united by fate and unimaginable circumstances.",10.7895,/p0BPQGSPoSa8Ml0DAf2mB2kCU0R.jpg,1996-06-25,False,False,6.909,10407,75000000,817400891,145,187500000.0,4.359471418666667,9.898678546666666,1996,6
False,/cjSB3ZjaMpaa9oHFyeYha3KG0mp.jpg,[35],4248,Scary Movie 2,en,Scary Movie 2,"While the original parodied slasher flicks like Scream, Keenen Ivory Wayans's sequel to Scary Movie takes comedic aim at haunted house movies. A group of students visit a mansion called ""Hell House,"" and murderous high jinks ensue.",10.7798,/7Eb1JWK0Cb0rbfsYjwfc9g0PbQH.jpg,2001-07-04,False,False,5.816,5133,45000000,141220678,82,112500000.0,1.2552949155555555,2.138237288888889,2001,7
False,/eZzNdjNDvaSoyywy9ICg2UmFwul.jpg,"[18, 53]",974576,Conclave,en,Conclave,"After the unexpected death of the Pope, Cardinal Lawrence is tasked with managing the covert and ancient ritual of electing a new one. Sequestered in the Vatican with the Catholic Church’s most powerful leaders until the process is complete, Lawrence finds himself at the center of a conspiracy that could lead to its downfall.",10.7791,/vYEyxF1UT779RiEalpMjUT6kfdf.jpg,2024-10-25,False,False,7.192,3379,20000000,115657988,120,50000000.0,2.31315976,4.7828994,2024,10
False,/zDIievPXqjfjLogXFqnnopU0OkK.jpg,"[10751, 35, 12, 16]",412117,The Secret Life of Pets 2,en,The Secret Life of Pets 2,"Max the terrier must cope with some major life changes when his owner gets married and has a baby. When the family takes a trip to the countryside, nervous Max has numerous run-ins with canine-intolerant cows, hostile foxes and a scary turkey. Luckily for Max, he soon catches a break when he meets Rooster, a gruff farm dog who tries to cure the lovable pooch of his neuroses.",10.7766,/s9xg4V5EDKiphgIksVJ9gewBM11.jpg,2019-05-24,False,False,6.948,3324,80000000,429434163,86,200000000.0,2.147170815,4.3679270375,2019,5
False,/lgBZlJ1LHQel5nneNQMoesmvc7l.jpg,"[28, 12, 10752]",1271,300,en,300,"A story very loosely based the 480 B.C. Battle of Thermopylae, where the King of Sparta led his army against the advancing Persians.",10.7533,/h7Lcio0c9ohxPhSZg42eTlKIVVY.jpg,2007-03-07,False,False,7.198,14687,65000000,456082343,117,162500000.0,2.8066605723076923,6.0166514307692305,2007,3
False,/zoVeIgKzGJzpdG6Gwnr7iOYfIMU.jpg,"[18, 10749]",11216,Cinema Paradiso,it,Nuovo Cinema Paradiso,"A filmmaker recalls his childhood, when he fell in love with the movies at his village's theater and formed a deep friendship with the theater's projectionist.",10.746,/gCI2AeMV4IHSewhJkzsur5MEp6R.jpg,1988-11-17,False,False,8.425,4816,5000000,35962062,124,12500000.0,2.87696496,6.1924124,1988,11
False,/riaO9lEYnzlmkILiLG3Y6HtJaM3.jpg,"[28, 12, 14]",68735,Warcraft,en,Warcraft,"The peaceful realm of Azeroth stands on the brink of war as its civilization faces a fearsome race of invaders: orc warriors fleeing their dying home to colonize another. As a portal opens to connect the two worlds, one army faces destruction and the other faces extinction. From opposing sides, two heroes are set on a collision course that will decide the fate of their family, their people, and their home.",10.7383,/eGi5aoxaZveqNLtE7BZJCuWwR3G.jpg,2016-05-25,False,False,6.403,7247,160000000,433677183,123,400000000.0,1.0841929575,1.71048239375,2016,5
False,/AfvIjhDu9p64jKcmohS4hsPG95Q.jpg,"[27, 53]",756999,The Black Phone,en,The Black Phone,"Finney Blake, a shy but clever 13-year-old boy, is abducted by a sadistic killer and trapped in a soundproof basement where screaming is of little use. When a disconnected phone on the wall begins to ring, Finney discovers that he can hear the voices of the killer’s previous victims. And they are dead set on making sure that what happened to them doesn’t happen to Finney.",10.7233,/p9ZUzCyy9wRTDuuQexkQ78R2BgF.jpg,2022-06-16,False,False,7.523,5813,16000000,161441914,103,40000000.0,4.03604785,9.090119625,2022,6
False,/yF1eOkaYvwiORauRCPWznV9xVvi.jpg,"[28, 878, 12]",298618,The Flash,en,The Flash,"When his attempt to save his family inadvertently alters the future, Barry Allen becomes trapped in a reality in which General Zod has returned and there are no Super Heroes to turn to. In order to save the world that he is in and return to the future that he knows, Barry's only hope is to race for his life. But will making the ultimate sacrifice be enough to reset the universe?",10.7134,/rktDFPbfHfUbArZ6OOOKsXcv0Bm.jpg,2023-06-13,False,False,6.615,4979,220000000,271333313,144,550000000.0,0.4933332963636364,0.2333332409090909,2023,6
False,/uNLIMPxknsV4n3IAEDpS1iqF5dm.jpg,"[14, 18, 10749]",162,Edward Scissorhands,en,Edward Scissorhands,A small suburban town receives a visit from a castaway unfinished science experiment named Edward.,10.7093,/e0FqKFvGPdQNWG8tF9cZBtev9Em.jpg,1990-12-07,False,False,7.719,13753,20000000,86024005,105,50000000.0,1.7204801,3.30120025,1990,12
False,/6t8ES1d12OzWyCGxBeDYLHoaDrT.jpg,"[28, 12, 878]",330459,Rogue One: A Star Wars Story,en,Rogue One: A Star Wars Story,A rogue band of resistance fighters unite for a mission to steal the Death Star plans and bring a new hope to the galaxy.,10.7028,/i0yw1mFbB7sNGHCs7EXZPzFkdA1.jpg,2016-12-14,False,False,7.506,16378,200000000,1056057273,133,500000000.0,2.112114546,4.280286365,2016,12
False,/piXBj3FKEGNb6XCfAM7w5s4BI7O.jpg,"[18, 28, 10752]",616,The Last Samurai,en,The Last Samurai,"Nathan Algren is an American hired to instruct the Japanese army in the ways of modern warfare, which finds him learning to respect the samurai and the honorable principles that rule them. Pressed to destroy the samurai's way of life in the name of modernization and open trade, Algren decides to become an ultimate warrior himself and to fight for their right to exist.",10.7026,/a8jmJPs5eZBARmnuEEvZwbjwyz4.jpg,2003-12-05,False,False,7.6,7517,140000000,456800000,154,350000000.0,1.3051428571428572,2.262857142857143,2003,12
False,/cGbPBHKSFO7hSIjxkb3KOaGdOep.jpg,"[14, 12, 10749]",967941,Wicked: For Good,en,Wicked: For Good,"As an angry mob rises against the Wicked Witch, Glinda and Elphaba will need to come together one final time. With their singular friendship now the fulcrum of their futures, they will need to truly see each other, with honesty and empathy, if they are to change themselves, and all of Oz, for good.",10.6979,/si9tolnefLSUKaqQEGz1bWArOaL.jpg,2025-11-19,False,False,6.643,977,150000000,539042601,137,375000000.0,1.437446936,2.59361734,2025,11
False,/yriYPLqyFqPW0QXaegT1KmWXk9a.jpg,"[878, 53]",1954,The Butterfly Effect,en,The Butterfly Effect,"A young man struggles to access sublimated childhood memories. He finds a technique that allows him to travel back into the past, to occupy his childhood body and change history. However, he soon finds that every change he makes has unexpected consequences.",10.6858,/ea5iv7TWMh18fOKoRGgmtcg85Gx.jpg,2004-01-17,False,False,7.578,8211,13000000,96800000,113,32500000.0,2.9784615384615383,6.446153846153846,2004,1
False,/4mcOCiR06dqQ5eoEJcG3zvonjOa.jpg,"[878, 28, 53, 12]",294254,Maze Runner: The Scorch Trials,en,Maze Runner: The Scorch Trials,"Thomas and his fellow Gladers face their greatest challenge yet: searching for clues about the mysterious and powerful organization known as WCKD. Their journey takes them to the Scorch, a desolate landscape filled with unimaginable obstacles. Teaming up with resistance fighters, the Gladers take on WCKD’s vastly superior forces and uncover its shocking plans for them all.",10.6568,/mYw7ZyejqSCPFlrT2jHZOESZDU3.jpg,2015-09-09,False,False,6.729,11004,61000000,312296056,131,152500000.0,2.0478429901639346,4.119607475409836,2015,9
False,/cu3uaBqPORcfpKQWaIjA1GJbvEg.jpg,[27],132232,Mama,en,Mama,"Guillermo del Toro presents Mama, a supernatural thriller that tells the haunting tale of two little girls who disappeared into the woods the day that their parents were killed. When they are rescued years later and begin a new life, they find that someone or something still wants to come tuck them in at night.",10.6404,/eo8BhR8Q5STmWE9sMLsEPagxmy6.jpg,2013-01-17,False,False,6.294,4404,15000000,146428180,100,37500000.0,3.9047514666666667,8.761878666666666,2013,1
False,/tsSWHgaFlzzkp3o976juBZbmcs2.jpg,"[28, 80, 878]",754,Face/Off,en,Face/Off,"In order to foil a terrorist plot, an FBI agent undergoes facial transplant surgery and assumes the identity of a criminal mastermind. The plan turns sour when the criminal wakes up prematurely and seeks revenge.",10.6352,/69Xzn8UdPbVnmqSChKz2RTpoNfB.jpg,1997-06-27,False,False,7.055,5880,80000000,245700000,139,200000000.0,1.2285,2.07125,1997,6
False,/wZS4xSfPtk1NPQnx9zsT5R2WhCu.jpg,"[35, 80, 878, 16, 10751]",438148,Minions: The Rise of Gru,en,Minions: The Rise of Gru,"A fanboy of a supervillain supergroup known as the Vicious 6, Gru hatches a plan to become evil enough to join them, with the backup of his followers, the Minions.",10.633,/wKiOkZTN9lUUUNZLmtnwubZYONg.jpg,2022-06-29,False,False,7.267,4008,85000000,940203765,87,212500000.0,4.4244883058823525,10.061220764705883,2022,6
False,/gprjiZWY43vxSKngMha1wfb5TGG.jpg,"[27, 14]",426063,Nosferatu,en,Nosferatu,"A gothic tale of obsession between a haunted young woman and the terrifying vampire infatuated with her, causing untold horror in its wake.",10.6239,/5qGIxdEO841C0tdY8vOdLoRVrr0.jpg,2024-12-25,False,False,6.706,3632,50000000,181805645,133,125000000.0,1.45444516,2.6361129,2024,12
False,/oLgtpxK4aGZ7S8aiE3rDwahqkL2.jpg,[18],1124566,Sentimental Value,no,Affeksjonsverdi,"Sisters Nora and Agnes reunite with their estranged father, the charismatic Gustav, a once-renowned director who offers stage actress Nora a role in what he hopes will be his comeback film. When Nora turns it down, she soon discovers he has given her part to an eager young Hollywood star.",10.615,/pz9NCWxxOk3o0W3v1Zkhawrwb4i.jpg,2025-08-20,False,False,7.483,889,7800000,22000000,133,19500000.0,1.1282051282051282,1.8205128205128205,2025,8
False,/3czpqXzFy5UcNuD1AubecRLWkwD.jpg,"[28, 12, 878]",127585,X-Men: Days of Future Past,en,X-Men: Days of Future Past,The ultimate X-Men ensemble fights a war for the survival of the species across two time periods as they join forces with their younger selves in an epic battle that must change the past – to save our future.,10.607,/tYfijzolzgoMOtegh1Y7j2Enorg.jpg,2014-05-15,False,False,7.529,16225,250000000,748045700,132,625000000.0,1.19687312,1.9921828,2014,5
False,/wvXxKpFGXvQJRB0nvvfURhRD3C0.jpg,"[14, 12, 16, 35, 10751]",810,Shrek the Third,en,Shrek the Third,"The King of Far Far Away has died and Shrek and Fiona are to become King & Queen. However, Shrek wants to return to his cozy swamp and live in peace and quiet, so when he finds out there is another heir to the throne, they set off to bring him back to rule the kingdom.",10.5578,/n4SexGGQzI26E269tfpa80MZaGV.jpg,2007-05-17,False,False,6.308,9757,160000000,813367380,93,400000000.0,2.03341845,4.083546125,2007,5
False,/prH7Lmo7V9GuMbhCaDCSa6kvZvs.jpg,"[18, 10749]",4347,Atonement,en,Atonement,A young girl irrevocably changes the course of several lives when she accuses her older sister's lover of a crime he did not commit.,10.5544,/hMRIyBjPzxaSXWM06se3OcNjIQa.jpg,2007-02-27,False,False,7.6,4690,30000000,131016624,123,75000000.0,1.74688832,3.3672208,2007,2
False,/cMfokHWle5lfCreoV08cbmkKv6G.jpg,"[16, 878, 12, 10751]",698687,Transformers One,en,Transformers One,"The untold origin story of Optimus Prime and Megatron, better known as sworn enemies, but once were friends bonded like brothers who changed the fate of Cybertron forever.",10.5527,/iRCgqpdVE4wyLQvGYU3ZP7pAtUc.jpg,2024-09-11,False,False,7.968,1608,75000000,129408392,104,187500000.0,0.6901780906666667,0.7254452266666667,2024,9
False,/xBSwwkAYl9h8QVG2OxNpSaSgJwr.jpg,"[10749, 18]",43949,Flipped,en,Flipped,"When Juli meets Bryce in the second grade, she knows it's true love. After spending six years trying to convince Bryce the same, she's ready to give up - until he starts to reconsider.",10.5501,/6zDYFigohwncqFL00MKbFV01dWb.jpg,2010-08-06,False,False,8.008,3317,14000000,4324817,89,35000000.0,0.1235662,-0.6910845,2010,8
False,/5QEOy0QEpad9QsXeMxuGHPXMale.jpg,"[28, 12, 14]",76338,Thor: The Dark World,en,Thor: The Dark World,"Thor fights to restore order across the cosmos… but an ancient race led by the vengeful Malekith returns to plunge the universe back into darkness. Faced with an enemy that even Odin and Asgard cannot withstand, Thor must embark on his most perilous and personal journey yet, one that will reunite him with Jane Foster and force him to sacrifice everything to save us all.",10.5485,/wp6OxE4poJ4G7c0U2ZIXasTSMR7.jpg,2013-10-30,False,False,6.509,18305,170000000,644783140,112,425000000.0,1.5171368,2.792842,2013,10
False,/1hzH1Wu2xhXBNOWzw3RMwNTJX5q.jpg,"[28, 878]",240832,Lucy,en,Lucy,"A woman, accidentally caught in a dark deal, turns the tables on her captors and transforms into a merciless warrior evolved beyond human logic.",10.5471,/kRbpUTRNm6QbLQFPFWUcNC4czEm.jpg,2014-07-25,False,False,6.474,17036,40000000,469058574,89,100000000.0,4.69058574,10.72646435,2014,7
False,/2vq5GTJOahE03mNYZGxIynlHcWr.jpg,"[18, 28, 36]",359724,Ford v Ferrari,en,Ford v Ferrari,"American car designer Carroll Shelby and the British-born driver Ken Miles work together to battle corporate interference, the laws of physics, and their own personal demons to build a revolutionary race car for Ford Motor Company and take on the dominating race cars of Enzo Ferrari at the 24 Hours of Le Mans in France in 1966.",10.5346,/dR1Ju50iudrOh3YgfwkAU1g2HZe.jpg,2019-11-13,False,False,8.006,8954,97600000,225508210,153,244000000.0,0.9242139754098361,1.3105349385245901,2019,11
False,/sDhABATFQX8nfTHShTfH8HeqKY1.jpg,"[80, 18, 53]",819,Sleepers,en,Sleepers,Two gangsters seek revenge on the state jail worker who during their stay at a youth prison sexually abused them. A sensational court hearing takes place to charge him for the crimes.,10.5335,/yUpiEk2EojS9ZEXb3nIQonQCYYF.jpg,1996-10-18,False,False,7.602,3860,44000000,165600000,147,110000000.0,1.5054545454545454,2.7636363636363637,1996,10
False,/1GlZNA9L5trst3ItgRiyQTUH1uf.jpg,[18],37799,The Social Network,en,The Social Network,"In 2003, Harvard undergrad and computer programmer Mark Zuckerberg begins work on a new concept that eventually turns into the global social network known as Facebook. Six years later, Mark is one of the youngest billionaires ever, but his unprecedented success leads to both personal and legal complications when he ends up on the receiving end of two lawsuits, one involving his former friend.",10.5235,/n0ybibhJtQ5icDqTp8eRytcIHJx.jpg,2010-10-01,False,False,7.373,13132,40000000,224920315,121,100000000.0,2.24920315,4.623007875,2010,10
False,/p26c040MErns7DJYhisa1CpVB5i.jpg,"[27, 9648, 53]",423108,The Conjuring: The Devil Made Me Do It,en,The Conjuring: The Devil Made Me Do It,"Paranormal investigators Ed and Lorraine Warren encounter what would become one of the most sensational cases from their files. The fight for the soul of a young boy takes them beyond anything they'd ever seen before, to mark the first time in U.S. history that a murder suspect would claim demonic possession as a defense.",10.519,/xbSuFiJbbBWCkyCCKIMfuDCA4yV.jpg,2021-05-25,False,False,7.354,6522,39000000,206444123,111,97500000.0,2.1173756205128207,4.293439051282052,2021,5
False,/iiDGA97Kqt2dVU1deXQF06USBRu.jpg,"[18, 28, 53, 80, 9648]",10775,Infernal Affairs,cn,無間道,"Chan Wing Yan, a young police officer, has been sent undercover as a mole in the local mafia. Lau Kin Ming, a young mafia member, infiltrates the police force. Years later, their older counterparts, Chen Wing Yan and Inspector Lau Kin Ming, respectively, race against time to expose the mole within their midst.",10.5179,/qdlwFWn2YdLzw5KHpMpzRY9BI7r.jpg,2002-12-12,False,False,7.804,1859,6400000,8836958,101,16000000.0,0.552309875,0.3807746875,2002,12
False,/hNsYUryiwxcdeTMkaBcPF3iEg0p.jpg,"[878, 28]",335983,Venom,en,Venom,"Investigative journalist Eddie Brock attempts a comeback following a scandal, but accidentally becomes the host of Venom, a violent, super powerful alien symbiote. Soon, he must rely on his newfound powers to protect the world from a shadowy organization looking for a symbiote of their own.",10.5044,/2uNW4WbgBXL25BAbXGLnLqX71Sw.jpg,2018-09-28,False,False,6.826,17205,116000000,856085151,112,290000000.0,2.9520177620689654,6.380044405172414,2018,9
False,/nVodCGKYLpqNC8YwQAbivKlWCgZ.jpg,"[28, 12, 14]",293167,Kong: Skull Island,en,Kong: Skull Island,"Explore the mysterious and dangerous home of the king of the apes as a team of explorers ventures deep inside the treacherous, primordial island.",10.4793,/r2517Vz9EhDhj88qwbDVj8DCRZN.jpg,2017-03-08,False,False,6.553,11112,185000000,566652812,118,462500000.0,1.2251952691891892,2.062988172972973,2017,3
False,/reK7SgAFlyxg3s9R7neh6M970kh.jpg,"[12, 16, 35, 10751]",7518,Over the Hedge,en,Over the Hedge,"A scheming raccoon fools a mismatched family of forest creatures into helping him repay a debt of food, by invading the new suburban sprawl that popped up while they were hibernating – and learns a lesson about family himself.",10.4241,/jtZnymorbnHY7mOiBXR14ZDJseM.jpg,2006-05-17,False,False,6.595,4829,80000000,343397247,83,200000000.0,1.716986235,3.2924655875,2006,5
False,/39Niij05MXfibXBsHiUU0Ml0POX.jpg,"[27, 10749]",1242011,Together,en,Together,"Years into their relationship, Tim and Millie find themselves at a crossroads as they move to the country, abandoning all that is familiar in their lives except each other. With tensions already flaring, a nightmarish encounter with a mysterious, unnatural force threatens to corrupt their lives, their love, and their flesh.",10.4102,/80slKYVM5teFH3kz6ouWrZXveqj.jpg,2025-07-28,False,False,6.924,1118,17000000,34747399,102,42500000.0,0.8175858588235294,1.0439646470588235,2025,7
False,/kJYPag1YrA4PsXIftFdq3QEaanV.jpg,"[12, 28, 53, 878]",605,The Matrix Revolutions,en,The Matrix Revolutions,The human city of Zion defends itself against the massive invasion of the machines as Neo fights to end the war at another front while also opposing the rogue Agent Smith.,10.3904,/bkkS61w94ZVMNVd8KEyyJl2tnY5.jpg,2003-11-05,False,False,6.8,10787,150000000,424988211,129,375000000.0,1.133301896,1.83325474,2003,11
False,/48TM0HjZSRjIr4QMuDTsMWcz7gX.jpg,"[27, 9648]",588,Silent Hill,en,Silent Hill,"Rose, a desperate mother, takes her adopted daughter, Sharon, to the town of Silent Hill in an attempt to cure her of her ailment. After a violent car crash, Sharon disappears, and Rose embarks on a horrific journey to get her back and begins to uncover the truth behind the apocalyptic disaster that burned the town 30 years earlier.",10.381,/r0bEDWO2w4a43K2xTNSF284qOsc.jpg,2006-04-21,False,False,6.627,4869,50000000,100605135,125,125000000.0,0.80484108,1.0121027,2006,4
False,/6RDgtEBzjuF7W25DVziXRABchpX.jpg,[27],109428,Evil Dead,en,Evil Dead,"Mia, a drug addict, is determined to kick the habit. To that end, she asks her brother, David, his girlfriend, Natalie and their friends Olivia and Eric to accompany her to their family's remote forest cabin to help her through withdrawal. Eric finds a mysterious Book of the Dead at the cabin and reads aloud from it, awakening an ancient demon. All hell breaks loose when the malevolent entity possesses Mia.",10.359,/1gDV0Lm9y8ufIKzyf0h0GBgb9Zj.jpg,2013-04-05,False,False,6.6,5017,17000000,99010045,91,42500000.0,2.329648117647059,4.824120294117647,2013,4
False,/vFm4pF0BgaWPj0i2zEiZO6TqEQ0.jpg,"[53, 28]",260346,Taken 3,en,Taken 3,"Ex-government operative Bryan Mills finds his life is shattered when he's falsely accused of a murder that hits close to home. As he's pursued by a savvy police inspector, Mills employs his particular set of skills to track the real killer and exact his unique brand of justice.",10.3379,/vzvMXMypMq7ieDofKThsxjHj9hn.jpg,2014-12-16,False,False,6.264,6127,48000000,325800000,109,120000000.0,2.715,5.7875,2014,12
False,/85PMh0cKywekAJYDnRXfezYAmEc.jpg,"[53, 28, 12, 878]",44833,Battleship,en,Battleship,"When mankind beams a radio signal into space, a reply comes from ‘Planet G’, in the form of several alien crafts that splash down in the waters off Hawaii. Lieutenant Alex Hopper is a weapons officer assigned to the USS John Paul Jones, part of an international naval coalition which becomes the world's last hope for survival as they engage the hostile alien force of unimaginable strength. While taking on the invaders, Hopper must also try to live up to the potential that his brother, and his fiancée's father—an Admiral—expect of him.",10.3369,/9b0Im7SfedHiajTwzSL9zGyBI7M.jpg,2012-04-11,False,False,5.892,5937,209000000,303025485,131,522500000.0,0.5799530813397129,0.4498827033492823,2012,4
False,/eNI7PtK6DEYgZmHWP9gQNuff8pv.jpg,"[878, 28, 12]",624860,The Matrix Resurrections,en,The Matrix Resurrections,"Plagued by strange memories, Neo's life takes an unexpected turn when he finds himself back inside the Matrix.",10.3309,/8c4a8kE7PizaGQQnditMmI1xbRp.jpg,2021-12-16,False,False,6.332,6448,190000000,156497322,148,475000000.0,0.32946804631578946,-0.1763298842105263,2021,12
False,/qe4Tp0hURXqiih5AV1kHimXIt3u.jpg,"[28, 80]",414419,Kill Bill: The Whole Bloody Affair,en,Kill Bill: The Whole Bloody Affair,"A former assassin, known simply as The Bride, wakes from a coma four years after her jealous ex-lover Bill attempts to murder her on her wedding day. Fueled by an insatiable desire for revenge, she vows to get even with every person who contributed to the loss of her unborn child, her entire wedding party, and four years of her life. After devising a hit list, The Bride sets off on her quest, enduring unspeakable injury and unscrupulous enemies.",10.325,/nSOJfWJCdVFZQwXQA7RXn7FIIiY.jpg,2011-03-27,False,False,8.1,1234,60000000,10627885,253,150000000.0,0.07085256666666667,-0.8228685833333333,2011,3
False,/oHBhHoNe59VH6bUMazDtJmWOFSS.jpg,"[878, 27, 28]",940721,Godzilla Minus One,ja,ゴジラ-1.0,"In postwar Japan, Godzilla brings new devastation to an already scorched landscape. With no military intervention or government help in sight, the survivors must join together in the face of despair and fight back against an unrelenting horror.",10.3239,/2E2WTX0TJEflAged6kzErwqX1kt.jpg,2023-11-03,False,False,7.572,3156,15000000,113676322,125,37500000.0,3.031368586666667,6.578421466666667,2023,11
False,/cHvwgJPaT59H1HiQsvBrGD5I46g.jpg,"[28, 18, 878]",124905,Godzilla,en,Godzilla,"Ford Brody, a Navy bomb expert, has just reunited with his family in San Francisco when he is forced to go to Japan to help his estranged father, Joe. Soon, both men are swept up in an escalating crisis when an ancient alpha predator arises from the sea to combat malevolent adversaries that threaten the survival of humanity. The creatures leave colossal destruction in their wake, as they make their way toward their final battleground: San Francisco.",10.3169,/tphkjmQq8WebuVwNXelmjLUXuPJ.jpg,2014-05-14,False,False,6.358,9759,160000000,524978362,123,400000000.0,1.312445905,2.2811147625,2014,5
False,/7BdxZXbSkUiVeCRXKD3hi9KYeWm.jpg,"[16, 10751, 35, 28]",49444,Kung Fu Panda 2,en,Kung Fu Panda 2,"Po is finally living the dream as the Dragon Warrior—until a shadow from his past comes roaring back. When the ruthless peacock Lord Shen unleashes a devastating new weapon used to wipe out kung fu masters across the land, Po and the Furious Five race across China to put an end to his plans. But if Po is to have any hope of stopping him, he must first confront the truth of his origins—and find inner peace before his past tears him apart.",10.3124,/mtqqD00vB4PGRt20gWtGqFhrkd0.jpg,2011-05-25,False,False,7.061,7863,150000000,665692281,91,375000000.0,1.775179416,3.43794854,2011,5
False,/9Z4msMhKvNp63sOB1ZvxPMPvqz3.jpg,"[35, 878, 12]",7512,Idiocracy,en,Idiocracy,"To test its top-secret Human Hibernation Project, the Pentagon picks the most average European-Americans it can find - an Army private and a prostitute - and sends them to the year 2505 after a series of freak events. But when they arrive, they find a civilization so dumbed-down that they're the smartest people around.",10.3104,/k75tEyoPbPlfHSKakJBOR5dx1Dp.jpg,2006-09-01,False,False,6.371,3539,30000000,495303,85,75000000.0,0.00660404,-0.9834899,2006,9
False,/7NKfxJrQn053UJeLftlx4m4NTzo.jpg,"[27, 28]",36647,Blade,en,Blade,"The Daywalker known as ""Blade"" - a half-vampire, half-mortal man - becomes the protector of humanity against an underground army of vampires.",10.2959,/oWT70TvbsmQaqyphCZpsnQR7R32.jpg,1998-08-21,False,False,6.833,6685,45000000,131183530,121,112500000.0,1.1660758222222223,1.9151895555555556,1998,8
False,/P82NAcEsLIYgQtrtn36tYsj41m.jpg,"[10751, 35, 12, 16]",748783,The Garfield Movie,en,The Garfield Movie,"Garfield, the world-famous, Monday-hating, lasagna-loving indoor cat, is about to have a wild outdoor adventure! After an unexpected reunion with his long-lost father – scruffy street cat Vic – Garfield and his canine friend Odie are forced from their perfectly pampered life into joining Vic in a hilarious, high-stakes heist.",10.2948,/xYduFGuch9OwbCOEUiamml18ZoB.jpg,2024-04-30,False,False,7.0,1432,60000000,254907482,101,150000000.0,1.6993832133333333,3.2484580333333333,2024,4
False,/cT6xO3YjzfZKYGhZ8S7plNlA27F.jpg,"[18, 36]",9453,Caligula,it,Caligola,"After the death of the paranoid emperor Tiberius, Caligula, his heir, seizes power and plunges the empire into a bloody spiral of madness and depravity.",10.2944,/vNXAY6r9Pb6WkMCGmNeW2PlznLQ.jpg,1979-08-14,False,False,5.98,980,17500000,23400000,156,43750000.0,0.5348571428571428,0.33714285714285713,1979,8
False,/uzzTystB8lL0mRDII5Sfs5HxgkI.jpg,"[35, 12, 14, 16, 10751]",10192,Shrek Forever After,en,Shrek Forever After,"A midlife-crisis burdened Shrek, longing for the days when he felt like a real ogre, makes a pact with magic deal-maker Rumpelstiltskin. But when he's duped and sent to a twisted version of Far Far Away—where Rumpelstiltskin is king, ogres are hunted, and he and Fiona have never met—he sets out to restore his world and reclaim his true love.",10.2862,/6HrfPZtKcGmX2tUWW3cnciZTaSD.jpg,2010-05-20,False,False,6.396,7932,165000000,752600867,93,412500000.0,1.8244869503030303,3.561217375757576,2010,5
False,/m3WlBJJRbFPaut1QS0PbOG8Wezy.jpg,"[10749, 18]",1327862,Regretting You,en,Regretting You,"Morgan Grant and her daughter Clara explore what's left behind after a devastating accident reveals a shocking betrayal and forces them to confront family secrets, redefine love, and rediscover each other.",10.2847,/z4gVnxTaks3anTycwKjDmvQSuWt.jpg,2025-10-22,False,False,7.0,400,30000000,90452948,116,75000000.0,1.2060393066666666,2.0150982666666666,2025,10
False,/a0E1mbejev56Ii51hCnYUDj4tZS.jpg,"[16, 10751, 12]",37135,Tarzan,en,Tarzan,"Tarzan was a small orphan who was raised by an ape named Kala since he was a child. He believed that this was his family, but on an expedition Jane Porter is rescued by Tarzan. He then finds out that he's human. Now Tarzan must make the decision as to which family he should belong to...",10.2738,/bTvHlcqiOjGa3lFtbrTLTM3zasY.jpg,1999-06-17,False,False,7.401,7316,130000000,448200000,88,325000000.0,1.379076923076923,2.4476923076923076,1999,6
False,/kTrgxhRSj2sun89bDbnGCPBiey6.jpg,"[16, 10751, 35]",378236,The Emoji Movie,en,The Emoji Movie,"Gene, a multi-expressional emoji, sets out on a journey to become a normal emoji.",10.2695,/60bTx5z9zL1AqCjZ0gmWoRMJ6Bb.jpg,2017-07-23,False,False,5.39,3316,50000000,216909830,86,125000000.0,1.73527864,3.3381966,2017,7
False,/oCFVYPXI4IfhtF3GapU2jkDicDI.jpg,"[12, 18]",8358,Cast Away,en,Cast Away,"Chuck Noland, a top international manager for FedEx, and Kelly, a Ph.D. student, are in love and heading towards marriage. Then Chuck's plane to Malaysia crashes at sea during a terrible storm. He's the only survivor, and finds himself marooned on a desolate island. With no way to escape, Chuck must find ways to survive in his new home.",10.2657,/7lLJgKnAicAcR5UEuo8xhSMj18w.jpg,2000-12-22,False,False,7.661,12245,90000000,429632142,143,225000000.0,1.9094761866666667,3.773690466666667,2000,12
False,/hqyjzDRCs1N5gEsh2gklzPdsEFD.jpg,"[28, 53, 12]",56292,Mission: Impossible - Ghost Protocol,en,Mission: Impossible - Ghost Protocol,"Ethan Hunt and his team are racing against time to track down a dangerous terrorist named Hendricks, who has gained access to Russian nuclear launch codes and is planning a strike on the United States. An attempt to stop him ends in an explosion causing severe destruction to the Kremlin and the IMF to be implicated in the bombing, forcing the President to disavow them. No longer being aided by the government, Ethan and his team chase Hendricks around the globe, although they might still be too late to stop a disaster.",10.2621,/eRZTGx7GsiKqPch96k27LK005ZL.jpg,2011-12-07,False,False,7.112,10751,145000000,694713380,133,362500000.0,1.9164507034482758,3.7911267586206896,2011,12
False,/1gjmfxUd4JPhfoVZszyS9mLA5Uv.jpg,"[53, 80, 28]",11808,U.S. Marshals,en,U.S. Marshals,"U.S. Marshal Sam Gerard is accompanying a plane load of convicts from Chicago to New York. The plane crashes spectacularly, and Mark Sheridan escapes. But when Diplomatic Security Agent John Royce is assigned to help Gerard recapture Sheridan, it becomes clear that Sheridan is more than just another murderer.",10.2467,/5ST0BydDSXtW5AtfDDhTVS13pTt.jpg,1998-03-06,False,False,6.541,1796,60000000,102367405,131,150000000.0,0.6824493666666667,0.7061234166666667,1998,3
False,/3k2TRmqMjgt7tcwkYwZQdctnty3.jpg,"[18, 10752]",600,Full Metal Jacket,en,Full Metal Jacket,A pragmatic U.S. Marine observes the dehumanizing effects the U.S.-Vietnam War has on his fellow recruits from their brutal boot camp training to the bloody street fighting in Hue.,10.219,/kMKyx1k8hWWscYFnPbnxxN4Eqo4.jpg,1987-06-26,False,False,8.119,11431,30000000,46357676,117,75000000.0,0.6181023466666666,0.5452558666666667,1987,6
False,/sVkjgKq8cwKm95LCyfrLldLbQIG.jpg,"[28, 18, 14]",274857,King Arthur: Legend of the Sword,en,King Arthur: Legend of the Sword,"When the child Arthur’s father is murdered, Vortigern, Arthur’s uncle, seizes the crown. Robbed of his birthright and with no idea who he truly is, Arthur comes up the hard way in the back alleys of the city. But once he pulls the sword Excalibur from the stone, his life is turned upside down and he is forced to acknowledge his true legacy... whether he likes it or not.",10.2159,/9kKXH6eJpzoFGhCbTN3FVwSQK3n.jpg,2017-05-10,False,False,6.557,6045,175000000,149175066,126,437500000.0,0.3409715794285714,-0.14757105142857144,2017,5
False,/iXXPaQPfQowpQ5UvhsHLj9BgFhe.jpg,"[27, 878]",126889,Alien: Covenant,en,Alien: Covenant,"The crew of the colony ship Covenant, bound for a remote planet on the far side of the galaxy, discovers what they think is an uncharted paradise but is actually a dark, dangerous world.",10.1985,/zecMELPbU5YMQpC81Z8ImaaXuf9.jpg,2017-05-09,False,False,6.174,9392,97000000,240891763,122,242500000.0,0.9933680948453608,1.483420237113402,2017,5
False,/cjZ7No0DX2L3ielLSoUOMYPw7C.jpg,"[27, 35]",1124620,The Monkey,en,The Monkey,"When twin brothers find a mysterious wind-up monkey, a series of outrageous deaths tear their family apart. Twenty-five years later, the monkey begins a new killing spree forcing the estranged brothers to confront the cursed toy.",10.1948,/yYa8Onk9ow7ukcnfp2QWVvjWYel.jpg,2025-02-14,False,False,6.0,1293,10000000,68871071,97,25000000.0,2.75484284,5.8871071,2025,2
False,/yJyZRrXaYUjhOrJGga8awbw4Rud.jpg,"[12, 14, 10749, 10751]",420817,Aladdin,en,Aladdin,A kindhearted street urchin named Aladdin embarks on a magical adventure after finding a lamp that releases a wisecracking genie while a power-hungry Grand Vizier vies for the same lamp that has the power to make their deepest wishes come true.,10.1933,/ykUEbfpkf8d0w49pHh0AD2KrT52.jpg,2019-05-22,False,False,7.085,10597,183000000,1054304000,127,457500000.0,2.3044896174863387,4.761224043715847,2019,5
False,/qB2eFmGEh5YCzhXUpz7As2PaDCh.jpg,"[28, 12, 53]",37724,Skyfall,en,Skyfall,"When Bond's latest assignment goes gravely wrong, agents around the world are exposed and MI6 headquarters is attacked. While M faces challenges to her authority and position from Gareth Mallory, the new Chairman of the Intelligence and Security Committee, it's up to Bond, aided only by field agent Eve, to locate the mastermind behind the attack.",10.1905,/d0IVecFQvsGdSbnMAHqiYsNYaJT.jpg,2012-10-24,False,False,7.261,16106,200000000,1108594176,143,500000000.0,2.217188352,4.54297088,2012,10
False,/vYIUN5rrCncHFY8WvcuXQlM4hk5.jpg,"[28, 12]",177677,Mission: Impossible - Rogue Nation,en,Mission: Impossible - Rogue Nation,"Ethan and team take on their most impossible mission yet—eradicating 'The Syndicate', an International and highly-skilled rogue organization committed to destroying the IMF.",10.1888,/fRJLXQBHK2wyznK5yZbO7vmsuVK.jpg,2015-07-28,False,False,7.223,9696,150000000,682716636,131,375000000.0,1.820577696,3.55144424,2015,7
False,/5rARlA8beRAVXPYzSaF2NoS8Ry5.jpg,"[16, 35, 10751, 14]",76492,Hotel Transylvania,en,Hotel Transylvania,"Welcome to Hotel Transylvania, Dracula's lavish five-stake resort, where monsters and their families can live it up and no humans are allowed. One special weekend, Dracula has invited all his best friends to celebrate his beloved daughter Mavis's 118th birthday. For Dracula catering to all of these legendary monsters is no problem but the party really starts when one ordinary guy stumbles into the hotel and changes everything!",10.1805,/eJGvzGrsfe2sqTUPv5IwLWXjVuR.jpg,2012-09-20,False,False,6.963,9162,85000000,358375603,91,212500000.0,1.686473425882353,3.2161835647058825,2012,9
False,/9trZvBr44UGedUOiGo3jgSUw13e.jpg,"[878, 27]",300668,Annihilation,en,Annihilation,"A biologist signs up for a dangerous, secret expedition into a mysterious zone where the laws of nature don't apply.",10.1739,/4YRplSk6BhH6PRuE9gfyw9byUJ6.jpg,2018-02-22,False,False,6.44,9339,40000000,43070915,115,100000000.0,0.43070915,0.076772875,2018,2
False,/2YOnE2qmoyyOUqQsFit12gDSauk.jpg,"[80, 35, 18]",1242419,Roofman,en,Roofman,"A former Army Ranger and struggling father turns to robbing McDonald’s restaurants by cutting holes in their roofs, earning him the nickname ""Roofman."" After escaping prison, he secretly lives inside a Toys “R” Us for six months, surviving undetected while planning his next move. But when he falls for a divorced mom drawn to his undeniable charm, his double life begins to unravel, setting off a compelling and suspenseful game of cat and mouse as his past closes in.",10.1564,/wXDFtcnYtevleGzCmAD2ReQnJ4l.jpg,2025-10-08,False,False,7.089,771,18000000,34852212,126,45000000.0,0.7744936,0.936234,2025,10
False,/ibKeXahq4JD63z6uWQphqoJLvNw.jpg,"[28, 878, 27]",345940,The Meg,en,The Meg,"A deep sea submersible pilot revisits his past fears in the Mariana Trench, and accidentally unleashes the seventy foot ancestor of the Great White Shark believed to be extinct.",10.1519,/eyWICPcxOuTcDDDbTMOZawoOn8d.jpg,2018-08-09,False,False,6.247,8177,150000000,530517320,113,375000000.0,1.4147128533333333,2.5367821333333334,2018,8
False,/cqXEwYFcwyKPZCKl1jAPaG3cMsl.jpg,"[878, 28, 12]",13475,Star Trek,en,Star Trek,"The fate of the galaxy rests in the hands of bitter rivals. One, James Kirk, is a delinquent, thrill-seeking Iowa farm boy. The other, Spock, a Vulcan, was raised in a logic-based society that rejects all emotion. As fiery instinct clashes with calm reason, their unlikely but powerful partnership is the only thing capable of leading their crew through unimaginable danger, boldly going where no one has gone before. The human adventure has begun again.",10.1463,/hN2ZtF3Uw6mhIHZiqL0SKzELtKn.jpg,2009-05-06,False,False,7.431,10473,150000000,386839614,127,375000000.0,1.031572304,1.57893076,2009,5
False,/bYKeB9uUcPmvikjouEEQ86uvPw9.jpg,"[12, 28, 53]",956,Mission: Impossible III,en,Mission: Impossible III,"Retired from active duty, and training recruits for the Impossible Mission Force, agent Ethan Hunt faces the toughest foe of his career: Owen Davian, an international broker of arms and information, who's as cunning as he is ruthless. Davian emerges to threaten Hunt and all that he holds dear – including the woman Hunt loves.",10.125,/vKGYCpmQyV9uHybWDzXuII8Los5.jpg,2006-04-25,False,False,6.764,7601,150000000,398479497,126,375000000.0,1.062611992,1.65652998,2006,4
False,/AcxbOWUbwtIEDisfuhNGHQNfnMK.jpg,"[16, 10751, 35, 878]",11544,Lilo & Stitch,en,Lilo & Stitch,"As Stitch, a runaway genetic experiment from a faraway planet, wreaks havoc on the Hawaiian Islands, he becomes the mischievous adopted alien ""puppy"" of an independent little girl named Lilo and learns about loyalty, friendship, and ʻohana, the Hawaiian tradition of family.",10.1245,/cFuLvQJPoZpuruAtN3rVnMmLIH8.jpg,2002-06-21,False,False,7.56,7078,80000000,273144151,85,200000000.0,1.365720755,2.4143018875,2002,6
False,/nG5zmbVeYlcDhckrPAe06fArywn.jpg,"[10749, 878, 18]",152601,Her,en,Her,"In the not so distant future, Theodore, a lonely writer, purchases a newly developed operating system designed to meet the user's every need. To Theodore's surprise, a romantic relationship develops between him and his operating system. This unconventional love story blends science fiction and romance in a sweet tale that explores the nature of love and the ways that technology isolates and connects us all.",10.1218,/eCOtqtfvn7mxGl6nfmq4b1exJRc.jpg,2013-12-18,False,False,7.838,15277,23000000,47351251,126,57500000.0,0.8235000173913043,1.0587500434782608,2013,12
False,/bdsxhTLpYIMlO88yQH0AzGUCXPI.jpg,"[18, 80]",4982,American Gangster,en,American Gangster,"Loosely based on the criminal career of Frank Lucas, a gangster from La Grange, North Carolina, who smuggled heroin into the United States on American service planes returning from the Vietnam War, before being detained by a task force led by Newark Detective Richie Roberts.",10.1174,/sX9idXDqRUxE5ffww3n3RV5gL55.jpg,2007-11-02,False,False,7.591,6025,100000000,269755430,157,250000000.0,1.07902172,1.6975543,2007,11
False,/oq3IOr7QvEmei0eXsXacqaMPqlV.jpg,"[28, 35, 12]",4327,Charlie's Angels,en,Charlie's Angels,"The captivating crime-fighting trio who are masters of disguise, espionage and martial arts are back! When a devious mastermind embroils them in a plot to destroy individual privacy, the Angels, aided by their loyal sidekick Bosley, set out to bring down the bad guys. But when a terrible secret is revealed, it makes the Angels targets for assassination.",10.0886,/iHTmZs0BmkwMCYi8rhvMWC5G4EM.jpg,2000-11-02,False,False,5.853,4507,92000000,264105545,98,230000000.0,1.1482849782608695,1.870712445652174,2000,11
False,/b9diKSmofRcgjbUxDrSPms82yAN.jpg,[18],9769,Lolita,en,Lolita,"Humbert Humbert is a middle-aged British novelist who is both appalled by and attracted to the vulgarity of American culture. When he comes to stay at the boarding house run by Charlotte Haze, he soon becomes obsessed with Lolita, the woman's teenaged daughter.",10.0852,/9INcC14WZjCMKGE360VXmklCLdZ.jpg,1997-09-27,False,False,7.1,1960,62000000,1100000,137,155000000.0,0.0070967741935483875,-0.9822580645161291,1997,9
False,/A63giQFJP4ABqNk4sLzegVeqVdl.jpg,"[18, 10752, 36]",14574,The Boy in the Striped Pyjamas,en,The Boy in the Striped Pyjamas,"When his family moves from their home in Berlin to a strange new house in Poland, young Bruno befriends Shmuel, a boy who lives on the other side of the fence where everyone seems to be wearing striped pajamas. Unaware of Shmuel's fate as a Jewish prisoner or the role his own Nazi father plays in his imprisonment, Bruno embarks on a dangerous journey inside the camp's walls.",10.0835,/2C8QCXdMlojTxZjfBlINr4FWcb6.jpg,2008-05-07,False,False,7.817,7653,12500000,20416563,94,31250000.0,0.653330016,0.63332504,2008,5
False,/5P6hWD4zxAMntRuRnB4MmPLijNw.jpg,[18],22881,The Blind Side,en,The Blind Side,"The story of Michael Oher, a homeless and traumatized boy who became an All American football player and first round NFL draft pick with the help of a caring woman and her family.",10.076,/bMgq7VBriuBFknXEe9E9pVBYGZq.jpg,2009-11-20,False,False,7.667,6833,29000000,309231694,129,72500000.0,4.265264744827586,9.663161862068966,2009,11
False,/mRM2NB0i3wv4HqxXvwIjEVi4Qqq.jpg,"[12, 18, 28]",254,King Kong,en,King Kong,"In 1933 New York, an overly ambitious movie producer coerces his cast and hired ship crew to travel to mysterious Skull Island, where they encounter Kong, a giant ape who is immediately smitten with the leading lady.",10.0755,/6a2HY6UmD7XiDD3NokgaBAXEsD2.jpg,2005-12-12,False,False,6.889,8481,207000000,562363449,188,517500000.0,1.0866926550724638,1.7167316376811594,2005,12
False,/xuLA0pii2IMJW2puT7EvJtgpg0H.jpg,"[28, 12, 10751, 35]",675353,Sonic the Hedgehog 2,en,Sonic the Hedgehog 2,"After settling in Green Hills, Sonic is eager to prove he has what it takes to be a true hero. His test comes when Dr. Robotnik returns, this time with a new partner, Knuckles, in search for an emerald that has the power to destroy civilizations. Sonic teams up with his own sidekick, Tails, and together they embark on a globe-trotting journey to find the emerald before it falls into the wrong hands.",10.0669,/6DrHO1jr3qVrViUO6s6kFiAGM7.jpg,2022-03-30,False,False,7.43,5859,110000000,405421518,123,275000000.0,1.4742600654545455,2.6856501636363634,2022,3
False,/vyrCniZsrXZAW08eECKIp1BMLPh.jpg,"[35, 18, 10749]",50646,"Crazy, Stupid, Love.",en,"Crazy, Stupid, Love.","Cal Weaver is living the American dream. He has a good job, a beautiful house, great children and a beautiful wife, named Emily. Cal's seemingly perfect life unravels, however, when he learns that Emily has been unfaithful and wants a divorce. Over 40 and suddenly single, Cal is adrift in the fickle world of dating. Enter, Jacob Palmer, a self-styled player who takes Cal under his wing and teaches him how to be a hit with the ladies.",10.0481,/p4RafgAPk558muOjnBMHhMArjS2.jpg,2011-07-29,False,False,7.273,9265,50000000,145079584,118,125000000.0,1.160636672,1.90159168,2011,7
False,/1K3JmSNUN8OpjYsCjc0Hy0SYxAb.jpg,"[878, 12, 28]",102899,Ant-Man,en,Ant-Man,"Armed with the astonishing ability to shrink in scale but increase in strength, master thief Scott Lang must embrace his inner-hero and help his mentor, Doctor Hank Pym, protect the secret behind his spectacular Ant-Man suit from a new generation of towering threats. Against seemingly insurmountable obstacles, Pym and Lang must plan and pull off a heist that will save the world.",10.0473,/rQRnQfUl3kfp78nCWq8Ks04vnq1.jpg,2015-07-14,False,False,7.066,20832,130000000,519311965,117,325000000.0,1.5978829692307692,2.9947074230769233,2015,7
False,/pBdQ4iorzRV2G38mdS6rzrmUfMA.jpg,"[28, 10752, 53]",840326,Sisu,fi,Sisu,"When an ex-soldier who discovers gold in the Lapland wilderness tries to take the loot into the city, German soldiers led by a brutal SS officer battle him.",10.0381,/ygO9lowFMXWymATCrhoQXd6gCEh.jpg,2022-09-09,False,False,7.41,2816,6600000,14281199,91,16500000.0,0.8655272121212121,1.1638180303030303,2022,9
False,/akBGSguhkAj1TXOdZUcL11e1hpH.jpg,"[9648, 53]",1249213,Drop,en,Drop,"Violet, a widowed mother on her first date in years, arrives at an upscale restaurant where she is relieved that her date, Henry, is more charming and handsome than she expected. But their chemistry begins to curdle as Violet begins being irritated and then terrorized by a series of anonymous drops to her phone.",10.0257,/hSQPSW8aLjsMBfwqGjgJ6HozTkp.jpg,2025-04-10,False,False,6.328,848,11000000,28748727,95,27500000.0,1.0454082545454546,1.6135206363636363,2025,4
False,/hm21I7yc6oYBogTloET3eXsVPlq.jpg,"[28, 35, 10752]",799583,The Ministry of Ungentlemanly Warfare,en,The Ministry of Ungentlemanly Warfare,"During World War II, the British Army assigns a group of competent soldiers to carry out a mission against the Nazi forces behind enemy lines... A true story about a secret British WWII organization — the Special Operations Executive. Founded by Winston Churchill, their irregular warfare against the Germans helped to change the course of the war, and gave birth to modern black operations.",10.025,/8aF0iAKH9MJMYAZdi0Slg77RYa2.jpg,2024-04-18,False,False,7.015,1868,60000000,29768915,120,150000000.0,0.19845943333333332,-0.5038514166666667,2024,4
False,/l9jEItb8GRyhZfny92QeqpCeOu.jpg,"[16, 12, 35, 10751]",153518,The Angry Birds Movie,en,The Angry Birds Movie,"An island populated entirely by happy, flightless birds or almost entirely. In this paradise, Red, a bird with a temper problem, speedy Chuck, and the volatile Bomb have always been outsiders. But when the island is visited by mysterious green piggies, it’s up to these unlikely outcasts to figure out what the pigs are up to.",9.9754,/iOH0fEFtV9z9rZp9zmBFGGeWicv.jpg,2016-05-11,False,False,6.269,3987,73000000,349779543,97,182500000.0,1.9166002356164384,3.791500589041096,2016,5
False,/7HR38hMBl23lf38MAN63y4pKsHz.jpg,"[18, 10749]",666277,Past Lives,en,Past Lives,"After decades apart, childhood friends Nora and Hae Sung are reunited in New York for one fateful weekend as they confront notions of destiny, love, and the choices that make a life.",9.9673,/k3waqVXSnvCZWfJYNtdamTgTtTA.jpg,2023-06-02,False,False,7.708,2305,12000000,28126646,106,30000000.0,0.9375548666666667,1.3438871666666667,2023,6
False,/gxSVZCUlDd8upT1G2wdrUdz2hxG.jpg,"[28, 80, 35]",8961,Bad Boys II,en,Bad Boys II,"Detectives Marcus Burnett and Mike Lowrey of the Miami Narcotics Task Force are tasked with stopping the flow of the drug Ecstasy into Miami. They track the drugs to the whacked-out Cuban drug lord Johnny Tapia, who is also involved in a bloody war with Russian and Haitian mobsters. If that isn't bad enough, there's tension between the two detectives when Marcus discovers that playboy Mike is secretly romancing Marcus’ sister, Syd.",9.9606,/yCvB5fG5aEPqa1St7ihY6KEAsHD.jpg,2003-07-18,False,False,6.657,5927,130000000,273339556,146,325000000.0,0.8410447876923077,1.1026119692307692,2003,7
False,/eTvN54pd83TrSEOz6wbsXEJktCV.jpg,"[10752, 28, 53]",882569,Guy Ritchie's The Covenant,en,Guy Ritchie's The Covenant,"During the war in Afghanistan, a local interpreter risks his own life to carry an injured sergeant across miles of grueling terrain.",9.9438,/kVG8zFFYrpyYLoHChuEeOGAd6Ru.jpg,2023-04-19,False,False,7.718,3161,55000000,21948551,123,137500000.0,0.15962582545454546,-0.6009354363636363,2023,4
False,/nLFxvLokHe3bQmrmAfljIfax2jQ.jpg,"[878, 80]",185,A Clockwork Orange,en,A Clockwork Orange,"In a near-future Britain, young Alexander DeLarge and his pals get their kicks beating and raping anyone they please. When not destroying the lives of others, Alex swoons to the music of Beethoven. The state, eager to crack down on juvenile crime, gives an incarcerated Alex the option to undergo an invasive procedure that'll rob him of all personal agency. In a time when conscience is a commodity, can Alex change his tune?",9.9387,/4sHeTAp65WrSSuc05nRBKddhBxO.jpg,1971-10-28,False,False,8.178,13799,2200000,27033812,137,5500000.0,4.915238545454545,11.288096363636363,1971,10
False,/8ln5VUVk7gnNGIb2VNgw8nICDVt.jpg,"[16, 35, 10751]",35,The Simpsons Movie,en,The Simpsons Movie,"After Homer accidentally pollutes the town's water supply, Springfield is encased in a gigantic dome by the EPA and the Simpsons are declared fugitives.",9.9281,/s3b8TZWwmkYc2KoJ5zk77qB6PzY.jpg,2007-07-25,False,False,7.022,8536,75000000,527068851,87,187500000.0,2.811033872,6.02758468,2007,7
False,/rRcNmiH55Tz0ugUsDUGmj8Bsa4V.jpg,"[35, 10749]",884605,No Hard Feelings,en,No Hard Feelings,"On the brink of losing her childhood home, Maddie discovers an intriguing job listing: wealthy helicopter parents looking for someone to “date” their introverted 19-year-old son, Percy, before he leaves for college. To her surprise, Maddie soon discovers the awkward Percy is no sure thing.",9.9075,/gD72DhJ7NbfxvtxGiAzLaa0xaoj.jpg,2023-06-15,False,False,6.673,3808,45000000,83000000,103,112500000.0,0.7377777777777778,0.8444444444444444,2023,6
False,/wFN8llYh215M8i2fqWAcPV8CSyL.jpg,"[16, 12, 10751, 35]",49519,The Croods,en,The Croods,"The prehistoric Croods family live in a particularly dangerous moment in time. Patriarch Grug, his mate Ugga, teenage daughter Eep, son Thunk, and feisty Gran gather food by day and huddle together in a cave at night. When a more evolved caveman named Guy arrives on the scene, Grug is distrustful, but it soon becomes apparent that Guy is correct about the impending destruction of their world.",9.8989,/27zvjVOtOi5ped1HSlJKNsKXkFH.jpg,2013-03-15,False,False,6.938,7522,135000000,587204668,99,337500000.0,1.739865682962963,3.3496642074074074,2013,3
False,/zIYROrkHJPYB3VTiW1L9QVgaQO.jpg,"[28, 35]",897087,Freelance,en,Freelance,"An ex-special forces operative takes a job to provide security for a journalist as she interviews a dictator, but a military coup breaks out in the middle of the interview, they are forced to escape into the jungle where they must survive.",9.8888,/7Bd4EUOqQDKZXA6Od5gkfzRNb0.jpg,2023-10-05,False,False,6.405,1155,40000000,9112817,108,100000000.0,0.09112817,-0.772179575,2023,10
False,/vm8mhrjk5nQ562UQ0KbUzi0yOHr.jpg,"[28, 12, 878]",427641,Rampage,en,Rampage,"Primatologist Davis Okoye shares an unshakable bond with George, the extraordinarily intelligent, silverback gorilla who has been in his care since birth.  But a rogue genetic experiment gone awry mutates this gentle ape into a raging creature of enormous size.  To make matters worse, it’s soon discovered there are other similarly altered animals.  As these newly created alpha predators tear across North America, destroying everything in their path, Okoye teams with a discredited genetic engineer to secure an antidote, fighting his way through an ever-changing battlefield, not only to halt a global catastrophe but to save the fearsome creature that was once his friend.",9.8806,/MGADip4thVSErP34FAAfzFBTZ5.jpg,2018-04-11,False,False,6.447,7490,120000000,428028233,107,300000000.0,1.4267607766666666,2.5669019416666665,2018,4
False,/fuacZLpnohQtLD0AhtCErcPVL98.jpg,"[10749, 35, 18]",1259102,Eternity,en,Eternity,"In an afterlife where souls have one week to decide where to spend eternity, Joan is faced with the impossible choice between the man she spent her life with and her first love, who died young and has waited decades for her to arrive.",9.8623,/yiwGcjfDKXD5PqQnyKUU9kspWQQ.jpg,2025-11-26,False,False,7.037,651,12000000,32867848,114,30000000.0,1.0955949333333332,1.7389873333333334,2025,11
False,/abwxHfymXGAbbH3lo9PDEJEfvtW.jpg,"[12, 28, 878]",1894,Star Wars: Episode II - Attack of the Clones,en,Star Wars: Episode II - Attack of the Clones,"Following an assassination attempt on Senator Padmé Amidala, Jedi Knights Anakin Skywalker and Obi-Wan Kenobi investigate a mysterious plot into the heart of the Separatist movement and the beginning of the Clone Wars.",9.8488,/oZNPzxqM2s5DyVWab09NTQScDQt.jpg,2002-05-15,False,False,6.6,14315,120000000,649398328,142,300000000.0,2.1646610933333332,4.411652733333334,2002,5
False,/rbBe9WQ1OqCxzgwskOTnaY6JdUA.jpg,"[27, 9648, 53]",1933,The Others,en,The Others,"Grace is a woman who lives in an old house kept dark because her two children, Anne and Nicholas, have a rare sensitivity to light. When the family begins to suspect the house is haunted, Grace fights to protect her children at any cost in the face of strange events and disturbing visions.",9.8467,/p8g1vlTvpM6nr2hMMiZ1fUlKF0D.jpg,2001-08-02,False,False,7.617,7157,17000000,210002906,101,42500000.0,4.941244847058823,11.35311211764706,2001,8
False,/oguoQWtQJcqIkmmUNbe3CmLx6AP.jpg,"[12, 14, 18, 10749]",24021,The Twilight Saga: Eclipse,en,The Twilight Saga: Eclipse,"Bella once again finds herself surrounded by danger as Seattle is ravaged by a string of mysterious killings and a malicious vampire continues her quest for revenge. In the midst of it all, she is forced to choose between her love for Edward and her friendship with Jacob, knowing that her decision has the potential to ignite the ageless struggle between vampire and werewolf. With her graduation quickly approaching, Bella is confronted with the most important decision of her life.",9.8452,/dK4Gi1UdMiHzHc7r7CZQG4IQ9Sr.jpg,2010-06-23,False,False,6.195,9238,68000000,698491347,124,170000000.0,4.108772629411765,9.271931573529411,2010,6
False,/jDz6RYN3nKYtlo7J9IMvGoJit7B.jpg,"[18, 12, 28, 36]",79,Hero,zh,英雄,"During China's Warring States period, a district prefect arrives at the palace of Qin Shi Huang, claiming to have killed the three assassins who had made an attempt on the king's life three years ago.",9.8364,/vxgZto2Cz7ILHAlmRXt50I2brB2.jpg,2002-12-19,False,False,7.511,2489,31000000,177394432,99,77500000.0,2.2889604129032257,4.722401032258064,2002,12
False,/rBN6GPKUDZ6ZKAQiEZegZ0DZb6V.jpg,"[14, 28, 80]",268,Batman,en,Batman,"Having witnessed his parents' brutal murder as a child, millionaire philanthropist Bruce Wayne fights crime in Gotham City disguised as Batman, a costumed hero who strikes fear into the hearts of villains. But when a deformed madman known as 'The Joker' seizes control of Gotham's criminal underworld, Batman must face his most ruthless nemesis ever while protecting both his identity and his love interest, reporter Vicki Vale.",9.8351,/cij4dd21v2Rk2YtUQbV5kW69WB2.jpg,1989-06-21,False,False,7.232,8547,35000000,411348924,126,87500000.0,4.70113056,10.7528264,1989,6
False,/55eNvuXNumZ3oDmtcsJvzGhKyLZ.jpg,"[28, 53, 80]",345887,The Equalizer 2,en,The Equalizer 2,"Robert McCall, who serves an unflinching justice for the exploited and oppressed, embarks on a relentless, globe-trotting quest for vengeance when his former partner is murdered.",9.8292,/cQvc9N6JiMVKqol3wcYrGshsIdZ.jpg,2018-07-19,False,False,6.786,5955,62000000,190400157,121,155000000.0,1.2283881096774194,2.0709702741935483,2018,7
False,/2CisgvF2HcIVnbMZbSjASCtSgEb.jpg,"[12, 35, 10751, 14, 10749]",2493,The Princess Bride,en,The Princess Bride,"In this enchantingly cracked fairy tale, the beautiful Princess Buttercup and the dashing Westley must overcome staggering odds to find happiness amid six-fingered swordsmen, murderous princes, Sicilians and rodents of unusual size. But even death can't stop these true lovebirds from triumphing.",9.8075,/2FC9L9MrjBoGHYjYZjdWQdopVYb.jpg,1987-09-25,False,False,7.697,5083,16000000,30900000,99,40000000.0,0.7725,0.93125,1987,9
False,/3q35nBLCIdEbxYfsr7D5ocYQXKz.jpg,"[18, 10751, 14]",1585,It's a Wonderful Life,en,It's a Wonderful Life,"George Bailey has spent his entire life giving to the people of Bedford Falls.  All that prevents rich skinflint Mr. Potter from taking over the entire town is George's modest building and loan company.  But on Christmas Eve the business's $8,000 is lost and George's troubles begin.",9.8045,/bSqt9rhDZx1Q7UZ86dBPKdNomp2.jpg,1946-12-20,False,False,8.28,4892,3180000,9644124,131,7950000.0,1.213097358490566,2.032743396226415,1946,12
False,/1X7vow16X7CnCoexXh4H4F2yDJv.jpg,"[80, 36, 18]",466420,Killers of the Flower Moon,en,Killers of the Flower Moon,"When oil is discovered in 1920s Oklahoma under Osage Nation land, the Osage people are murdered one by one—until the FBI steps in to unravel the mystery.",9.7885,/dB6Krk806zeqd0YNp2ngQ9zXteH.jpg,2023-10-18,False,False,7.4,4104,200000000,158722599,206,500000000.0,0.317445198,-0.206387005,2023,10
False,/pxL08w7Eq0vKrQ3mJzYp0VHGaKG.jpg,"[28, 53, 878]",49530,In Time,en,In Time,"In the not-too-distant future, the aging gene has been switched off. To avoid overpopulation, time has become the currency and the way people pay for luxuries and necessities. The rich can live forever, while the rest struggle to negotiate for their immortality. A poor young man who suddenly comes into a fortune of time finds himself on the run from a corrupt police force known as the ""time keepers"".",9.7641,/3Mwj2sIONQckOZP3YwsUXF7U5I4.jpg,2011-10-27,False,False,6.97,12134,40000000,173900000,109,100000000.0,1.739,3.3475,2011,10
False,/d44RH1S9h1iQfhwsX9IX4zxhzjQ.jpg,"[35, 10751, 10749]",9880,The Princess Diaries,en,The Princess Diaries,"A socially awkward but very bright 15-year-old girl being raised by a single mom discovers that she is the princess of a small European country because of the recent death of her long-absent father, who, unknown to her, was the crown prince of Genovia. She must make a choice between continuing the life of a San Francisco teen or stepping up to the throne.",9.7532,/qSw4lzhDGeM5MjQc86BLzJALhBs.jpg,2001-08-03,False,False,6.961,5261,37000000,165335153,115,92500000.0,1.7874070594594595,3.468517648648649,2001,8
False,/oXx1QZzeF5V3HMQ11q6WCkA2pQh.jpg,"[28, 16, 35, 80, 10751]",629542,The Bad Guys,en,The Bad Guys,"When the Bad Guys, a crew of criminal animals, are finally caught after years of heists and being the world’s most-wanted villains, Mr. Wolf brokers a deal to save them all from prison.",9.7511,/7qop80YfuO0BwJa1uXk1DXUUEwv.jpg,2022-03-17,False,False,7.531,2548,80000000,250162278,100,200000000.0,1.25081139,2.127028475,2022,3
False,/6Kn6qW3an3DkPl3MahWemTzrjCt.jpg,"[80, 18, 53]",11423,Memories of Murder,ko,살인의 추억,"A sadistic serial rapist and murderer of young women terrorizes a small province in 1980s South Korea. To prevent further crimes, three increasingly desperate detectives with conflicting methods race against time to unravel the violent mind of the killer in a futile effort to solve the case.",9.7413,/dsEoTJKM1s5OVDkS2P2JdoTxo4K.jpg,2003-04-25,False,False,8.058,4569,2800000,26000000,131,7000000.0,3.7142857142857144,8.285714285714286,2003,4
False,/a2n6bKD7qhCPCAEALgsAhWOAQcc.jpg,"[878, 53, 18]",49047,Gravity,en,Gravity,"Dr Ryan Stone, an engineer on her first space mission, and Matt Kowalski, an astronaut on his final expedition, have to survive in space after they are hit by debris while spacewalking.",9.7393,/kZ2nZw8D681aphje8NJi8EfbL1U.jpg,2013-10-03,False,False,7.168,16314,105000000,723192705,91,262500000.0,2.7550198285714287,5.887549571428571,2013,10
False,/57JocxmicOoAMhkUSmdKBlpZWMT.jpg,"[12, 28]",335977,Indiana Jones and the Dial of Destiny,en,Indiana Jones and the Dial of Destiny,"Finding himself in a new era, and approaching retirement, Indy wrestles with fitting into a world that seems to have outgrown him. But as the tentacles of an all-too-familiar evil return in the form of an old rival, Indy must don his hat and pick up his whip once more to make sure an ancient and powerful artifact doesn't fall into the wrong hands.",9.7332,/Af4bXE63pVsb2FtbW8uYIyPBadD.jpg,2023-06-25,False,False,6.512,4131,294700000,383963057,155,736750000.0,0.5211578649474041,0.30289466236851037,2023,6
False,/620hnMVLu6RSZW6a5rwO8gqpt0t.jpg,"[16, 35, 18, 10751, 14]",508943,Luca,en,Luca,Luca and his best friend Alberto experience an unforgettable summer on the Italian Riviera. But all the fun is threatened by a deeply-held secret: they are sea monsters from another world just below the water’s surface.,9.7258,/9x4i9uKGXt8IiiIF5Ey0DIoY738.jpg,2021-06-17,False,False,7.782,8935,200000000,51074773,95,500000000.0,0.102149546,-0.744626135,2021,6
False,/lD8dFIk9wDEvOwZw0RB47e346io.jpg,"[10749, 18, 37]",698508,Redeeming Love,en,Redeeming Love,"A young couple's relationship clashes with the harsh realities of the California Gold Rush of 1850. Angel, experiencing love for the first time and facing demons unsurmountable, runs from the new life she doesn't believe she deserves. When Michael sets out to find her, Angel discovers that she indeed has the power to choose the life she wants.",9.7257,/2iu0lBF7sfAioLfSnSJtdKxlms6.jpg,2022-01-21,False,False,7.83,742,30000000,9464198,134,75000000.0,0.12618930666666667,-0.6845267333333334,2022,1
False,/uIk2g2bRkNwNywKZIhC5oIU94Kh.jpg,"[35, 10751, 14]",787699,Wonka,en,Wonka,"Willy Wonka – chock-full of ideas and determined to change the world one delectable bite at a time – is proof that the best things in life begin with a dream, and if you’re lucky enough to meet Willy Wonka, anything is possible.",9.7185,/qhb1qOilapbapxWQn9jtRCMwXJF.jpg,2023-12-06,False,False,7.039,4372,125000000,634502312,117,312500000.0,2.0304073984,4.076018496,2023,12
False,/rxMnmklIpunsNsRkQ7hw61ZJa84.jpg,"[28, 80, 53]",189,Sin City: A Dame to Kill For,en,Sin City: A Dame to Kill For,Some of Sin City's most hard-boiled citizens cross paths with a few of its more reviled inhabitants.,9.7133,/50kALxDX4mmzIRljbNbPY0u4cie.jpg,2014-08-20,False,False,6.403,4155,65000000,39407616,102,162500000.0,0.24250840615384617,-0.39372898461538464,2014,8
False,/7Q2CmqIVJuDAESPPp76rWIiA0AD.jpg,"[28, 12, 18]",1011477,Karate Kid: Legends,en,Karate Kid: Legends,"After a family tragedy, kung fu prodigy Li Fong is uprooted from his home in Beijing and forced to move to New York City with his mother. When a new friend needs his help, Li enters a karate competition – but his skills alone aren't enough. Li's kung fu teacher Mr. Han enlists original Karate Kid Daniel LaRusso for help, and Li learns a new way to fight, merging their two styles into one for the ultimate martial arts showdown.",9.6787,/c90Lt7OQGsOmhv6x4JoFdoHzw5l.jpg,2025-05-08,False,False,6.994,1185,45000000,117105466,94,112500000.0,1.0409374755555556,1.602343688888889,2025,5
False,/12fvZHskx57kQfNEUXJ3v0flWYQ.jpg,"[12, 28]",89,Indiana Jones and the Last Crusade,en,Indiana Jones and the Last Crusade,"In 1938, an art collector appeals to eminent archaeologist Dr. Indiana Jones to embark on a search for the Holy Grail. Indy learns that a medieval historian has vanished while searching for it, and the missing man is his own father, Dr. Henry Jones Sr.. He sets out to rescue his father by following clues in the old man's notebook, which his father had mailed to him before he went missing. Indy arrives in Venice, where he enlists the help of a beautiful academic, Dr. Elsa Schneider, along with Marcus Brody and Sallah. Together they must stop the Nazis from recovering the power of eternal life and taking over the world!",9.6628,/sizg1AU8f8JDZX4QIgE4pjUMBvx.jpg,1989-05-24,False,False,7.85,11041,48000000,474171806,127,120000000.0,3.951431716666667,8.878579291666666,1989,5
False,/8IGO8rF5asa7tnO0aEtx3e5R4Z5.jpg,"[35, 10749]",11631,Mamma Mia!,en,Mamma Mia!,A spirited young bride-to-be living with her single mother on a small Greek island secretly invites three of her mother's ex-boyfriends in hope of finding her biological father to walk her down the aisle.,9.6396,/zdUA4FNHbXPadzVOJiU0Rgn6cHR.jpg,2008-07-03,False,False,6.971,6984,52000000,609841637,108,130000000.0,4.691089515384616,10.727723788461539,2008,7
False,/ifUfE79O1raUwbaQRIB7XnFz5ZC.jpg,"[27, 9648]",646385,Scream,en,Scream,"Twenty-five years after a streak of brutal murders shocked the quiet town of Woodsboro, a new killer has donned the Ghostface mask and begins targeting a group of teenagers to resurrect secrets from the town’s deadly past.",9.6251,/1m3W6cpgwuIyjtg5nSnPx7yFkXW.jpg,2022-01-12,False,False,6.686,3857,24000000,138874789,114,60000000.0,2.3145798166666665,4.786449541666666,2022,1
False,/jJJQ1PPXUEchqyZ9YyWzgSNU39Z.jpg,"[28, 80, 53]",581528,"The Gangster, the Cop, the Devil",ko,악인전,"After barely surviving a brutal attack by a sadistic serial killer, crime boss Jang Dong-su is left humiliated. Determined to catch the killer known as K, he forms an uneasy alliance with Jung Tae-seok, a relentless and incorruptible detective who often disrupts his illegal business. However, while Jang Dong-su wants K dead, Jung Tae-suk is determined to bring him to justice. With a deal in place—whoever finds K first will decide his fate—the hunt begins, blurring the lines between crime and law.",9.6232,/oHlM4abRm6BzrRcz9Nup1uidw9H.jpg,2019-05-15,False,False,7.854,1456,6500000,25775371,110,16250000.0,1.586176676923077,2.9654416923076923,2019,5
False,/2IIKts2A9vnUdM9tTC76B8tDmuZ.jpg,[27],1151031,Bring Her Back,en,Bring Her Back,"Following the death of their father, a brother and sister are sent to live with a foster mother, only to learn that she is hiding a terrifying secret.",9.619,/1Q3GlCXGYWELifxANYZ5OVMRVZl.jpg,2025-05-28,False,False,7.345,1629,15000000,39410222,104,37500000.0,1.0509392533333333,1.6273481333333333,2025,5
False,/hfWsEZRTpqSfzofIhjjy7VL4o61.jpg,"[9648, 28, 878]",13183,Watchmen,en,Watchmen,"In a gritty and alternate 1985, the glory days of costumed vigilantes have been brought to a close by a government crackdown. But after one of the masked veterans is brutally murdered, an investigation into the killer is initiated. The reunited heroes set out to prevent their own destruction, but in doing so they uncover a sinister plot that puts all of humanity in grave danger.",9.598,/aVURelN3pM56lFM7Dgfs5TixcIf.jpg,2009-03-04,False,False,7.353,9968,130000000,185258983,163,325000000.0,0.57002764,0.4250691,2009,3
False,/9UAKA6ceZi6TgQwTAAMt7DWwYPI.jpg,[18],7345,There Will Be Blood,en,There Will Be Blood,"Ruthless silver miner, turned oil prospector, Daniel Plainview, moves to oil-rich California. Using his son to project a trustworthy, family-man image, Plainview cons local landowners into selling him their valuable properties for a pittance. However, local preacher Eli Sunday suspects Plainview's motives and intentions, starting a slow-burning feud that threatens both their lives.",9.5823,/fa0RDkAlCec0STeMNAhPaF89q6U.jpg,2007-12-26,False,False,8.077,7423,25000000,77208711,158,62500000.0,1.235339376,2.08834844,2007,12
False,/zT9iYKMtmU82Jo44WbiuMOW7jRi.jpg,"[28, 18]",307081,Southpaw,en,Southpaw,"Billy ""The Great"" Hope, the reigning junior middleweight boxing champion, has an impressive career, a loving wife and daughter, and a lavish lifestyle. However, when tragedy strikes, Billy hits rock bottom, losing his family, his house and his manager. He soon finds an unlikely savior in Tick Willis, a former fighter who trains the city's toughest amateur boxers. With his future on the line, Hope fights to reclaim the trust of those he loves the most.",9.5736,/kSQ49Fi3NVTqGGXILmxV2T2pdkG.jpg,2015-07-22,False,False,7.4,5803,30000000,91709827,123,75000000.0,1.2227976933333333,2.0569942333333335,2015,7
False,/9V6Yq2ZVUmyAPcPyDcCBPnkluKF.jpg,"[53, 9648, 878]",51876,Limitless,en,Limitless,The life of an unsuccessful writer is transformed by a top-secret 'smart drug' that allows him to use 100% of his brain and become a perfect version of himself. His enhanced abilities soon attract shadowy forces that threaten his new life.,9.5673,/kCokPP4WCQRrrAuZ7FcpIyHr8b2.jpg,2011-03-17,False,False,7.2,11453,27000000,161900000,106,67500000.0,2.3985185185185185,4.996296296296296,2011,3
False,/iFaWUETEE2umP1WY0LUAmjSpzm7.jpg,"[28, 35, 18, 53]",787,Mr. & Mrs. Smith,en,Mr. & Mrs. Smith,"A husband and wife struggle to keep their marriage alive until they realize they are both secretly working as assassins. Now, their respective assignments require them to kill each other.",9.5617,/kjD700RtyhveN3ZbOnSvUSne0Qj.jpg,2005-06-07,False,False,6.692,11200,110000000,487287646,120,275000000.0,1.7719550763636365,3.4298876909090907,2005,6
False,/eENEf62tMXbhyVvdcXlnQz2wcuT.jpg,"[878, 28, 12]",580489,Venom: Let There Be Carnage,en,Venom: Let There Be Carnage,"After finding a host body in investigative reporter Eddie Brock, the alien symbiote must face a new enemy, Carnage, the alter ego of serial killer Cletus Kasady.",9.5595,/pzKsRuKLFmYrW5Q0q8E8G78Tcgo.jpg,2021-09-30,False,False,6.746,11148,110000000,506863592,97,275000000.0,1.8431403345454545,3.6078508363636366,2021,9
False,/iwvP8XVpYVmJ3xfF9xdBi5uAOWl.jpg,"[80, 18, 53, 28]",75780,Jack Reacher,en,Jack Reacher,"One morning in an ordinary town, five people are shot dead in a seemingly random attack. All evidence points to a single suspect: an ex-military sniper who is quickly brought into custody. The interrogation yields one written note: 'Get Jack Reacher!'. Reacher, an enigmatic ex-Army investigator, believes the authorities have the right man but agrees to help the sniper's defense attorney. However, the more Reacher delves into the case, the less clear-cut it appears. So begins an extraordinary chase for the truth, pitting Jack Reacher against an unexpected enemy, with a skill for violence and a secret to keep.",9.5564,/uQBbjrLVsUibWxNDGA4Czzo8lwz.jpg,2012-12-20,False,False,6.661,7610,60000000,218300000,130,150000000.0,1.4553333333333334,2.638333333333333,2012,12
False,/2fswjyrY3GEzeoVn6mF8pNeNcgf.jpg,"[18, 14, 10749]",4922,The Curious Case of Benjamin Button,en,The Curious Case of Benjamin Button,"Born under unusual circumstances, Benjamin Button springs into being as an elderly man in a New Orleans nursing home and ages in reverse. Twelve years after his birth, he meets Daisy, a child who flits in and out of his life as she grows up to be a dancer. Though he has all sorts of unusual adventures over the course of his life, it is his relationship with Daisy, and the hope that they will come together at the right time, that drives Benjamin forward.",9.554,/26wEWZYt6yJkwRVkjcbwJEFh9IS.jpg,2008-12-25,False,False,7.599,13702,150000000,335802786,166,375000000.0,0.895474096,1.23868524,2008,12
False,/s0OrExdg7i3RLR7oqzHRk4q2kL4.jpg,"[18, 35]",194662,Birdman or (The Unexpected Virtue of Ignorance),en,Birdman or (The Unexpected Virtue of Ignorance),"A fading actor best known for his portrayal of a popular superhero attempts to mount a comeback by appearing in a Broadway play. As opening night approaches, his attempts to become more altruistic, rebuild his career, and reconnect with friends and family prove more difficult than expected.",9.5362,/rHUg2AuIuLSIYMYFgavVwqt1jtc.jpg,2014-10-17,False,False,7.441,13565,18000000,103215094,120,45000000.0,2.2936687555555557,4.734171888888889,2014,10
False,/7lwo8VLHD8Va49DKuszabpm41V9.jpg,[18],10637,Remember the Titans,en,Remember the Titans,"After leading his football team to 15 winning seasons, coach Bill Yoast is demoted and replaced by Herman Boone – tough, opinionated and as different from the beloved Yoast as he could be. The two men learn to overcome their differences and turn a group of hostile young men into champions.",9.5354,/825ohvC4wZ3gCuncCaqkWeQnK8h.jpg,2000-09-29,False,False,7.645,2933,30000000,136700000,113,75000000.0,1.8226666666666667,3.5566666666666666,2000,9
False,/fK40VGYIm7hmKrLJ26fgPQU0qRG.jpg,"[16, 878, 28]",149,Akira,ja,AKIRA,A secret military project endangers Neo-Tokyo when it turns a biker gang member into a rampaging psychic psychopath that only two teenagers and a group of psychics can stop.,9.5315,/neZ0ykEsPqxamsX6o5QNUFILQrz.jpg,1988-06-10,False,False,7.944,4761,5700000,49000000,124,14250000.0,3.43859649122807,7.5964912280701755,1988,6
False,/msCHK5Kh1YbdZ0zPJ2nzPUhhSN9.jpg,"[14, 18, 9648]",141,Donnie Darko,en,Donnie Darko,"After narrowly escaping a bizarre accident, a troubled teenager is plagued by visions of a large bunny rabbit that manipulates him to commit a series of crimes.",9.525,/sv7D4vlfIH25lNjQYoXzoOFCYaz.jpg,2001-01-19,False,False,7.764,13387,4500000,7500000,114,11250000.0,0.6666666666666666,0.6666666666666666,2001,1
False,/aGmsekNU5cMOkJMpbdRutkvmVMl.jpg,[35],45243,The Hangover Part II,en,The Hangover Part II,"The Hangover crew heads to Thailand for Stu's wedding. After the disaster of a bachelor party in Las Vegas last year, Stu is playing it safe with a mellow pre-wedding brunch. However, nothing goes as planned and Bangkok is the perfect setting for another adventure with the rowdy group.",9.5203,/cKZu0Fdkj7dmwbfMpgDqVVCkLJQ.jpg,2011-05-25,False,False,6.504,11260,80000000,586764305,102,200000000.0,2.933821525,6.3345538125,2011,5
False,/i2fZIltljrhFPsUK9PN6O6ZE7M4.jpg,"[12, 16, 35, 10751, 14]",11836,The SpongeBob SquarePants Movie,en,The SpongeBob SquarePants Movie,"There's trouble brewing in Bikini Bottom. Someone has stolen King Neptune's crown, and it looks like Mr. Krab, SpongeBob's boss, is the culprit. Though he's just been passed over for the promotion of his dreams, SpongeBob stands by his boss, and along with his best pal Patrick, sets out on a treacherous mission to Shell City to reclaim the crown and save Mr. Krab's life.",9.519,/1rvzKV1d18EbDVaEd4VDzK3cgnY.jpg,2004-11-19,False,False,7.1,3186,30000000,141067890,87,75000000.0,1.8809052,3.702263,2004,11
False,/hwwFyowfcbLRVmRBOkvnABBNIOs.jpg,"[10751, 16, 12, 35]",9487,A Bug's Life,en,A Bug's Life,"On behalf of ""oppressed bugs everywhere,"" an inventive ant named Flik hires a troupe of warrior bugs to defend his bustling colony from a horde of freeloading grasshoppers led by the evil-minded Hopper.",9.5135,/Ah3J9OJVc2CNCuH2zMydXy9fmIC.jpg,1998-11-25,False,False,6.977,9711,80000000,363258859,95,200000000.0,1.816294295,3.5407357375,1998,11
False,/yRutvYkM3OP8N9oqqfjSK1VC7fs.jpg,"[27, 878]",762504,Nope,en,Nope,"Residents in a lonely gulch of inland California bear witness to an uncanny, chilling discovery.",9.4944,/AcKVlWaNVVVFQwro3nLXqPljcYA.jpg,2022-07-20,False,False,6.821,4854,68000000,171932082,130,170000000.0,1.011365188235294,1.5284129705882352,2022,7
False,/foFq1RZWQIgFuCQ0nyYccywjFyX.jpg,"[18, 10749]",531428,Portrait of a Lady on Fire,fr,Portrait de la jeune fille en feu,"On an isolated island in Brittany at the end of the eighteenth century, a female painter is obliged to paint a wedding portrait of a young woman.",9.4791,/2LquGwEhbg3soxSCs9VNyh5VJd9.jpg,2019-09-06,False,False,8.095,2919,5740000,9923127,121,14350000.0,0.6915071080139373,0.7287677700348432,2019,9
False,/h3KN24PrOheHVYs9ypuOIdFBEpX.jpg,"[16, 10751, 12]",166428,How to Train Your Dragon: The Hidden World,en,How to Train Your Dragon: The Hidden World,"As Hiccup fulfills his dream of creating a peaceful dragon utopia, Toothless’ discovery of an untamed, elusive mate draws the Night Fury away. When danger mounts at home and Hiccup’s reign as village chief is tested, both dragon and rider must make impossible decisions to save their kind.",9.4745,/xvx4Yhf0DVH8G4LzNISpMfFBDy2.jpg,2019-01-03,False,False,7.752,7083,129000000,539987993,104,322500000.0,1.6743813736434108,3.185953434108527,2019,1
False,/hmEbQB5UlcwobldcSDNlLZiUnmA.jpg,"[10752, 28, 18]",193756,Lone Survivor,en,Lone Survivor,"Four Navy SEALs on a covert mission to neutralize a high-level Taliban operative must make an impossible moral decision in the mountains of Afghanistan that leads them into an enemy ambush. As they confront unthinkable odds, the SEALs must find reserves of strength and resilience to fight to the finish.",9.4676,/zlT3RSPO6GlSyb5QrLrFcDmhrQ7.jpg,2013-12-24,False,False,7.433,4736,40000000,149295601,121,100000000.0,1.49295601,2.732390025,2013,12
False,/wxijmbo9Oy5L9M9e4K1QhXVBRgm.jpg,"[12, 27, 28, 36]",6312,Brotherhood of the Wolf,fr,Le Pacte des loups,"In 18th century France, the Chevalier de Fronsac and his Native American friend Mani are sent by the King to the Gevaudan province to investigate the killings of hundreds by a mysterious beast.",9.4632,/Ahd4F7azhjsxgXYjVyFmVzJu9LB.jpg,2001-01-31,False,False,6.735,1716,29000000,70800000,151,72500000.0,0.976551724137931,1.4413793103448276,2001,1
False,/z9ft5HYHzWcasR6SGcgeluxTznB.jpg,"[16, 10402, 35, 10751]",335797,Sing,en,Sing,A koala named Buster recruits his best friend to help him drum up business for his theater by hosting a singing competition.,9.4616,/rwopfpHqPCYBSgBuZwkaXXqHp14.jpg,2016-11-23,False,False,7.124,8418,75000000,634151679,108,187500000.0,3.382142288,7.45535572,2016,11
False,/wSMaPDDwqfYbwg1GX9B5MaMnmxe.jpg,"[10752, 36]",853,Enemy at the Gates,en,Enemy at the Gates,A Russian and a German sniper play a game of cat-and-mouse during the Battle of Stalingrad in WWII.,9.455,/cHRAbVdsCWFaQrswRsBP7Bn255W.jpg,2001-02-28,False,False,7.416,4024,68000000,96976270,131,170000000.0,0.5704486470588235,0.4261216176470588,2001,2
False,/58D6ZAvOKxlHjyX9S8qNKSBE9Y.jpg,"[28, 53]",718821,Twisters,en,Twisters,"As storm season intensifies, the paths of former storm chaser Kate Carter and reckless social-media superstar Tyler Owens collide when terrifying phenomena never seen before are unleashed. The pair and their competing teams find themselves squarely in the paths of multiple storm systems converging over central Oklahoma in the fight of their lives.",9.4196,/pjnD08FlMAIXsfOLKQbvmO0f0MD.jpg,2024-07-10,False,False,6.782,2964,155000000,372262265,123,387500000.0,0.9606768129032258,1.4016920322580646,2024,7
False,/rl95VDEP3nsUQmGzE0S1S7y6T0N.jpg,"[10752, 28]",190859,American Sniper,en,American Sniper,"U.S. Navy SEAL Chris Kyle takes his sole mission—protect his comrades—to heart and becomes one of the most lethal snipers in American history. His pinpoint accuracy not only saves countless lives but also makes him a prime target of insurgents. Despite grave danger and his struggle to be a good husband and father to his family back in the States, Kyle serves four tours of duty in Iraq. However, when he finally returns home, he finds that he cannot leave the war behind.",9.418,/vJgtfUmZE5i4L12sOryAPuBa04K.jpg,2014-12-25,False,False,7.412,13615,58800000,542300000,133,147000000.0,3.6891156462585033,8.22278911564626,2014,12
False,/eAIHqfS3kXm7kZl4j7ZBfdegyEz.jpg,"[53, 28, 80]",38700,Bad Boys for Life,en,Bad Boys for Life,"Marcus and Mike are forced to confront new threats, career changes, and midlife crises as they join the newly created elite team AMMO of the Miami police department to take down the ruthless Armando Armas, the vicious leader of a Miami drug cartel.",9.417,/y95lQLnuNKdPAzw9F9Ab8kJ80c3.jpg,2020-01-15,False,False,7.116,8727,90000000,426505244,124,225000000.0,1.8955788622222223,3.7389471555555556,2020,1
False,/90NFgsSsWMfOMwMw26x226bTW0v.jpg,"[35, 80]",138832,We're the Millers,en,We're the Millers,A veteran pot dealer creates a fake family as part of his plan to move a huge shipment of weed into the U.S. from Mexico.,9.3964,/qF2LJ0jwWrtXSuT4AFD5OS2IqaT.jpg,2013-08-07,False,False,6.841,9438,37000000,270000000,110,92500000.0,2.918918918918919,6.297297297297297,2013,8
False,/ffQFnAUm2Uu4RU0nijpjPRf9TBT.jpg,"[18, 10749]",843,In the Mood for Love,cn,花樣年華,"In 1960s Hong Kong, two neighbors form an intimate bond after making a discovery about their spouses in this visually stunning tale of unrequited love.",9.3962,/iYypPT4bhqXfq1b6EnmxvRt6b2Y.jpg,2000-09-29,False,False,8.091,3245,3000000,15867968,99,7500000.0,2.115729066666667,4.289322666666667,2000,9
False,/4vSBj7BYsyuKCx96EJzGyp20WfY.jpg,"[35, 27]",593643,The Menu,en,The Menu,"A young couple travels to a remote island to eat at an exclusive restaurant where the chef has prepared a lavish menu, with some shocking surprises.",9.3905,/fPtUgMcLIboqlTlPrq0bQpKK8eq.jpg,2022-11-17,False,False,7.174,6170,35000000,79628200,107,87500000.0,0.9100365714285714,1.2750914285714285,2022,11
False,/8GnWDLn2AhnmkQ7hlQ9NJUYobSS.jpg,"[878, 28]",695721,The Hunger Games: The Ballad of Songbirds & Snakes,en,The Hunger Games: The Ballad of Songbirds & Snakes,"64 years before he becomes the tyrannical president of Panem, Coriolanus Snow sees a chance for a change in fortunes when he mentors Lucy Gray Baird, the female tribute from District 12.",9.3774,/mBaXZ95R2OxueZhvQbcEWy2DqyO.jpg,2023-11-15,False,False,6.984,3491,100000000,337371917,157,250000000.0,1.349487668,2.37371917,2023,11
False,/ohijjhvNqAPKTURQr6VIF7xuAjY.jpg,"[28, 12, 14]",338970,Tomb Raider,en,Tomb Raider,"Lara Croft, the fiercely independent daughter of a missing adventurer, must push herself beyond her limits when she finds herself on the island where her father disappeared.",9.3756,/s4Qn5LF6OwK4rIifmthIDtbqDSs.jpg,2018-03-05,False,False,6.366,8340,94000000,274650803,118,235000000.0,1.1687268212765958,1.9218170531914893,2018,3
False,/6cCF0KMUO2QmrVsQFujkQduREXX.jpg,"[53, 28, 18, 878]",61791,Rise of the Planet of the Apes,en,Rise of the Planet of the Apes,"A highly intelligent chimpanzee named Caesar has been living a peaceful suburban life ever since he was born. But when he gets taken to a cruel primate facility, Caesar decides to revolt against those who have harmed him.",9.3619,/oqA45qMyyo1TtrnVEBKxqmTPhbN.jpg,2011-08-03,False,False,7.342,12730,93000000,481800873,105,232500000.0,2.0722618193548388,4.180654548387097,2011,8
False,/8lBViysvNJBPkl6zG1LVAaW3qhj.jpg,"[28, 12, 53]",206647,Spectre,en,Spectre,"A cryptic message from Bond’s past sends him on a trail to uncover a sinister organization. While M battles political forces to keep the secret service alive, Bond peels back the layers of deceit to reveal the terrible truth behind SPECTRE.",9.3581,/zj8ongFhtWNsVlfjOGo8pSr7PQg.jpg,2015-10-26,False,False,6.569,11228,245000000,880707597,148,612500000.0,1.4378899542857142,2.5947248857142857,2015,10
False,/nxxCPRGTzxUH8SFMrIsvMmdxHti.jpg,"[35, 14, 10751]",639720,IF,en,IF,"After discovering she can see everyone's imaginary friends, a girl embarks on a magical adventure to reconnect forgotten imaginary friends with their kids.",9.3515,/xbKFv4KF3sVYuWKllLlwWDmuZP7.jpg,2024-05-08,False,False,7.0,1599,110000000,190309707,104,275000000.0,0.6920352981818182,0.7300882454545454,2024,5
False,/eVXBp5BBskAj0RJ6pDSNPcBs1uI.jpg,"[10749, 35]",1291335,Solo Mio,en,Solo Mio,"After Matt's dreams of a picturesque Italian wedding are shattered when his fiancée leaves him at the altar, he embarks on his planned honeymoon across Italy alone, immersing himself in the country's vibrant culture, food, and beauty, meeting Gia along the way.",9.3468,/efSsZJaddeq0LOABZqpCXdMxv9P.jpg,2026-02-05,False,False,7.04,139,4000000,26310611,96,10000000.0,2.6310611,5.57765275,2026,2
False,/5qsyqA7FeYRymBmNbPBqBgqWPO4.jpg,"[12, 35, 10751]",9340,The Goonies,en,The Goonies,"Young teen Mikey Walsh and his friends set off on a quest to find Pirate One-Eyed Willie's treasure in hopes of saving their homes from demolition. However, on their quest to find the treasure, they run into a family of recently escaped criminals, determined to capture the kids and reach the treasure first.",9.3447,/eBU7gCjTCj9n2LTxvCSIXXOvHkD.jpg,1985-06-07,False,False,7.515,6217,19000000,69649283,114,47500000.0,1.4663006947368422,2.6657517368421053,1985,6
False,/3sF2wc5SRQaBs0kC7Jhanz5NnbO.jpg,"[35, 80]",9072,Little Man,en,Little Man,"After leaving prison, dwarf criminal Calvin Sims joins his moron brother Percy in stealing an expensive huge diamond from a jewelry store for the mobster Walken. They are chased by the police, and Calvin hides the stone in the purse of executive Vanessa Edwards, whose husband Darryl Edwards wants to have a baby. Percy convinces Calvin to dress like a baby and be left in front of the Edwards' house to get inside the house and retrieve the diamond. Darryl and Vanessa keep Calvin for the weekend and decide to adopt him, while Walken threatens Darryl to get the stone back.",9.3365,/9KzPw1VN0pMBnq1KIqBaLI8LAB7.jpg,2006-08-31,False,False,5.942,1894,64000000,104003322,98,160000000.0,0.6500207625,0.62505190625,2006,8
False,/viU23X3BIycUFf6TOlm9c7TxLgM.jpg,[35],8835,Legally Blonde,en,Legally Blonde,"Fashionable sorority queen Elle Woods has it all, but, she wants nothing more than to be Mrs. Warner Huntington III. But he dumps her before heading to Harvard Law School. Elle rallies all of her resources and gets into Harvard, determined to win him back. While there, she figures out that there is more to herself than just good looks.",9.3138,/9ohlMrJHQqKhfUKh7Zr3JQqHNLZ.jpg,2001-07-13,False,False,6.808,4528,18000000,141778365,96,45000000.0,3.1506303333333334,6.876575833333334,2001,7
False,/rlVpm5r7vZYyU9JHWf9UGOVDo5M.jpg,[27],26466,Triangle,en,Triangle,"When Jess sets sail on a yacht with a group of friends, she cannot shake the feeling that there is something wrong.",9.2986,/cRlMrbc4Iof7vN0ZqHwJnMBYBLi.jpg,2009-10-16,False,False,6.92,2955,12000000,1594955,99,30000000.0,0.053165166666666666,-0.8670870833333333,2009,10
False,/yBDvgpyynDsbMyK21FoQu1c2wYR.jpg,"[9648, 80, 53]",870028,The Accountant²,en,The Accountant²,"When an old acquaintance is murdered, Wolff is compelled to solve the case. Realizing more extreme measures are necessary, Wolff recruits his estranged and highly lethal brother, Brax, to help. In partnership with Marybeth Medina, they uncover a deadly conspiracy, becoming targets of a ruthless network of killers who will stop at nothing to keep their secrets buried.",9.298,/lUvfTcOZiK0sdcX0WNLPbMyKjGm.jpg,2025-04-23,False,False,7.069,1746,80000000,103223366,133,200000000.0,0.51611683,0.290292075,2025,4
False,/f133nWlU6yUkZqqwcCXCbTEJWHr.jpg,"[12, 28]",87,Indiana Jones and the Temple of Doom,en,Indiana Jones and the Temple of Doom,"After arriving in India, Indiana Jones is asked by a desperate village to find a mystical stone. He agrees – and stumbles upon a secret cult plotting a terrible plan in the catacombs of an ancient palace.",9.2935,/gpdVNUaa4LhRMLfJOPj1AZdhAZ3.jpg,1984-05-23,False,False,7.307,10095,28000000,333000000,118,70000000.0,4.757142857142857,10.892857142857142,1984,5
False,/iR79ciqhtaZ9BE7YFA1HpCHQgX4.jpg,"[27, 10402, 9648, 53]",1100782,Smile 2,en,Smile 2,"About to embark on a new world tour, global pop sensation Skye Riley begins experiencing increasingly terrifying and inexplicable events. Overwhelmed by the escalating horrors and the pressures of fame, Skye is forced to face her dark past to regain control of her life before it spirals out of control.",9.2933,/ht8Uv9QPv9y7K0RvUyJIaXOZTfd.jpg,2024-10-16,False,False,6.587,2136,28000000,138128854,127,70000000.0,1.9732693428571428,3.933173357142857,2024,10
False,/71FjlP0qZPc1iymcHf8u5vXfH50.jpg,"[16, 10751]",73723,The Lorax,en,The Lorax,"A 12-year-old boy searches for the one thing that will enable him to win the affection of the girl of his dreams. To find it he must discover the story of the Lorax, the grumpy yet charming creature who fights to protect his world.",9.2931,/tePFnZFw5JvjwjQjaKkqDPNMLPU.jpg,2012-03-01,False,False,6.526,3864,70000000,349305397,86,175000000.0,1.99603084,3.9900771,2012,3
False,/lOXVbF2mBK0xUt8sLInF3TIk5YS.jpg,"[28, 878]",2048,"I, Robot",en,"I, Robot","In 2035, where robots are commonplace and abide by the three laws of robotics, a technophobic cop investigates an apparent suicide. Suspecting that a robot may be responsible for the death, his investigation leads him to believe that humanity may be in danger.",9.2928,/efwv6F2lGaghjPpBRSINHtoEiZB.jpg,2004-07-15,False,False,6.962,12626,120000000,347234916,115,300000000.0,1.15744972,1.8936243,2004,7
False,/qHHlBPTpKyh9iTjx1cNMU8sXBnj.jpg,"[27, 53]",9902,Wrong Turn,en,Wrong Turn,"Chris crashes into a carload of other young people, and the group of stranded motorists is soon lost in the woods of West Virginia, where they're hunted by three cannibalistic mountain men who are grossly disfigured by generations of inbreeding.",9.291,/12G5V0dTmljnv7RFMT144dJ2chh.jpg,2003-05-30,False,False,6.387,2987,12600000,28650575,84,31500000.0,0.9095420634920635,1.2738551587301588,2003,5
False,/kl3rMfydlxyLDsZidSUCEWm8K0M.jpg,"[12, 35, 878]",39513,Paul,en,Paul,"For the past 60 years, a space-traveling smart-ass named Paul has been locked up in a top-secret military base, advising world leaders about his kind. But when he worries he’s outlived his usefulness and the dissection table is drawing uncomfortably close, Paul escapes on the first RV that passes by his compound in Area 51. Fortunately, it contains the two earthlings who are most likely to rescue and harbor an alien on the run.",9.2906,/dKhexH8nS08lVlSmwSs00cHFxbY.jpg,2011-02-14,False,False,6.738,6255,40000000,98000000,104,100000000.0,0.98,1.45,2011,2
False,/zgQQF04u3OgNBJqClRNby1FPz9s.jpg,"[12, 16, 35, 10751, 878]",893723,PAW Patrol: The Mighty Movie,en,PAW Patrol: The Mighty Movie,"A magical meteor crash lands in Adventure City and gives the PAW Patrol pups superpowers, transforming them into The Mighty Pups.",9.2878,/aTvePCU7exLepwg5hWySjwxojQK.jpg,2023-09-21,False,False,6.968,547,30000000,202231360,88,75000000.0,2.6964181333333332,5.741045333333333,2023,9
False,/hMANgfPHR1tRObNp2oPiOi9mMlz.jpg,"[28, 12, 878]",424783,Bumblebee,en,Bumblebee,"On the run in the year 1987, Bumblebee finds refuge in a junkyard in a small Californian beach town. Charlie, on the cusp of turning 18 and trying to find her place in the world, discovers Bumblebee, battle-scarred and broken.  When Charlie revives him, she quickly learns this is no ordinary yellow VW bug.",9.2798,/fw02ONlDhrYjTSZV8XO6hhU3ds3.jpg,2018-11-22,False,False,6.72,6610,135000000,467989645,114,337500000.0,1.3866359851851853,2.466589962962963,2018,11
False,/c6yfABGVKuB5cjoOwdX4AJMlzUz.jpg,"[35, 14]",620,Ghostbusters,en,Ghostbusters,"After losing their university jobs, three parapsychologists start a ghost-catching business in New York City and uncover a supernatural threat that could destroy the world.",9.2777,/7E8nLijS9AwwUEPu2oFYOVKhdFA.jpg,1984-06-08,False,False,7.494,9725,30000000,296640120,107,75000000.0,3.9552016,8.888004,1984,6
False,/3IFRjBDwtk0DlIsDfJ2zEzLjUBi.jpg,"[10751, 16, 35, 12]",82690,Wreck-It Ralph,en,Wreck-It Ralph,"Wreck-It Ralph is the 9-foot-tall, 643-pound villain of an arcade video game named Fix-It Felix Jr., in which the game's titular hero fixes buildings that Ralph destroys. Wanting to prove he can be a good guy and not just a villain, Ralph escapes his game and lands in Hero's Duty, a first-person shooter where he helps the game's hero battle against alien invaders. He later enters Sugar Rush, a kart racing game set on tracks made of candies, cookies and other sweets. There, Ralph meets Vanellope von Schweetz who has learned that her game is faced with a dire threat that could affect the entire arcade, and one that Ralph may have inadvertently started.",9.2756,/fiHyt6UmG4yjcXFt9Cbpw6OedHh.jpg,2012-11-01,False,False,7.355,13050,165000000,471222889,101,412500000.0,1.1423585187878789,1.855896296969697,2012,11
False,/vrFI0I3M8ROZduj9XbFDoQKZyao.jpg,"[27, 53]",9792,The Hills Have Eyes,en,The Hills Have Eyes,"Based on Wes Craven's 1977 suspenseful cult classic, The Hills Have Eyes is the story of a family road trip that goes terrifyingly awry when the travelers become stranded in a government atomic zone. Miles from nowhere, the Carter family soon realizes the seemingly uninhabited wasteland is actually the breeding ground of a blood-thirsty mutant family...and they are the prey.",9.2661,/2eJL1Ccr1FN3dm9OSDwyd8uaX1b.jpg,2006-03-10,False,False,6.463,3330,15000000,69623713,107,37500000.0,1.8566323466666668,3.6415808666666667,2006,3
False,/yFuKvT4Vm3sKHdFY4eG6I4ldAnn.jpg,"[28, 12, 878]",1771,Captain America: The First Avenger,en,Captain America: The First Avenger,"During World War II, Steve Rogers is a sickly man from Brooklyn who's transformed into super-soldier Captain America to aid in the war effort. Rogers must stop the Red Skull – Adolf Hitler's ruthless head of weaponry, and the leader of an organization that intends to use a mysterious device of untold powers for world domination.",9.265,/vSNxAJTlD0r02V9sPYpOjqDZXUK.jpg,2011-07-22,False,False,7.006,22699,140000000,370569774,124,350000000.0,1.0587707828571429,1.646926957142857,2011,7
False,/fbxZeJEcyf76oEQIGmotlclwmiH.jpg,"[16, 10751, 12, 878]",15512,Monsters vs Aliens,en,Monsters vs Aliens,"When Susan Murphy is unwittingly clobbered by a meteor full of outer space gunk on her wedding day, she mysteriously grows to 49-feet-11-inches. The military jumps into action and captures Susan, secreting her away to a covert government compound. She is renamed Ginormica and placed in confinement with a ragtag group of Monsters...",9.2589,/hpHarddVj34j53T7NsoUGdKj4mP.jpg,2009-03-19,False,False,6.248,4946,175000000,381509870,94,437500000.0,0.87202256,1.1800564,2009,3
False,/scQf03Fm3jeyv4FH04qvi4fp4wh.jpg,"[80, 35, 28]",402900,Ocean's Eight,en,Ocean's Eight,"Debbie Ocean, a criminal mastermind, gathers a crew of female thieves to pull off the heist of the century at New York's annual Met Gala.",9.254,/MvYpKlpFukTivnlBhizGbkAe3v.jpg,2018-06-07,False,False,6.957,8776,70000000,297718711,111,175000000.0,1.7012497771428572,3.2531244428571426,2018,6
False,/r2M9ElkHxEJP7riCFbT5N0uXZTc.jpg,"[12, 16, 35, 10751]",10527,Madagascar: Escape 2 Africa,en,Madagascar: Escape 2 Africa,"Alex, Marty, and other zoo animals find a way to escape from Madagascar when the penguins reassemble a wrecked airplane. The precariously repaired craft stays airborne just long enough to make it to the African continent. There the New Yorkers encounter members of their own species for the first time. Africa proves to be a wild place, but Alex and company wonder if it is better than their Central Park home.",9.2498,/agRbLOHgN46TQO4YdKR462iR7To.jpg,2008-10-30,False,False,6.527,7416,150000000,603900354,89,375000000.0,1.610400944,3.02600236,2008,10
False,/oihWVx3imvRKujnGmSDYhfG1gI5.jpg,"[35, 27]",19908,Zombieland,en,Zombieland,"Columbus has made a habit of running from what scares him. Tallahassee doesn't have fears. If he did, he'd kick their ever-living ass. In a world overrun by zombies, these two are perfectly evolved survivors. But now, they're about to stare down the most terrifying prospect of all: each other.",9.2438,/dUkAmAyPVqubSBNRjRqCgHggZcK.jpg,2009-10-02,False,False,7.26,13144,23600000,102391540,87,59000000.0,1.7354498305084747,3.3386245762711866,2009,10
False,/uuBYYlbfiYD7ny5VNj46NG14ykR.jpg,"[878, 53, 27]",520763,A Quiet Place Part II,en,A Quiet Place Part II,"Following the events at home, the Abbott family now face the terrors of the outside world. Forced to venture into the unknown, they realize that the creatures that hunt by sound are not the only threats that lurk beyond the sand path.",9.2437,/4q2hz2m8hubgvijz8Ez0T2Os2Yv.jpg,2021-05-21,False,False,7.434,7364,55000000,297372261,96,137500000.0,2.162707352727273,4.406768381818182,2021,5
False,/8dXR9R0NUo4eyS4hnYOsCywmo16.jpg,"[28, 80, 53]",4108,The Transporter,en,The Transporter,"Former Special Forces officer Frank Martin will deliver anything to anyone for the right price, and his no-questions-asked policy puts him in high demand. But when he realizes his latest cargo is alive, it sets in motion a dangerous chain of events. The bound and gagged Lai is being smuggled to France by a shady American businessman, and Frank works to save her as his own illegal activities are uncovered by a French detective.",9.228,/dncJ81z1BahrT3ogLvlxOUC5n4u.jpg,2002-10-02,False,False,6.722,5801,21000000,43900000,92,52500000.0,0.8361904761904762,1.0904761904761904,2002,10
False,/6LVSrgm83UYWlrLTCVGmWhFKYO0.jpg,"[27, 53, 18]",474350,It Chapter Two,en,It Chapter Two,"27 years after overcoming the malevolent supernatural entity Pennywise, the former members of the Losers' Club, who have grown up and moved away from Derry, are brought back together by a devastating phone call.",9.2264,/zfE0R94v1E8cuKAerbskfD3VfUt.jpg,2019-09-04,False,False,6.837,9591,79000000,473123154,169,197500000.0,2.3955602734177215,4.988900683544304,2019,9
False,/bxT8jFcWNuWK5LmVo1oGhAm4dnZ.jpg,"[12, 28, 18]",1084736,The Count of Monte Cristo,fr,Le Comte de Monte-Cristo,"Edmond Dantès becomes the target of a sinister plot and is arrested on his wedding day for a crime he did not commit. After 14 years in the island prison of Château d’If, he manages a daring escape. Now rich beyond his dreams, he assumes the identity of the Count of Monte-Cristo and exacts his revenge on the three men who betrayed him.",9.2184,/sAT1P3FGhtJ68anUyJScnMu8t1l.jpg,2024-06-28,False,False,7.91,2014,46000000,75360860,178,115000000.0,0.6553118260869565,0.6382795652173913,2024,6
False,/1M2i4Mxd03elGOTmEkIvqrHfmyS.jpg,"[35, 18, 10749]",19913,(500) Days of Summer,en,(500) Days of Summer,"Tom, greeting-card writer and hopeless romantic, is caught completely off-guard when his girlfriend, Summer, suddenly dumps him. He reflects on their 500 days together to try to figure out where their love affair went sour, and in doing so, Tom rediscovers his true passions in life.",9.2172,/qXAuQ9hF30sQRsXf40OfRVl0MJZ.jpg,2009-07-17,False,False,7.301,11013,7500000,60781545,95,18750000.0,3.2416824,7.104206,2009,7
False,/3xKJ0nyUTlySmMBCpOcsuSnFPI1.jpg,"[27, 9648]",1232546,Until Dawn,en,Until Dawn,"One year after her sister Melanie mysteriously disappeared, Clover and her friends head into the remote valley where she vanished in search of answers. Exploring an abandoned visitor center, they find themselves stalked by a masked killer and horrifically murdered one by one...only to wake up and find themselves back at the beginning of the same evening.",9.213,/bLY5yN4MKVynZ2HMZWElTOGBgBe.jpg,2025-04-23,False,False,6.279,1393,15000000,54105064,103,37500000.0,1.4428017066666667,2.607004266666667,2025,4
False,/sM42bpH73dmf3kJrE8xr4kztYqR.jpg,"[878, 9648, 27]",70981,Prometheus,en,Prometheus,"A team of explorers discover a clue to the origins of mankind on Earth, leading them on a journey to the darkest corners of the universe. There, they must fight a terrifying battle to save the future of the human race.",9.213,/qsYQflQhOuhDpQ0W2aOcwqgDAeI.jpg,2012-05-30,False,False,6.596,13230,130000000,403354469,124,325000000.0,1.2410906738461538,2.1027266846153845,2012,5
False,/kQGxGXzYiCumY8kmXXpgbZyZQK8.jpg,"[80, 9648, 18, 53]",395834,Wind River,en,Wind River,An FBI agent teams with the town's veteran game tracker to investigate a murder that occurred on a Native American reservation.,9.2116,/pySivdR845Hom4u4T2WNkJxe6Ad.jpg,2017-08-03,False,False,7.438,5765,11000000,44998252,107,27500000.0,1.6363000727272727,3.0907501818181817,2017,8
False,/qgch2rFskIxDMgwrD5lWTaB4nBl.jpg,"[12, 35, 14]",512200,Jumanji: The Next Level,en,Jumanji: The Next Level,"As the gang return to Jumanji to rescue one of their own, they discover that nothing is as they expect. The players will have to brave parts unknown and unexplored in order to escape the world’s most dangerous game.",9.2084,/jyw8VKYEiM1UDzPB7NsisUgBeJ8.jpg,2019-12-04,False,False,6.875,9340,125000000,801693929,123,312500000.0,2.5654205728,5.413551432,2019,12
False,/nuO8o9ltxhI7AZQxePavEZ4TyHa.jpg,"[28, 80, 18]",2034,Training Day,en,Training Day,"On his first day on the job as a narcotics officer, a rookie cop works with a rogue detective who isn't what he appears.",9.2051,/bUeiwBQdupBLQthMCHKV7zv56uv.jpg,2001-10-05,False,False,7.522,6584,45000000,104900000,122,112500000.0,0.9324444444444444,1.3311111111111111,2001,10
False,/vsmlShNNHrYlERZaqMOsZ3YctoO.jpg,"[28, 53, 80]",1701,Con Air,en,Con Air,"Newly-paroled former US Army ranger Cameron Poe is headed back to his wife, but must fly home aboard a prison transport flight dubbed ""Jailbird"" taking the “worst of the worst” prisoners, a group described as “pure predators”, to a new super-prison. Poe faces impossible odds when the transport plane is skyjacked mid-flight by the most vicious criminals in the country led by the mastermind — genius serial killer Cyrus ""The Virus"" Grissom, and backed by black militant Diamond Dog and psychopath Billy Bedlam.",9.203,/kOKjgrEzGOP92rVQ6srA9jtp60l.jpg,1997-06-05,False,False,6.772,4671,75000000,224012234,116,187500000.0,1.1947319146666666,1.9868297866666667,1997,6
False,/yRKyJJYIzfeiVDHBe4LXguPQCvD.jpg,"[14, 35]",4011,Beetlejuice,en,Beetlejuice,A newly dead New England couple seeks help from a deranged demon exorcist to scare an affluent New York family out of their home.,9.2013,/nnl6OWkyPpuMm595hmAxNW3rZFn.jpg,1988-03-30,False,False,7.37,8429,15000000,84554197,92,37500000.0,2.2547785866666668,4.636946466666667,1988,3
False,/jIpagj2Dud9g3ZVJFvaWikEWsYz.jpg,"[28, 16, 878]",9323,Ghost in the Shell,ja,GHOST IN THE SHELL,"In the year 2029, the barriers of our world have been broken down by the net and by cybernetics, but this brings new vulnerability to humans in the form of brain-hacking. When a highly-wanted hacker known as 'The Puppetmaster' begins involving them in politics, Section 9, a group of cybernetically enhanced cops, are called in to investigate and stop the Puppetmaster.",9.1992,/9gC88zYUBARRSThcG93MvW14sqx.jpg,1995-11-18,False,False,7.92,3874,3000000,10000000,83,7500000.0,1.3333333333333333,2.3333333333333335,1995,11
False,/ufUAOM5aVizNf8d5YLoutqrrlhq.jpg,"[878, 28, 12, 53]",336843,Maze Runner: The Death Cure,en,Maze Runner: The Death Cure,"Thomas leads his group of escaped Gladers on their final and most dangerous mission yet. To save their friends, they must break into the legendary Last City, a WCKD-controlled labyrinth that may turn out to be the deadliest maze of all. Anyone who makes it out alive will get answers to the questions the Gladers have been asking since they first arrived in the maze.",9.1939,/drbERzlA4cuRWhsTXfFOY4mRR4f.jpg,2018-01-10,False,False,7.082,8380,62000000,288418190,143,155000000.0,1.8607625161290322,3.6519062903225805,2018,1
False,/nazre7z7MoUwAqimnrSlMlfLR5t.jpg,"[18, 80, 53]",22803,Law Abiding Citizen,en,Law Abiding Citizen,A frustrated man decides to take justice into his own hands after a plea bargain sets one of his family's killers free. He targets not only the killer but also the district attorney and others involved in the deal.,9.1526,/fcEXcip7v0O1ndV4VUdFqJSqbOg.jpg,2009-10-15,False,False,7.391,5660,53000000,127900000,109,132500000.0,0.9652830188679246,1.4132075471698113,2009,10
False,/76J14zgwVWyOciri7X7F3DGP3TA.jpg,"[27, 878, 53]",5876,The Mist,en,The Mist,"After a violent storm, a dense cloud of mist envelops a small Maine town, trapping David Drayton and his five-year-old son in a local grocery store with other local residents. They soon discover that the mist conceals deadly horrors that threaten their lives, and worse, their sanity.",9.1509,/1CvJ6diBACKPVGOpcWuY4XPQdqX.jpg,2007-11-21,False,False,6.945,5816,18000000,57470220,126,45000000.0,1.277116,2.19279,2007,11
False,/dSfrsjhqC6lYe7LYDYnzWeXZmEl.jpg,"[14, 16, 10751]",9479,The Nightmare Before Christmas,en,The Nightmare Before Christmas,"Tired of scaring humans every October 31 with the same old bag of tricks, Jack Skellington, the spindly king of Halloween Town, kidnaps Santa Claus and plans to deliver shrunken heads and other ghoulish gifts to children on Christmas morning. But as Christmas approaches, Jack's rag-doll girlfriend, Sally, tries to foil his misguided plans.",9.1503,/oQffRNjK8e19rF7xVYEN8ew0j7b.jpg,1993-10-09,False,False,7.831,10309,18000000,75634409,76,45000000.0,1.6807646444444444,3.201911611111111,1993,10
False,/9il7qNbeYnPMYlutsVYDsj4hRyb.jpg,"[18, 28]",480530,Creed II,en,Creed II,"Between personal obligations and training for his next big fight against an opponent with ties to his family's past, Adonis Creed is up against the challenge of his life.",9.1416,/v3QyboWRoA4O9RbcsqH8tJMe8EB.jpg,2018-11-21,False,False,7.03,5780,50000000,214200000,130,125000000.0,1.7136,3.284,2018,11
False,/6hgItrYQEG33y0I7yP2SRl2ei4w.jpg,"[18, 10749]",613504,After We Collided,en,After We Collided,Tessa finds herself struggling with her complicated relationship with Hardin; she faces a dilemma that could change their lives forever.,9.132,/kiX7UYfOpYrMFSAGbI6j1pFkLzQ.jpg,2020-09-02,False,False,7.153,5460,14000000,47990414,105,35000000.0,1.3711546857142858,2.427886714285714,2020,9
False,/nSm9cij9VRrGDoZoS16CPnX0FqK.jpg,"[12, 18, 28, 10749]",146,"Crouching Tiger, Hidden Dragon",zh,卧虎藏龍,"Two warriors in pursuit of a stolen sword and a notorious fugitive are led to an impetuous, physically-skilled, teenage nobleman's daughter, who is at a crossroads in her life.",9.1106,/iNDVBFNz4XyYzM9Lwip6atSTFqf.jpg,2000-07-06,False,False,7.434,3561,17000000,213978518,120,42500000.0,5.03478865882353,11.586971647058823,2000,7
False,/1n00NlOGRFZVs8coBxyZLm5l4EC.jpg,"[28, 12, 878]",335988,Transformers: The Last Knight,en,Transformers: The Last Knight,"Humans and Transformers are at war. Optimus Prime is gone. The key to saving our future lies buried in the secrets of the past, in the hidden history of Transformers on Earth. Saving our world falls upon the shoulders of an unlikely alliance: Cade Yeager; Bumblebee; an English Lord; and an Oxford Professor.",9.1096,/s5HQf2Gb3lIO2cRcFwNL9sn1o1o.jpg,2017-06-16,False,False,6.055,6694,217000000,605425157,154,542500000.0,1.1159910728110598,1.7899776820276498,2017,6
False,/zGLHX92Gk96O1DJvLil7ObJTbaL.jpg,"[14, 12]",338953,Fantastic Beasts: The Secrets of Dumbledore,en,Fantastic Beasts: The Secrets of Dumbledore,"Professor Albus Dumbledore knows the powerful, dark wizard Gellert Grindelwald is moving to seize control of the wizarding world. Unable to stop him alone, he entrusts magizoologist Newt Scamander to lead an intrepid team of wizards and witches. They soon encounter an array of old and new beasts as they clash with Grindelwald's growing legion of followers.",9.1018,/3c5GNLB4yRSLBby0trHoA1DSQxQ.jpg,2022-04-06,False,False,6.627,5079,200000000,407200000,142,500000000.0,0.8144,1.036,2022,4
False,/7iEfnj3rfyunky6BzvnlwqfoEF0.jpg,"[12, 28, 53, 878]",563,Starship Troopers,en,Starship Troopers,"Set in the future, the story follows a young soldier named Johnny Rico and his exploits in the Mobile Infantry. Rico's military career progresses from recruit to non-commissioned officer and finally to officer against the backdrop of an interstellar war between mankind and an arachnoid species known as ""the Bugs.""",9.099,/cxCmv23O7p3hyHwqoktHYkZcGsY.jpg,1997-11-07,False,False,7.104,5471,105000000,121214377,129,262500000.0,0.46176905523809525,0.1544226380952381,1997,11
False,/wYtEvBmpBRXPdwGgr1gcWiwJSI7.jpg,"[28, 27, 878]",460458,Resident Evil: Welcome to Raccoon City,en,Resident Evil: Welcome to Raccoon City,"Once the booming home of pharmaceutical giant Umbrella Corporation, Raccoon City is now a dying Midwestern town. The company’s exodus left the city a wasteland…with great evil brewing below the surface. When that evil is unleashed, the townspeople are forever…changed…and a small group of survivors must work together to uncover the truth behind Umbrella and make it through the night.",9.0931,/bArhvjRHl535XMaSh9VjInF2mSZ.jpg,2021-11-24,False,False,5.936,2687,25000000,41914915,107,62500000.0,0.67063864,0.6765966,2021,11
False,/3otAGduCHdqdEIVC1HOOLb5Qnp2.jpg,"[16, 35, 10751, 14]",9297,Monster House,en,Monster House,"Monsters under the bed are scary enough, but what happens when an entire house is out to get you? Three teens aim to find out when they go up against a decrepit neighboring home and unlock its frightening secrets.",9.0761,/zCRPr4bkO3ae0U1134vJ39xZnAG.jpg,2006-06-30,False,False,6.7,4318,75000000,140175006,91,187500000.0,0.747600032,0.86900008,2006,6
False,/me67dwJnUBt3O9NqZaBdEQ6i4vM.jpg,"[14, 16, 10749, 10751]",10882,Sleeping Beauty,en,Sleeping Beauty,"Cursed to die by the evil fairy Maleficent when she was a baby, Princess Aurora is sent into hiding under protection from three good fairies. As she grows up far away, Maleficent becomes increasingly determined to seal the princess's fate.",9.0729,/n3pxoMDDxp10c1smgbDzW4bwlzq.jpg,1959-02-17,False,False,6.9,5468,6000000,51600000,75,15000000.0,3.44,7.6,1959,2
False,/riTANvQ8GKmQbgtC1ps3OfkU43A.jpg,"[878, 28, 12, 53]",290859,Terminator: Dark Fate,en,Terminator: Dark Fate,"Decades after Sarah Connor prevented Judgment Day, a lethal new Terminator is sent to eliminate the future leader of the resistance. In a fight to save mankind, battle-hardened Sarah Connor teams up with an unexpected ally and an enhanced super soldier to stop the deadliest Terminator yet.",9.0706,/vqzNJRH4YyquRiWxCCOH0aXggHI.jpg,2019-10-23,False,False,6.417,5651,185000000,261119292,128,462500000.0,0.5645822529729729,0.41145563243243244,2019,10
False,/5PfHGXosySGs0l1JfeREspy3v6G.jpg,"[878, 28, 12]",1924,Superman,en,Superman,"Mild-mannered Clark Kent works as a reporter at the Daily Planet alongside his crush, Lois Lane. Clark must summon his superhero alter-ego when the nefarious Lex Luthor launches a plan to take over the world.",9.066,/d7px1FQxW4tngdACVRsCSaZq0Xl.jpg,1978-12-14,False,False,7.164,4264,55000000,300478449,144,137500000.0,2.185297810909091,4.463244527272727,1978,12
False,/f3ATwil5vmUeTsogBaMEKbBYBth.jpg,"[18, 10752, 9648]",46738,Incendies,fr,Incendies,"A mother's last wishes send twins Jeanne and Simon on a journey to Middle East in search of their tangled roots. Adapted from Wajdi Mouawad's acclaimed play, Incendies tells the powerful and moving tale of two young adults' voyage to the core of deep-rooted hatred, never-ending wars and enduring love.",9.0612,/yH6DAQVgbyj72S66gN4WWVoTjuf.jpg,2010-09-17,False,False,8.102,3264,6800000,6788659,131,17000000.0,0.3993328823529412,-0.0016677941176470588,2010,9
False,/aOzTr5FxlS06ppd5a5KaqKwOPgx.jpg,"[18, 878, 9648]",686,Contact,en,Contact,"A radio astronomer receives the first extraterrestrial radio signal ever picked up on Earth. As the world powers scramble to decipher the message and decide upon a course of action, she must make some difficult decisions between her beliefs, the truth, and reality.",9.042,/bCpMIywuNZeWt3i5UMLEIc0VSwM.jpg,1997-07-11,False,False,7.4,4979,90000000,171120329,150,225000000.0,0.7605347955555556,0.9013369888888889,1997,7
False,/eezsbzYPbYKjjh6E1XHDBNlLynh.jpg,"[878, 28, 12, 35]",98566,Teenage Mutant Ninja Turtles,en,Teenage Mutant Ninja Turtles,"When a kingpin threatens New York City, a group of mutated turtle warriors must emerge from the shadows to protect their home.",9.0322,/azL2ThbJMIkts3ZMt3j1YgBUeDB.jpg,2014-08-07,False,False,5.928,7174,125000000,485004754,101,312500000.0,1.5520152128,2.880038032,2014,8
False,/jhM3wgWUrrOkz9r4xwV5cV5RhI4.jpg,[878],17654,District 9,en,District 9,"Thirty years ago, aliens arrive on Earth. Not to conquer or give aid, but to find refuge from their dying planet. Separated from humans in a South African area called District 9, the aliens are managed by Multi-National United, which is unconcerned with the aliens' welfare but will do anything to master their advanced technology. When a company field agent contracts a mysterious virus that begins to alter his DNA, there is only one place he can hide: District 9.",9.0301,/tuGlQkqLxnodDSk6mp5c2wvxUEd.jpg,2009-08-05,False,False,7.467,10317,30000000,210888950,112,75000000.0,2.8118526666666668,6.029631666666667,2009,8
False,/9fbAlFZjGz8Xkfs93EefMwZiDQM.jpg,"[28, 12, 878]",49529,John Carter,en,John Carter,"John Carter is a war-weary, former military captain who's inexplicably transported to the mysterious and exotic planet of Barsoom (Mars) and reluctantly becomes embroiled in an epic conflict. It's a world on the brink of collapse, and Carter rediscovers his humanity when he realizes the survival of Barsoom and its people rests in his hands.",9.029,/lCxz1Yus07QCQQCb6I0Dr3Lmqpx.jpg,2012-03-07,False,False,6.366,6089,263700000,284100000,132,659250000.0,0.43094425483503984,0.07736063708759955,2012,3
False,/vVBcIN68kFq681b4lObiNJhEVro.jpg,"[18, 10749]",453,A Beautiful Mind,en,A Beautiful Mind,"From the heights of notoriety to the depths of depravity, John Forbes Nash Jr. experiences it all. As a brilliant but socially awkward mathematician, he made a groundbreaking discovery early in his career and stands on the brink of international acclaim. But as the handsome and arrogant Nash accepts secret work in cryptography, he becomes entangled in a mysterious conspiracy. His life takes a nightmarish turn and he soon finds himself on a painful and harrowing journey of self-discovery.",9.0257,/rEIg5yJdNOt9fmX4P8gU9LeNoTQ.jpg,2001-12-14,False,False,7.854,11059,58000000,316791257,135,145000000.0,2.184767289655172,4.461918224137931,2001,12
False,/5EKplo61HbA5sMGAN0XAvzdo1MX.jpg,"[28, 53, 878]",752,V for Vendetta,en,V for Vendetta,"In a world in which Great Britain has become a fascist state, a masked vigilante known only as “V” conducts guerrilla warfare against the oppressive British government. When V rescues a young woman from the secret police, he finds in her an ally with whom he can continue his fight to free the people of Britain.",9.0236,/piZOwjyk1g51oPHonc7zaQY3WOv.jpg,2006-02-23,False,False,7.9,15532,54000000,134686457,132,135000000.0,0.9976774592592592,1.4941936481481481,2006,2
False,/shqLeIkqPAAXM8iT6wVDiXUYz1p.jpg,"[16, 14, 10751]",12429,Ponyo,ja,崖の上のポニョ,"When Sosuke, a young boy who lives on a clifftop overlooking the sea, rescues a stranded goldfish named Ponyo, he discovers more than he bargained for. Ponyo is a curious, energetic young creature who yearns to be human, but even as she causes chaos around the house, her father, a powerful sorcerer, schemes to return Ponyo to the sea.",9.009,/yp8vEZflGynlEylxEesbYasc06i.jpg,2008-07-19,False,False,7.755,4794,34000000,202404009,100,85000000.0,2.3812236352941176,4.953059088235294,2008,7
False,/eVHVwP71el20fofkCHo78ebQv7Q.jpg,"[28, 12, 35, 80, 878]",343668,Kingsman: The Golden Circle,en,Kingsman: The Golden Circle,"When an attack on the Kingsman headquarters takes place and a new villain rises, Eggsy and Merlin are forced to work together with the American agency known as the Statesman to save the world.",8.9972,/34xBL6BXNYFqtHO9zhcgoakS4aP.jpg,2017-09-20,False,False,6.945,11117,104000000,410902662,141,260000000.0,1.5803948538461539,2.9509871346153846,2017,9
False,/2pOd80PQSJ9cUbli7PDeX59q3vQ.jpg,"[27, 9648]",397243,The Autopsy of Jane Doe,en,The Autopsy of Jane Doe,"Father and son coroners receive a mysterious unidentified corpse with no apparent cause of death. As they attempt to examine the ""Jane Doe,"" they discover increasingly bizarre clues that hold the key to her terrifying secrets.",8.9942,/6K0wjP8kPCiPYy9PtXBGuypyt5I.jpg,2016-12-21,False,False,6.834,4705,4000000,6170043,86,10000000.0,0.6170043,0.54251075,2016,12
False,/lyBH2mFFU6qrHwD5QKotL2JnEb6.jpg,"[28, 35, 53]",1195506,Novocaine,en,Novocaine,"When the girl of his dreams is kidnapped, everyman Nate turns his inability to feel pain into an unexpected strength in his fight to get her back.",8.9941,/xmMHGz9dVRaMY6rRAlEX4W0Wdhm.jpg,2025-03-12,False,False,6.787,1571,18000000,34536061,110,45000000.0,0.7674680222222222,0.9186700555555556,2025,3
False,/gANMasppEDQk95SvLsFNHtfBYNy.jpg,"[18, 16, 10751]",10545,The Hunchback of Notre Dame,en,The Hunchback of Notre Dame,"Isolated bell-ringer Quasimodo wishes to leave Notre Dame tower against the wishes of Judge Claude Frollo, his stern guardian and Paris' strait-laced Minister of Justice. His first venture to the outside world finds him Esmeralda, a kind-hearted and fearless Romani woman who openly stands up to Frollo's tyranny.",8.99,/hImMgT9B27evYSRmfztqdDtX6qi.jpg,1996-06-21,False,False,7.128,5347,100000000,325300000,91,250000000.0,1.3012,2.253,1996,6
False,/ycO5QdrnVI90KaPhfnQI9OgRJlp.jpg,"[18, 28]",677179,Creed III,en,Creed III,"After dominating the boxing world, Adonis Creed has thrived in his career and family life. When a childhood friend and former boxing prodigy, Damian Anderson, resurfaces after serving a long sentence in prison, he is eager to prove that he deserves his shot in the ring. The face-off between former friends is more than just a fight. To settle the score, Adonis must put his future on the line to battle Damian — a fighter with nothing to lose.",8.977,/cvsXj3I9Q2iyyIo95AecSd1tad7.jpg,2023-03-01,False,False,7.078,2867,75000000,275300000,116,187500000.0,1.4682666666666666,2.6706666666666665,2023,3
False,/hmAOMwVeJfdWXgK1Ikyl2eYkE99.jpg,"[16, 10751]",62211,Monsters University,en,Monsters University,A look at the relationship between Mike and Sulley during their days at Monsters University — when they weren't necessarily the best of friends.,8.976,/y7thwJ7z5Bplv6vwl6RI0yteaDD.jpg,2013-06-19,False,False,7.046,11282,200000000,743559465,104,500000000.0,1.48711893,2.717797325,2013,6
False,/AVWlQpVhpudyFsSh3OQIieHHYf.jpg,"[18, 80, 53]",889737,Joker: Folie à Deux,en,Joker: Folie à Deux,"While struggling with his dual identity, Arthur Fleck not only stumbles upon true love, but also finds the music that's always been inside him.",8.9673,/aciP8Km0waTLXEYf5ybFK5CSUxl.jpg,2024-10-01,False,False,5.403,2903,190000000,207500287,138,475000000.0,0.4368427094736842,0.09210677368421052,2024,10
False,/yBov7O4eXDcBLDpZrOHZzFr8rIl.jpg,"[16, 35, 12, 10751]",459151,The Boss Baby: Family Business,en,The Boss Baby: Family Business,The Templeton brothers — Tim and his Boss Baby little bro Ted — have become adults and drifted away from each other. But a new boss baby with a cutting-edge approach and a can-do attitude is about to bring them together again … and inspire a new family business.,8.9663,/kv2Qk9MKFFQo4WQPaYta599HkJP.jpg,2021-07-01,False,False,7.331,2682,82000000,146745280,107,205000000.0,0.7158306341463415,0.7895765853658536,2021,7
False,/w4pRLYYbhHn3sh9kqRgPZM6GjyS.jpg,"[878, 12, 28]",609681,The Marvels,en,The Marvels,"When her duties send her to an anomalous wormhole linked to a Kree revolutionary, Carol's powers become entangled with that of Jersey City super-fan Kamala Khan, aka Ms. Marvel, and Carol's estranged niece, now S.A.B.E.R. astronaut Captain Monica Rambeau. Together, this unlikely trio must team up and learn to work in concert to save the universe.",8.9623,/9GBhzXMFjgcZ3FdR9w3bUMMTps5.jpg,2023-11-08,False,False,5.943,3362,274800000,206136825,105,687000000.0,0.30005360262008735,-0.24986599344978166,2023,11
False,/aH63TQfTFgAT8tYZs0CjDsqfMo2.jpg,"[18, 35]",400928,Gifted,en,Gifted,"Frank, a single man raising his child prodigy niece Mary, is drawn into a custody battle with his mother.",8.9543,/9Ts7Vc4wLlpI9oox9mkVUE1tBHy.jpg,2017-04-07,False,False,7.998,5931,7000000,40300000,101,17500000.0,2.302857142857143,4.757142857142857,2017,4
False,/pgG6tzJzC8mjGqhaT8IWwEk00xf.jpg,"[28, 80, 53]",393,Kill Bill: Vol. 2,en,Kill Bill: Vol. 2,"The Bride unwaveringly continues on her roaring rampage of revenge against the band of assassins who had tried to kill her and her unborn child. She visits each of her former associates one-by-one, checking off the victims on her Death List Five until there's nothing left to do … but kill Bill.",8.9524,/2yhg0mZQMhDyvUQ4rG1IZ4oIA8L.jpg,2004-04-16,False,False,7.877,15035,30000000,152159461,136,75000000.0,2.0287928133333333,4.071982033333334,2004,4
False,/t4V34FTYzZl0ZMdAXAK0T7DE3ie.jpg,"[28, 12, 16, 878, 53]",12244,9,en,9,"When 9 first comes to life, he finds himself in a post-apocalyptic world. All humans are gone, and it is only by chance that he discovers a small community of others like him taking refuge from fearsome machines that roam the earth intent on their extinction. Despite being the neophyte of the group, 9 convinces the others that hiding will do them no good.",8.9285,/3uqXGOH4BQ2CLJWkDJZ0PzbUzOn.jpg,2009-08-19,False,False,6.952,3872,30000000,48428063,79,75000000.0,0.6457075066666667,0.6142687666666666,2009,8
False,/gHmR2WIqPqrFzPxqknlOEOgbrrl.jpg,"[35, 10749]",1824,50 First Dates,en,50 First Dates,"Henry is a player skilled at seducing women. But when this veterinarian meets Lucy, a girl with a quirky problem when it comes to total recall, he realizes it's possible to fall in love all over again…and again, and again. That's because the delightful Lucy has no short-term memory, so Henry must woo her day after day until he finally sweeps her off her feet.",8.9233,/lzUI2Cg7OMfcUNv3f7MywYNBjs6.jpg,2004-02-13,False,False,6.873,7709,75000000,196482882,99,187500000.0,1.047908704,1.61977176,2004,2
False,/lVfqLDmfrxIXFU2TcWTsG3ePdER.jpg,"[10751, 16, 12, 35]",5559,Bee Movie,en,Bee Movie,"Barry B. Benson, a recent college graduate who wants more out of his life than making honey, decides to sue the human race after learning about the exploitation of bees at the hands of mankind. What will happen next?",8.9224,/aWe27GmvfVYAd7p0KEtJZWwLWk5.jpg,2007-10-28,False,False,6.041,5259,150000000,287594577,91,375000000.0,0.766918872,0.91729718,2007,10
False,/xFYpUmB01nswPgbzi8EOCT1ZYFu.jpg,"[12, 18, 28]",980489,Gran Turismo,en,Gran Turismo,The ultimate wish-fulfillment tale of a teenage Gran Turismo player whose gaming skills won him a series of Nissan competitions to become an actual professional racecar driver.,8.922,/51tqzRtKMMZEYUpSYkrUE7v9ehm.jpg,2023-08-09,False,False,7.705,3380,60000000,121700000,135,150000000.0,0.8113333333333334,1.0283333333333333,2023,8
False,/cdYj6HFpKp5NTmLiHHbNEGSmDT4.jpg,"[35, 10749]",9919,How to Lose a Guy in 10 Days,en,How to Lose a Guy in 10 Days,"It's the battle of wills, as Andie needs to prove she can dump a guy in 10 days, whereas Ben needs to prove he can win a girl in 10 days. Now, the clock is ticking—and the wildly entertaining comedy smash is off and running in this irresistible tale of sex, lies and outrageous romantic fireworks!",8.9212,/2dlftyPz7mTYbrsPvTogyFmYd7d.jpg,2003-02-07,False,False,6.865,4461,50000000,177500000,116,125000000.0,1.42,2.55,2003,2
False,/evUB9YKE5IPPtQOchcEF6hS90BO.jpg,"[18, 9648, 80]",37257,Witness for the Prosecution,en,Witness for the Prosecution,An ailing barrister is thrust back into the courtroom in what becomes one of the most unusual and eventful murder cases of the lawyer's career when he finds himself defending a man being tried for the murder of a socialite.,8.919,/bCj4EfuehAlgBwVd3diyWyhuuau.jpg,1957-12-17,False,False,8.204,1686,3000000,9000000,116,7500000.0,1.2,2.0,1957,12
False,/nl18gyzai02Tu99VkURu7kCFrR8.jpg,"[28, 12]",184315,Hercules,en,Hercules,"When a new enemy threatens the innocent, Hercules must lead his fearless team of warriors in a battle against overwhelming odds.",8.9184,/sKNIwY6UENCJ36FvYvnBW3Vdzt7.jpg,2014-07-23,False,False,5.798,4336,100000000,244819862,98,250000000.0,0.979279448,1.44819862,2014,7
False,/eA15zhxnhQSg4k5MUbbTERIU23Z.jpg,"[18, 80, 12]",1541,Thelma & Louise,en,Thelma & Louise,"Taking a break from their dreary lives, close friends Thelma and Louise embark on a short weekend trip that ends in unforeseen incriminating circumstances. As fugitives, both women rediscover the strength of their bond and their newfound resilience.",8.9165,/gQSUVGR80RVHxJywtwXm2qa1ebi.jpg,1991-05-24,False,False,7.6,3856,16000000,45361000,130,40000000.0,1.134025,1.8350625,1991,5
False,/gTghF8ardwJ48XLHkiapWk3ZmSo.jpg,"[80, 35]",107,Snatch,en,Snatch,"Unscrupulous boxing promoters, violent bookies, a Russian gangster, incompetent amateur robbers, and supposedly Jewish jewellers fight to track down a priceless stolen diamond.",8.9165,/kJZoAHq1SLDdWjeNGtlHAnGpmFV.jpg,2000-09-01,False,False,7.8,9954,100000000,83557872,103,250000000.0,0.334231488,-0.16442128,2000,9
False,/2TPoqmatGDfBOiRxqNoL11ncCJe.jpg,"[27, 53]",1111873,Abigail,en,Abigail,"A group of criminals kidnap a teenage ballet dancer, the daughter of a notorious gang leader, in order to obtain a ransom of $50 million, but over time, they discover that she is not just an ordinary girl. After the kidnappers begin to diminish, one by one, they discover, to their increasing horror, that they are locked inside with no normal little girl.",8.9152,/5gKKSoD3iezjoL7YqZONjmyAiRA.jpg,2024-04-16,False,False,6.667,2056,28000000,43015969,109,70000000.0,0.6145138428571428,0.5362846071428572,2024,4
False,/zbV32WKHFuEYLXLTpr0rmVjQn11.jpg,"[53, 28, 14]",1250,Ghost Rider,en,Ghost Rider,"In order to save his dying father, young stunt cyclist Johnny Blaze sells his soul to Mephistopheles and sadly parts from the pure-hearted Roxanne Simpson, the love of his life. Years later, Johnny's path crosses again with Roxanne, now a go-getting reporter, and also with Mephistopheles, who offers to release Johnny's soul if Johnny becomes the fabled, fiery 'Ghost Rider'.",8.9081,/1pyU94dAY7npDQCKuxCSyX9KthN.jpg,2007-01-15,False,False,5.596,6437,110000000,228738393,114,275000000.0,0.8317759745454546,1.0794399363636364,2007,1
False,/n3VpgjdOB1DkHSUe1DbFzV8ncpJ.jpg,"[14, 28, 53, 878]",8698,The League of Extraordinary Gentlemen,en,The League of Extraordinary Gentlemen,"To prevent a world war from breaking out, famous characters from Victorian literature band together to do battle against a cunning villain.",8.8941,/kdAuVFP63XXxnb983ry2pLCKd9S.jpg,2003-07-11,False,False,5.996,4354,78000000,179265204,110,195000000.0,0.9193087384615385,1.298271846153846,2003,7
False,/kODNw6GJNdgldUMEhKPlCw8wQCr.jpg,[18],312221,Creed,en,Creed,"The former World Heavyweight Champion Rocky Balboa serves as a trainer and mentor to Adonis Johnson, the son of his late friend and former rival Apollo Creed.",8.8863,/1BfTsk5VWuw8FCocAhCyqnRbEzq.jpg,2015-11-25,False,False,7.404,7936,37000000,173600000,133,92500000.0,1.8767567567567567,3.691891891891892,2015,11
False,/1cO6OQJxz7YhTZ4V1OlkYfebeJa.jpg,"[28, 878, 12]",95,Armageddon,en,Armageddon,"When an asteroid threatens to collide with Earth, NASA honcho Dan Truman determines the only way to stop it is to drill into its surface and detonate a nuclear bomb. This leads him to renowned driller Harry Stamper, who agrees to helm the dangerous space mission provided he can bring along his own hotshot crew. Among them is the cocksure A.J. who Harry thinks isn't good enough for his daughter, until the mission proves otherwise.",8.8832,/eTM3qtGhDU8cvjpoa6KEt5E2auU.jpg,1998-07-01,False,False,6.831,8554,140000000,553799566,151,350000000.0,1.5822844742857143,2.9557111857142857,1998,7
False,/wb34q3VgzHgL8frVMywrN3wXmqx.jpg,"[27, 35]",747,Shaun of the Dead,en,Shaun of the Dead,"Shaun lives a supremely uneventful life, which revolves around his girlfriend, his mother, and, above all, his local pub. This gentle routine is threatened when the dead return to life and make strenuous attempts to snack on ordinary Londoners.",8.8829,/dgXPhzNJH8HFTBjXPB177yNx6RI.jpg,2004-04-09,False,False,7.542,9315,6000000,39396175,99,15000000.0,2.626411666666667,5.566029166666667,2004,4
False,/lWNASscWXn32Asr9vkB1wq6cKvD.jpg,"[12, 9648, 80]",58574,Sherlock Holmes: A Game of Shadows,en,Sherlock Holmes: A Game of Shadows,"There is a new criminal mastermind at large (Professor Moriarty) and not only is he Holmes’ intellectual equal, but his capacity for evil and lack of conscience may give him an advantage over the detective.",8.8778,/y1MYZkwhZK6L0Jy4YMuPktzDOfn.jpg,2011-11-22,False,False,7.145,10918,125000000,334615000,129,312500000.0,1.070768,1.67692,2011,11
False,/tb0uo01w2kDHiQwTszsLlSusAm4.jpg,"[28, 878, 27]",315011,Shin Godzilla,ja,シン・ゴジラ,"When a massive, gilled monster emerges from the deep and tears through the city, the government scrambles to save its citizens.  A rag-tag team of volunteers cuts through a web of red tape to uncover the monster's weakness and its mysterious ties to a foreign superpower.  But time is not on their side - the greatest catastrophe to ever befall the world is about to evolve right before their very eyes.",8.8649,/jPNShaWZMpVF0iQ7j1dvTuZLD20.jpg,2016-07-29,False,False,7.224,1560,15000000,78053145,120,37500000.0,2.0814172,4.203543,2016,7
False,/xMJvffWIaW9MtlY9aIXKViUNeIO.jpg,"[35, 878, 18]",646380,Don't Look Up,en,Don't Look Up,Two astronomers go on a media tour to warn humankind of a planet-killing comet hurtling toward Earth. The response from a distracted world: Meh.,8.8376,/th4E1yqsE8DGpAseLiUrI60Hf8V.jpg,2021-12-08,False,False,7.065,9323,75000000,791863,138,187500000.0,0.004223269333333333,-0.9894418266666667,2021,12
False,/b5IB4VGjR818tTNcCLHQCIFwQmW.jpg,"[28, 80, 53]",10431,War,en,War,"FBI agent Jack Crawford is out for revenge when his partner is killed and all clues point to the mysterious assassin Rogue. But when Rogue turns up years later to take care of some unfinished business, he triggers a violent clash of rival gangs. Will the truth come out before it's too late? And when the dust settles, who will remain standing?",8.8371,/scFc8RD4sFxB2x0eIOaymphMnYh.jpg,2007-08-24,False,False,6.398,2038,25000000,40452643,103,62500000.0,0.647242288,0.61810572,2007,8
False,/iYdgEUE2W2aJkgqfSjf1x3gFfuV.jpg,"[28, 12, 878]",363088,Ant-Man and the Wasp,en,Ant-Man and the Wasp,"Just when his time under house arrest is about to end, Scott Lang once again puts his freedom at risk to help Hope van Dyne and Dr. Hank Pym dive into the quantum realm and try to accomplish, against time and any chance of success, a very dangerous rescue mission.",8.8342,/2mnK5VtjzYRWvQB1zLhZWtAJwzk.jpg,2018-07-04,False,False,6.903,14164,140000000,622674139,119,350000000.0,1.7790689685714285,3.4476724214285714,2018,7
False,/ihKsZZYMbyHXC1L7s90WDLITdC5.jpg,"[28, 12, 53]",76163,The Expendables 2,en,The Expendables 2,"Mr. Church reunites the Expendables for what should be an easy paycheck, but when one of their men is murdered on the job, their quest for revenge puts them deep in enemy territory and up against an unexpected threat.",8.8319,/74rTIGyGoIu5KSxDVMdr8H3MtMo.jpg,2012-08-08,False,False,6.353,7164,100000000,314975955,103,250000000.0,1.25990382,2.14975955,2012,8
False,/27Mj3rFYP3xqFy7lnz17vEd8Ms.jpg,"[28, 53]",725201,The Gray Man,en,The Gray Man,"When a shadowy CIA agent uncovers damning agency secrets, he's hunted across the globe by a sociopathic rogue operative who's put a bounty on his head.",8.8251,/8cXbitsS6dWQ5gfMTZdorpAAzEH.jpg,2022-07-13,False,False,6.901,4212,200000000,454023,128,500000000.0,0.000908046,-0.997729885,2022,7
False,/wubUakLEAAnKeXmuTks5insTKQx.jpg,[27],37169,The Human Centipede (First Sequence),en,The Human Centipede (First Sequence),"During a stopover in Germany in the middle of a carefree road trip through Europe, two American girls find themselves alone at night when their car breaks down in the woods. Searching for help at a nearby villa, they are wooed into the clutches of a deranged retired surgeon, who has a very disturbed vision.",8.8251,/gMtjxIkEi0hnTV5lPHbgeZ4ZpUZ.jpg,2009-10-31,False,False,5.186,2380,2000000,252207,92,5000000.0,0.0504414,-0.8738965,2009,10
False,/fIWsCpYR9iGDMSbMTSAzy8L7Kg5.jpg,"[12, 28, 53]",710,GoldenEye,en,GoldenEye,"When a powerful secret defense system is stolen, James Bond is assigned to stop a Russian crime syndicate from using it.",8.8114,/z0ljRnNxIO7CRBhLEO0DvLgAFPR.jpg,1995-11-16,False,False,6.902,4321,60000000,352194034,130,150000000.0,2.347960226666667,4.869900566666667,1995,11
False,/uqOuJ50EtTj7kkDIXP8LCg7G45D.jpg,"[18, 878]",264660,Ex Machina,en,Ex Machina,"Caleb, a coder at the world's largest internet company, wins a competition to spend a week at a private mountain retreat belonging to Nathan, the reclusive CEO of the company. But when Caleb arrives at the remote location he finds that he will have to participate in a strange and fascinating experiment in which he must interact with the world's first true artificial intelligence, housed in the body of a beautiful robot girl.",8.808,/dmJW8IAKHKxFNiUnoDR7JfsK7Rp.jpg,2015-01-21,False,False,7.573,14236,15000000,36869414,108,37500000.0,0.9831843733333333,1.4579609333333334,2015,1
False,/m03jul0YdVEOFXEQVUv6pOVQYGL.jpg,"[16, 35, 10751, 14]",400155,Hotel Transylvania 3: Summer Vacation,en,Hotel Transylvania 3: Summer Vacation,"Dracula, Mavis, Johnny and the rest of the Drac Pack take a vacation on a luxury Monster Cruise Ship, where Dracula falls in love with the ship’s captain, Ericka, who’s secretly a descendant of Abraham Van Helsing, the notorious monster slayer.",8.8027,/lzE5BwGQea1nek7TPXUuC5AZ6rq.jpg,2018-06-28,False,False,6.852,4694,80000000,528600000,97,200000000.0,2.643,5.6075,2018,6
False,/1ZVlzOBYCggLzvVYHK7Im6LohjC.jpg,"[14, 10751, 35]",1593,Night at the Museum,en,Night at the Museum,"Chaos reigns at the natural history museum when night watchman Larry Daley accidentally stirs up an ancient curse, awakening Attila the Hun, an army of gladiators, a Tyrannosaurus rex and other exhibits.",8.7862,/pDsAAYf6Zn0yiAGJ6lYGs6hoZ4E.jpg,2006-12-20,False,False,6.6,10938,110000000,574480841,108,275000000.0,2.08902124,4.2225531,2006,12
False,/dZM71rHXh3Oo3WZlw8YpMMsoVB5.jpg,"[80, 18, 9648, 53]",1592,Primal Fear,en,Primal Fear,"Defense attorney Martin Vail takes on jobs for money and prestige rather than any sense of the greater good. His latest case involves an altar boy, accused of brutally murdering the archbishop of Chicago. Vail finds himself up against his ex-pupil and ex-lover, but as the case progresses and the Church's dark secrets are revealed, Vail finds that what appeared a simple case takes on a darker, more dangerous aspect.",8.7799,/qJf2TzE8nRTFbFMPJNW6c8mI0KU.jpg,1996-04-03,False,False,7.659,3913,30000000,102616183,130,75000000.0,1.3682157733333333,2.4205394333333334,1996,4
False,/lbs1ood36hzj0O0cqW2a8MqptOh.jpg,"[28, 53, 80]",9335,Transporter 2,en,Transporter 2,"Professional driver, and former Special Forces officer, Frank Martin is living in Miami, where he is temporarily filling in for a friend as the chauffeur for a government narcotics control policy director and his family. The young boy in the family is targeted for kidnapping, and Frank immediately becomes involved in protecting the child and exposing the kidnappers.",8.7786,/cdm17vK8PxHfTi7ayZf6WKbOgUO.jpg,2005-08-03,False,False,6.328,3939,32000000,89100000,88,80000000.0,1.11375,1.784375,2005,8
False,/sZhY0BAsN1bMAPLIqMRqG1fqb3A.jpg,"[12, 16, 10751]",10009,Brother Bear,en,Brother Bear,"When an impulsive boy named Kenai is magically transformed into a bear, he must literally walk in another's footsteps until he learns some valuable life lessons. His courageous and often zany journey introduces him to a forest full of wildlife, including the lovable bear cub Koda, hilarious moose Rutt and Tuke, woolly mammoths and rambunctious rams.",8.7775,/otptPbEY0vBostmo95xwiiumMJm.jpg,2003-10-23,False,False,7.274,5743,128000000,250397798,85,320000000.0,0.78249311875,0.956232796875,2003,10
False,/en3GU5uGkKaYmSyetHV4csHHiH3.jpg,"[10752, 28, 18]",929590,Civil War,en,Civil War,"In the near future, a group of war journalists attempt to survive while reporting the truth as the United States stands on the brink of civil war.",8.7706,/sh7Rg8Er3tFcN9BpKIPOMvALgZd.jpg,2024-04-10,False,False,6.859,4308,50000000,126542249,109,125000000.0,1.012337992,1.53084498,2024,4
False,/xnShZK7y4lupUmXghz75HRSooW9.jpg,[27],9373,The Texas Chainsaw Massacre,en,The Texas Chainsaw Massacre,"After picking up a traumatized young hitchhiker, five friends find themselves stalked and hunted by a chainsaw-wielding killer and his family of equally psychopathic killers.",8.7704,/781px1eOtfVt1RdIsL4Dt1s3x7R.jpg,2003-05-21,False,False,6.301,2894,9500000,107385515,98,23750000.0,4.521495368421053,10.303738421052632,2003,5
False,/kWYHKVCl2aD3kRco4eRUr4h6LsD.jpg,"[18, 36, 10752, 28]",2024,The Patriot,en,The Patriot,"After proving himself on the field of battle in the French and Indian War, Benjamin Martin wants nothing more to do with such things, preferring the simple life of a farmer. But when his son Gabriel enlists in the army to defend their new nation, America, against the British, Benjamin reluctantly returns to his old life to protect his son.",8.7588,/fWZd815QxUCUcrWQZwUkAp9ljG.jpg,2000-06-28,False,False,7.193,4302,110000000,215294342,165,275000000.0,0.7828885163636363,0.9572212909090909,2000,6
False,/jZkkch6yrP1tVVfEU2uqwej9rBM.jpg,"[35, 10749, 18]",10184,He's Just Not That Into You,en,He's Just Not That Into You,"Have you ever wondered why they said they would call but didn't, or why they don't want to sleep with you anymore, or why your relationship isn't going to the next level? Maybe they're just not that into you. Gigi wants a man who says he'll call her - and actually does - while Alex advises her to stop waiting by the phone. Beth wants a proposal after years of a committed relationship with her boyfriend, Neil, who is just fine with the way things are. Janine's not sure if she can trust her husband, Ben, who can't quite trust himself around Anna. Anna can't decide between the sexy married guy or her straightforward, no-sparks standby, Conor, who can't get over the fact that he can't have her. And Mary, who's found an entire network of loving, supportive men, just needs to find one who's straight.",8.7252,/jip2ap24Y6JxEgzVRyNqyYssnyR.jpg,2009-02-06,False,False,6.627,4040,40000000,178866158,129,100000000.0,1.78866158,3.47165395,2009,2
False,/7isarjYDEKZ5t1CgcvbuqEUby8P.jpg,[27],9532,Final Destination,en,Final Destination,"After a teenager has a terrifying vision of him and his friends dying in a plane crash, he prevents the accident only to have Death hunt them down, one by one.",8.7243,/1mXhlQMnlfvJ2frxTjZSQNnA9Vp.jpg,2000-03-17,False,False,6.634,6655,23000000,112880294,98,57500000.0,1.963135547826087,3.9078388695652175,2000,3
False,/nF74HKjNe7X54XMcIc7ulK5InxR.jpg,[35],4256,Scary Movie 3,en,Scary Movie 3,"In the third installment of the Scary Movie franchise, news anchorwoman Cindy Campbell has to investigate mysterious crop circles and killing video tapes, and help the President stop an alien invasion in the process.",8.7153,/lpNG1nx67rvYze1b1R9q0YoSzrC.jpg,2003-10-24,False,False,5.964,4463,45000000,220673217,84,112500000.0,1.9615397066666667,3.9038492666666667,2003,10
False,/2kVt8oj1cSz4GAP0Hi8SESOiH0T.jpg,"[28, 878, 12, 9648]",75612,Oblivion,en,Oblivion,"Jack Harper is one of the last few drone repairmen stationed on Earth. Part of a massive operation to extract vital resources after decades of war with a terrifying threat known as the Scavs, Jack’s mission is nearly complete. His existence is brought crashing down when he rescues a beautiful  stranger from a downed spacecraft. Her arrival triggers a chain of events that  forces him to question everything he knows and puts the fate of humanity in his hands.",8.7102,/bYLM3GpNUZnoFElPXp1zlhDPdtv.jpg,2013-04-10,False,False,6.677,11484,120000000,286168572,124,300000000.0,0.95389524,1.3847381,2013,4
False,/rspbS1E9wJtslrb8amfJgtMBUVh.jpg,"[27, 878]",924,Dawn of the Dead,en,Dawn of the Dead,"A group of survivors take refuge in a shopping mall after the world is taken over by aggressive, flesh-eating zombies.",8.698,/ttquyxStEEctzghtA2f4PUGprDr.jpg,2004-03-19,False,False,7.061,4479,26000000,102278712,101,65000000.0,1.5735186461538462,2.9337966153846153,2004,3
False,/27jtaS1oCiLK5Y7P6iOXG2yj1Nc.jpg,[27],968051,The Nun II,en,The Nun II,"In 1956 France, a priest is violently murdered, and Sister Irene begins to investigate. She once again comes face-to-face with a powerful evil.",8.694,/5gzzkR7y3hnY8AD1wXjCnVlHba5.jpg,2023-09-06,False,False,6.641,2456,38500000,269670590,110,96250000.0,2.801772363636364,6.004430909090909,2023,9
False,/yVSgw4UyXWg0Edl7KMehdhhgIwL.jpg,"[878, 28, 53]",34851,Predators,en,Predators,A group of cold-blooded killers find themselves trapped on an alien planet to be hunted by extraterrestrial Predators.,8.6853,/wdniP8NDaJIydi1hMxhpbJMUfr6.jpg,2010-07-07,False,False,6.3,4614,40000000,127233108,107,100000000.0,1.27233108,2.1808277,2010,7
False,/vsCIw7ARCKQVPT2K2hkkFVl7yo5.jpg,"[35, 10749]",9602,Coming to America,en,Coming to America,"An African prince decides it’s time for him to find a princess... and his mission leads him and his most loyal friend to Queens, New York. In disguise as an impoverished immigrant, the pampered prince quickly finds himself a new job, new friends, new digs, new enemies and lots of trouble.",8.6821,/8YZiA1o264dk0cr1USyMdph6SZl.jpg,1988-06-29,False,False,6.879,4733,30000000,288752301,117,75000000.0,3.85003068,8.6250767,1988,6
False,/i4ZougHEyBAboDpi6jsaTUDTjUl.jpg,"[14, 53, 28, 12, 27]",282035,The Mummy,en,The Mummy,"Though safely entombed in a crypt deep beneath the unforgiving desert, an ancient queen whose destiny was unjustly taken from her is awakened in our current day, bringing with her malevolence grown over millennia, and terrors that defy human comprehension.",8.6783,/zxkY8byBnCsXodEYpK8tmwEGXBI.jpg,2017-06-06,False,False,5.517,7624,125000000,409231607,110,312500000.0,1.3095411424,2.273852856,2017,6
False,/ld7V9BjMk2xtiBNcR8savyyk5ca.jpg,"[14, 12, 18, 10751, 53]",283366,Miss Peregrine's Home for Peculiar Children,en,Miss Peregrine's Home for Peculiar Children,A teenager finds himself transported to an island where he must help protect a group of orphans with special powers from creatures intent on destroying them.,8.6673,/CIlbMFOfYDj0MP23hsIYhFGrL6.jpg,2016-09-28,False,False,6.837,10467,110000000,296482446,127,275000000.0,1.0781179854545455,1.6952949636363637,2016,9
